nohup: ignoring input
🔧 Using device: cuda
   GPU: NVIDIA GeForce RTX 3060
   Memory: 12.63 GB
📖 Loading samples from /home/goatoine/Documents/Lanyue/data/data_for_GCN/data_basic_GCN/case1888rte_0414_samples.npz
✅ Loaded 24300 samples
📊 summary: 24300 samples
🔧 After deduplication: 1620 samples (from 24300)
📈 y_cls class distribution: {0: 23, 1: 59, 2: 101, 3: 94, 4: 52, 5: 84, 6: 137, 7: 232, 8: 184, 9: 169, 10: 34, 11: 101, 12: 194, 13: 96, 14: 60}
✅ y_cls distribution plot saved to: /home/goatoine/Documents/Lanyue/models/GNN/result/y_cls_distribution.png
📊 y_reg statistics:
  Min:  18.831581
  Max:  360.673981
  Mean: 58.239087
  Std:  45.431653
✅ y_reg distribution plot saved to: /home/goatoine/Documents/Lanyue/models/GNN/result/y_reg_distribution.png
✅ True regret plots saved:
   - /home/goatoine/Documents/Lanyue/models/GNN/result/reader_diagnostics/opf_vA_true_regret_heatmap_sorted.png
   - /home/goatoine/Documents/Lanyue/models/GNN/result/reader_diagnostics/opf_vA_true_regret_hist.png
   - /home/goatoine/Documents/Lanyue/models/GNN/result/reader_diagnostics/opf_vA_true_regret_by_config_box.png
🔧 After feature filtering: kept ['A_grid', 'node_load', 'y_cls', 'y_arr_reg']
🔍 Normalizing node_load: shape torch.Size([1620, 1888, 2])
🔍 MultiDimNormalizer fit: original shape torch.Size([1620, 1888, 2]) -> reshaped torch.Size([3058560, 2])
🔍 num_features: 2, original_data_shape: torch.Size([1888, 2])
[INFO] Dataset split:
  Train: 972 samples
  Val: 324 samples
  Test: 324 samples
[INFO] Input feature dimension: 2
[INFO] Class counts in training set (C=15): [14, 34, 63, 58, 27, 56, 72, 140, 106, 101, 26, 65, 111, 64, 35]
Layer 0: mean node feature std = 1.003567
Layer 1: mean node feature std = 0.268357
Layer 0: mean node feature std = 1.003235
Layer 1: mean node feature std = 0.268377
Layer 0: mean node feature std = 1.033834
Layer 1: mean node feature std = 0.277097
Layer 0: mean node feature std = 0.993260
Layer 1: mean node feature std = 0.265954
Layer 0: mean node feature std = 1.001355
Layer 1: mean node feature std = 0.268499
Layer 0: mean node feature std = 0.956777
Layer 1: mean node feature std = 0.256382
Layer 0: mean node feature std = 1.013995
Layer 1: mean node feature std = 0.272599
Layer 0: mean node feature std = 0.988092
Layer 1: mean node feature std = 0.265600
Layer 0: mean node feature std = 0.997289
Layer 1: mean node feature std = 0.268402
Layer 0: mean node feature std = 1.013509
Layer 1: mean node feature std = 0.273303
Layer 0: mean node feature std = 0.973656
Layer 1: mean node feature std = 0.262200
Layer 0: mean node feature std = 0.995757
Layer 1: mean node feature std = 0.268721
Layer 0: mean node feature std = 0.964911
Layer 1: mean node feature std = 0.260231
Layer 0: mean node feature std = 0.986529
Layer 1: mean node feature std = 0.266377
Layer 0: mean node feature std = 1.007304
Layer 1: mean node feature std = 0.272240
Layer 0: mean node feature std = 1.000757
Layer 1: mean node feature std = 0.270248
Epoch 0 | loss=2239.0051 | 2232.9976
Layer 0: mean node feature std = 1.021513
Layer 1: mean node feature std = 0.276126
Layer 0: mean node feature std = 0.993850
Layer 1: mean node feature std = 0.268232
Layer 0: mean node feature std = 0.997544
Layer 1: mean node feature std = 0.269195
Layer 0: mean node feature std = 1.021444
Layer 1: mean node feature std = 0.275817
Layer 0: mean node feature std = 0.974784
Layer 1: mean node feature std = 0.262709
Layer 0: mean node feature std = 0.975754
Layer 1: mean node feature std = 0.262723
Layer 0: mean node feature std = 0.984948
Layer 1: mean node feature std = 0.265107
Layer 0: mean node feature std = 1.041039
Layer 1: mean node feature std = 0.280531
Layer 0: mean node feature std = 0.991376
Layer 1: mean node feature std = 0.266516
Layer 0: mean node feature std = 0.991525
Layer 1: mean node feature std = 0.266472
Layer 0: mean node feature std = 0.998173
Layer 1: mean node feature std = 0.268181
Layer 0: mean node feature std = 1.009116
Layer 1: mean node feature std = 0.271222
Layer 0: mean node feature std = 0.979871
Layer 1: mean node feature std = 0.262844
Layer 0: mean node feature std = 0.993209
Layer 1: mean node feature std = 0.266502
Layer 0: mean node feature std = 0.963378
Layer 1: mean node feature std = 0.258143
Layer 0: mean node feature std = 0.976996
Layer 1: mean node feature std = 0.261994
Epoch 1 | loss=1701.8562 | 1612.6146
Layer 0: mean node feature std = 0.991490
Layer 1: mean node feature std = 0.265910
Layer 0: mean node feature std = 1.007226
Layer 1: mean node feature std = 0.270297
Layer 0: mean node feature std = 1.004444
Layer 1: mean node feature std = 0.269567
Layer 0: mean node feature std = 0.996154
Layer 1: mean node feature std = 0.267361
Layer 0: mean node feature std = 1.009506
Layer 1: mean node feature std = 0.271167
Layer 0: mean node feature std = 0.995530
Layer 1: mean node feature std = 0.267359
Layer 0: mean node feature std = 0.992731
Layer 1: mean node feature std = 0.266673
Layer 0: mean node feature std = 0.991083
Layer 1: mean node feature std = 0.266205
Layer 0: mean node feature std = 0.995354
Layer 1: mean node feature std = 0.267565
Layer 0: mean node feature std = 0.976889
Layer 1: mean node feature std = 0.262484
Layer 0: mean node feature std = 1.006242
Layer 1: mean node feature std = 0.270735
Layer 0: mean node feature std = 0.973552
Layer 1: mean node feature std = 0.261866
Layer 0: mean node feature std = 0.995894
Layer 1: mean node feature std = 0.267990
Layer 0: mean node feature std = 0.988587
Layer 1: mean node feature std = 0.266183
Layer 0: mean node feature std = 1.011080
Layer 1: mean node feature std = 0.272618
Layer 0: mean node feature std = 0.986394
Layer 1: mean node feature std = 0.265630
Epoch 2 | loss=1597.9428 | 1693.0278
Layer 0: mean node feature std = 1.010030
Layer 1: mean node feature std = 0.272373
Layer 0: mean node feature std = 0.987628
Layer 1: mean node feature std = 0.266239
Layer 0: mean node feature std = 0.990341
Layer 1: mean node feature std = 0.266998
Layer 0: mean node feature std = 0.968723
Layer 1: mean node feature std = 0.260927
Layer 0: mean node feature std = 1.007661
Layer 1: mean node feature std = 0.271874
Layer 0: mean node feature std = 1.012632
Layer 1: mean node feature std = 0.273294
Layer 0: mean node feature std = 0.982921
Layer 1: mean node feature std = 0.265186
Layer 0: mean node feature std = 0.987077
Layer 1: mean node feature std = 0.266272
Layer 0: mean node feature std = 1.000271
Layer 1: mean node feature std = 0.270050
Layer 0: mean node feature std = 1.000910
Layer 1: mean node feature std = 0.270151
Layer 0: mean node feature std = 0.990864
Layer 1: mean node feature std = 0.267440
Layer 0: mean node feature std = 1.041862
Layer 1: mean node feature std = 0.281783
Layer 0: mean node feature std = 0.999486
Layer 1: mean node feature std = 0.269901
Layer 0: mean node feature std = 0.978548
Layer 1: mean node feature std = 0.264076
Layer 0: mean node feature std = 0.989395
Layer 1: mean node feature std = 0.267094
Layer 0: mean node feature std = 0.919263
Layer 1: mean node feature std = 0.247710
Epoch 3 | loss=1703.7820 | 2160.8248
Layer 0: mean node feature std = 1.003158
Layer 1: mean node feature std = 0.271136
Layer 0: mean node feature std = 0.973002
Layer 1: mean node feature std = 0.262869
Layer 0: mean node feature std = 0.995490
Layer 1: mean node feature std = 0.269282
Layer 0: mean node feature std = 0.965785
Layer 1: mean node feature std = 0.261090
Layer 0: mean node feature std = 0.997865
Layer 1: mean node feature std = 0.270200
Layer 0: mean node feature std = 1.016784
Layer 1: mean node feature std = 0.275481
Layer 0: mean node feature std = 0.988680
Layer 1: mean node feature std = 0.267732
Layer 0: mean node feature std = 0.986570
Layer 1: mean node feature std = 0.267098
Layer 0: mean node feature std = 1.016608
Layer 1: mean node feature std = 0.275693
Layer 0: mean node feature std = 0.984118
Layer 1: mean node feature std = 0.266576
Layer 0: mean node feature std = 1.012842
Layer 1: mean node feature std = 0.274632
Layer 0: mean node feature std = 0.971313
Layer 1: mean node feature std = 0.263055
Layer 0: mean node feature std = 1.020568
Layer 1: mean node feature std = 0.276917
Layer 0: mean node feature std = 0.992478
Layer 1: mean node feature std = 0.269024
Layer 0: mean node feature std = 1.005506
Layer 1: mean node feature std = 0.272896
Layer 0: mean node feature std = 1.013027
Layer 1: mean node feature std = 0.275056
Epoch 4 | loss=1590.6430 | 2022.9527
Layer 0: mean node feature std = 0.998967
Layer 1: mean node feature std = 0.270982
Layer 0: mean node feature std = 0.989888
Layer 1: mean node feature std = 0.268461
Layer 0: mean node feature std = 0.989604
Layer 1: mean node feature std = 0.268350
Layer 0: mean node feature std = 1.000600
Layer 1: mean node feature std = 0.271497
Layer 0: mean node feature std = 1.008189
Layer 1: mean node feature std = 0.273695
Layer 0: mean node feature std = 0.968872
Layer 1: mean node feature std = 0.262734
Layer 0: mean node feature std = 0.988993
Layer 1: mean node feature std = 0.268452
Layer 0: mean node feature std = 0.989628
Layer 1: mean node feature std = 0.268669
Layer 0: mean node feature std = 1.011615
Layer 1: mean node feature std = 0.275175
Layer 0: mean node feature std = 0.989638
Layer 1: mean node feature std = 0.268983
Layer 0: mean node feature std = 1.022834
Layer 1: mean node feature std = 0.278440
Layer 0: mean node feature std = 0.981690
Layer 1: mean node feature std = 0.267048
Layer 0: mean node feature std = 0.997555
Layer 1: mean node feature std = 0.271493
Layer 0: mean node feature std = 0.999779
Layer 1: mean node feature std = 0.272219
Layer 0: mean node feature std = 0.997496
Layer 1: mean node feature std = 0.271589
Layer 0: mean node feature std = 0.988590
Layer 1: mean node feature std = 0.269132
Epoch 5 | loss=1627.9098 | 1763.6189
Layer 0: mean node feature std = 1.023704
Layer 1: mean node feature std = 0.279074
Layer 0: mean node feature std = 0.996631
Layer 1: mean node feature std = 0.271328
Layer 0: mean node feature std = 1.005488
Layer 1: mean node feature std = 0.273910
Layer 0: mean node feature std = 0.987767
Layer 1: mean node feature std = 0.268987
Layer 0: mean node feature std = 0.987809
Layer 1: mean node feature std = 0.269083
Layer 0: mean node feature std = 0.978391
Layer 1: mean node feature std = 0.266481
Layer 0: mean node feature std = 0.991464
Layer 1: mean node feature std = 0.270079
Layer 0: mean node feature std = 1.001613
Layer 1: mean node feature std = 0.273089
Layer 0: mean node feature std = 0.984492
Layer 1: mean node feature std = 0.268296
Layer 0: mean node feature std = 1.002184
Layer 1: mean node feature std = 0.273258
Layer 0: mean node feature std = 0.980840
Layer 1: mean node feature std = 0.267199
Layer 0: mean node feature std = 1.019820
Layer 1: mean node feature std = 0.278324
Layer 0: mean node feature std = 1.003105
Layer 1: mean node feature std = 0.273696
Layer 0: mean node feature std = 0.982779
Layer 1: mean node feature std = 0.267962
Layer 0: mean node feature std = 0.986449
Layer 1: mean node feature std = 0.269213
Layer 0: mean node feature std = 1.003590
Layer 1: mean node feature std = 0.273885
Epoch 6 | loss=1584.6948 | 1566.2850
Layer 0: mean node feature std = 0.987515
Layer 1: mean node feature std = 0.269522
Layer 0: mean node feature std = 0.990045
Layer 1: mean node feature std = 0.270300
Layer 0: mean node feature std = 0.991066
Layer 1: mean node feature std = 0.270640
Layer 0: mean node feature std = 0.956639
Layer 1: mean node feature std = 0.261007
Layer 0: mean node feature std = 1.018654
Layer 1: mean node feature std = 0.278559
Layer 0: mean node feature std = 1.018464
Layer 1: mean node feature std = 0.278627
Layer 0: mean node feature std = 0.988554
Layer 1: mean node feature std = 0.270121
Layer 0: mean node feature std = 0.981084
Layer 1: mean node feature std = 0.268095
Layer 0: mean node feature std = 0.983904
Layer 1: mean node feature std = 0.268984
Layer 0: mean node feature std = 1.030410
Layer 1: mean node feature std = 0.282089
Layer 0: mean node feature std = 0.988850
Layer 1: mean node feature std = 0.270399
Layer 0: mean node feature std = 1.003757
Layer 1: mean node feature std = 0.274732
Layer 0: mean node feature std = 1.012905
Layer 1: mean node feature std = 0.277460
Layer 0: mean node feature std = 0.975429
Layer 1: mean node feature std = 0.266790
Layer 0: mean node feature std = 1.002123
Layer 1: mean node feature std = 0.274543
Layer 0: mean node feature std = 1.020317
Layer 1: mean node feature std = 0.279946
Epoch 7 | loss=1627.6237 | 2244.3795
Layer 0: mean node feature std = 1.003700
Layer 1: mean node feature std = 0.275036
Layer 0: mean node feature std = 1.002959
Layer 1: mean node feature std = 0.274923
Layer 0: mean node feature std = 1.004353
Layer 1: mean node feature std = 0.275331
Layer 0: mean node feature std = 1.013004
Layer 1: mean node feature std = 0.277923
Layer 0: mean node feature std = 0.999532
Layer 1: mean node feature std = 0.274168
Layer 0: mean node feature std = 0.993830
Layer 1: mean node feature std = 0.272561
Layer 0: mean node feature std = 1.009788
Layer 1: mean node feature std = 0.277054
Layer 0: mean node feature std = 1.017567
Layer 1: mean node feature std = 0.279457
Layer 0: mean node feature std = 0.978306
Layer 1: mean node feature std = 0.268223
Layer 0: mean node feature std = 0.974302
Layer 1: mean node feature std = 0.267132
Layer 0: mean node feature std = 1.020629
Layer 1: mean node feature std = 0.280378
Layer 0: mean node feature std = 0.955704
Layer 1: mean node feature std = 0.261900
Layer 0: mean node feature std = 0.990686
Layer 1: mean node feature std = 0.271967
Layer 0: mean node feature std = 0.989994
Layer 1: mean node feature std = 0.271766
Layer 0: mean node feature std = 0.969913
Layer 1: mean node feature std = 0.266153
Layer 0: mean node feature std = 1.047708
Layer 1: mean node feature std = 0.288381
Epoch 8 | loss=1624.4815 | 1873.6802
Layer 0: mean node feature std = 0.987981
Layer 1: mean node feature std = 0.271396
Layer 0: mean node feature std = 0.993255
Layer 1: mean node feature std = 0.273002
Layer 0: mean node feature std = 0.995249
Layer 1: mean node feature std = 0.273610
Layer 0: mean node feature std = 1.000727
Layer 1: mean node feature std = 0.275199
Layer 0: mean node feature std = 0.983039
Layer 1: mean node feature std = 0.270157
Layer 0: mean node feature std = 0.998573
Layer 1: mean node feature std = 0.274646
Layer 0: mean node feature std = 1.002240
Layer 1: mean node feature std = 0.275538
Layer 0: mean node feature std = 0.990711
Layer 1: mean node feature std = 0.272426
Layer 0: mean node feature std = 1.015225
Layer 1: mean node feature std = 0.279445
Layer 0: mean node feature std = 1.007376
Layer 1: mean node feature std = 0.277224
Layer 0: mean node feature std = 1.013201
Layer 1: mean node feature std = 0.278891
Layer 0: mean node feature std = 0.977343
Layer 1: mean node feature std = 0.268707
Layer 0: mean node feature std = 0.984823
Layer 1: mean node feature std = 0.270953
Layer 0: mean node feature std = 0.988869
Layer 1: mean node feature std = 0.272216
Layer 0: mean node feature std = 0.999229
Layer 1: mean node feature std = 0.275142
Layer 0: mean node feature std = 0.975307
Layer 1: mean node feature std = 0.268470
Epoch 9 | loss=1609.2457 | 1779.7825
Layer 0: mean node feature std = 1.001980
Layer 1: mean node feature std = 0.276176
Layer 0: mean node feature std = 0.985426
Layer 1: mean node feature std = 0.271504
Layer 0: mean node feature std = 0.977790
Layer 1: mean node feature std = 0.269463
Layer 0: mean node feature std = 0.992425
Layer 1: mean node feature std = 0.273807
Layer 0: mean node feature std = 1.000542
Layer 1: mean node feature std = 0.276253
Layer 0: mean node feature std = 0.988496
Layer 1: mean node feature std = 0.272686
Layer 0: mean node feature std = 1.015321
Layer 1: mean node feature std = 0.280563
Layer 0: mean node feature std = 0.977939
Layer 1: mean node feature std = 0.269870
Layer 0: mean node feature std = 1.010024
Layer 1: mean node feature std = 0.279156
Layer 0: mean node feature std = 0.999944
Layer 1: mean node feature std = 0.276235
Layer 0: mean node feature std = 0.998544
Layer 1: mean node feature std = 0.275967
Layer 0: mean node feature std = 0.976010
Layer 1: mean node feature std = 0.269486
Layer 0: mean node feature std = 1.010901
Layer 1: mean node feature std = 0.279359
Layer 0: mean node feature std = 0.974132
Layer 1: mean node feature std = 0.268928
Layer 0: mean node feature std = 1.011124
Layer 1: mean node feature std = 0.279471
Layer 0: mean node feature std = 1.067271
Layer 1: mean node feature std = 0.295651
Epoch 10 | loss=1723.1973 | 1623.4525
Layer 0: mean node feature std = 0.997163
Layer 1: mean node feature std = 0.275535
Layer 0: mean node feature std = 0.981621
Layer 1: mean node feature std = 0.271019
Layer 0: mean node feature std = 0.994835
Layer 1: mean node feature std = 0.275037
Layer 0: mean node feature std = 0.982849
Layer 1: mean node feature std = 0.271637
Layer 0: mean node feature std = 1.010526
Layer 1: mean node feature std = 0.279607
Layer 0: mean node feature std = 0.993490
Layer 1: mean node feature std = 0.274829
Layer 0: mean node feature std = 0.982824
Layer 1: mean node feature std = 0.271882
Layer 0: mean node feature std = 0.991395
Layer 1: mean node feature std = 0.274388
Layer 0: mean node feature std = 1.020718
Layer 1: mean node feature std = 0.282847
Layer 0: mean node feature std = 0.984937
Layer 1: mean node feature std = 0.272725
Layer 0: mean node feature std = 0.996726
Layer 1: mean node feature std = 0.276141
Layer 0: mean node feature std = 0.972112
Layer 1: mean node feature std = 0.269157
Layer 0: mean node feature std = 1.016059
Layer 1: mean node feature std = 0.281828
Layer 0: mean node feature std = 1.012026
Layer 1: mean node feature std = 0.280653
Layer 0: mean node feature std = 0.993797
Layer 1: mean node feature std = 0.275305
Layer 0: mean node feature std = 1.011367
Layer 1: mean node feature std = 0.280185
Epoch 11 | loss=1702.3743 | 1627.8046
Layer 0: mean node feature std = 1.006690
Layer 1: mean node feature std = 0.278907
Layer 0: mean node feature std = 0.979978
Layer 1: mean node feature std = 0.271423
Layer 0: mean node feature std = 1.016694
Layer 1: mean node feature std = 0.282057
Layer 0: mean node feature std = 1.001902
Layer 1: mean node feature std = 0.277929
Layer 0: mean node feature std = 0.982023
Layer 1: mean node feature std = 0.272229
Layer 0: mean node feature std = 0.993621
Layer 1: mean node feature std = 0.275691
Layer 0: mean node feature std = 1.001300
Layer 1: mean node feature std = 0.277890
Layer 0: mean node feature std = 0.992706
Layer 1: mean node feature std = 0.275438
Layer 0: mean node feature std = 0.963054
Layer 1: mean node feature std = 0.266988
Layer 0: mean node feature std = 0.998404
Layer 1: mean node feature std = 0.277218
Layer 0: mean node feature std = 0.982262
Layer 1: mean node feature std = 0.272465
Layer 0: mean node feature std = 1.009944
Layer 1: mean node feature std = 0.280452
Layer 0: mean node feature std = 0.995430
Layer 1: mean node feature std = 0.276267
Layer 0: mean node feature std = 0.983695
Layer 1: mean node feature std = 0.272796
Layer 0: mean node feature std = 1.027933
Layer 1: mean node feature std = 0.285598
Layer 0: mean node feature std = 0.987065
Layer 1: mean node feature std = 0.273882
Epoch 12 | loss=1567.9881 | 1572.4443
Layer 0: mean node feature std = 0.982502
Layer 1: mean node feature std = 0.272491
Layer 0: mean node feature std = 0.960423
Layer 1: mean node feature std = 0.265969
Layer 0: mean node feature std = 0.998637
Layer 1: mean node feature std = 0.277072
Layer 0: mean node feature std = 1.007241
Layer 1: mean node feature std = 0.279478
Layer 0: mean node feature std = 0.990581
Layer 1: mean node feature std = 0.274747
Layer 0: mean node feature std = 1.006148
Layer 1: mean node feature std = 0.279170
Layer 0: mean node feature std = 0.948286
Layer 1: mean node feature std = 0.262692
Layer 0: mean node feature std = 0.994226
Layer 1: mean node feature std = 0.275966
Layer 0: mean node feature std = 1.019276
Layer 1: mean node feature std = 0.283336
Layer 0: mean node feature std = 0.989042
Layer 1: mean node feature std = 0.274684
Layer 0: mean node feature std = 1.007448
Layer 1: mean node feature std = 0.280170
Layer 0: mean node feature std = 0.989581
Layer 1: mean node feature std = 0.275043
Layer 0: mean node feature std = 1.025139
Layer 1: mean node feature std = 0.285468
Layer 0: mean node feature std = 1.012599
Layer 1: mean node feature std = 0.281866
Layer 0: mean node feature std = 1.000182
Layer 1: mean node feature std = 0.278282
Layer 0: mean node feature std = 1.010128
Layer 1: mean node feature std = 0.281388
Epoch 13 | loss=1654.9170 | 1724.6794
Layer 0: mean node feature std = 1.011615
Layer 1: mean node feature std = 0.281591
Layer 0: mean node feature std = 1.000006
Layer 1: mean node feature std = 0.278375
Layer 0: mean node feature std = 0.989210
Layer 1: mean node feature std = 0.275177
Layer 0: mean node feature std = 0.970018
Layer 1: mean node feature std = 0.269688
Layer 0: mean node feature std = 0.976162
Layer 1: mean node feature std = 0.271415
Layer 0: mean node feature std = 0.991483
Layer 1: mean node feature std = 0.275848
Layer 0: mean node feature std = 1.003692
Layer 1: mean node feature std = 0.279385
Layer 0: mean node feature std = 0.984259
Layer 1: mean node feature std = 0.273881
Layer 0: mean node feature std = 1.000407
Layer 1: mean node feature std = 0.278403
Layer 0: mean node feature std = 0.984200
Layer 1: mean node feature std = 0.273698
Layer 0: mean node feature std = 1.027738
Layer 1: mean node feature std = 0.286444
Layer 0: mean node feature std = 0.979994
Layer 1: mean node feature std = 0.272805
Layer 0: mean node feature std = 0.996428
Layer 1: mean node feature std = 0.277673
Layer 0: mean node feature std = 0.983195
Layer 1: mean node feature std = 0.273952
Layer 0: mean node feature std = 1.020168
Layer 1: mean node feature std = 0.284692
Layer 0: mean node feature std = 1.078052
Layer 1: mean node feature std = 0.301485
Epoch 14 | loss=1625.8751 | 1744.7497
Layer 0: mean node feature std = 0.994370
Layer 1: mean node feature std = 0.277308
Layer 0: mean node feature std = 1.030182
Layer 1: mean node feature std = 0.287670
Layer 0: mean node feature std = 0.986981
Layer 1: mean node feature std = 0.275278
Layer 0: mean node feature std = 0.965060
Layer 1: mean node feature std = 0.268922
Layer 0: mean node feature std = 0.999701
Layer 1: mean node feature std = 0.278954
Layer 0: mean node feature std = 0.968925
Layer 1: mean node feature std = 0.269981
Layer 0: mean node feature std = 0.981959
Layer 1: mean node feature std = 0.273740
Layer 0: mean node feature std = 1.008383
Layer 1: mean node feature std = 0.281322
Layer 0: mean node feature std = 1.009160
Layer 1: mean node feature std = 0.281574
Layer 0: mean node feature std = 1.003685
Layer 1: mean node feature std = 0.279881
Layer 0: mean node feature std = 0.993038
Layer 1: mean node feature std = 0.276854
Layer 0: mean node feature std = 0.969612
Layer 1: mean node feature std = 0.270124
Layer 0: mean node feature std = 0.996543
Layer 1: mean node feature std = 0.278070
Layer 0: mean node feature std = 1.003581
Layer 1: mean node feature std = 0.280226
Layer 0: mean node feature std = 1.020172
Layer 1: mean node feature std = 0.285243
Layer 0: mean node feature std = 1.009918
Layer 1: mean node feature std = 0.282371
Epoch 15 | loss=1609.9211 | 1872.6538
Layer 0: mean node feature std = 1.007879
Layer 1: mean node feature std = 0.281746
Layer 0: mean node feature std = 0.975908
Layer 1: mean node feature std = 0.272641
Layer 0: mean node feature std = 0.989496
Layer 1: mean node feature std = 0.276617
Layer 0: mean node feature std = 1.008810
Layer 1: mean node feature std = 0.282380
Layer 0: mean node feature std = 0.996321
Layer 1: mean node feature std = 0.278613
Layer 0: mean node feature std = 0.989448
Layer 1: mean node feature std = 0.276551
Layer 0: mean node feature std = 1.004658
Layer 1: mean node feature std = 0.280984
Layer 0: mean node feature std = 1.015657
Layer 1: mean node feature std = 0.284030
Layer 0: mean node feature std = 0.978733
Layer 1: mean node feature std = 0.273207
Layer 0: mean node feature std = 0.998433
Layer 1: mean node feature std = 0.278896
Layer 0: mean node feature std = 0.985214
Layer 1: mean node feature std = 0.274898
Layer 0: mean node feature std = 0.987540
Layer 1: mean node feature std = 0.275450
Layer 0: mean node feature std = 0.992231
Layer 1: mean node feature std = 0.276809
Layer 0: mean node feature std = 1.031768
Layer 1: mean node feature std = 0.288177
Layer 0: mean node feature std = 0.978884
Layer 1: mean node feature std = 0.272978
Layer 0: mean node feature std = 0.958573
Layer 1: mean node feature std = 0.267269
Epoch 16 | loss=1605.3476 | 2108.0209
Layer 0: mean node feature std = 0.978096
Layer 1: mean node feature std = 0.272993
Layer 0: mean node feature std = 0.988302
Layer 1: mean node feature std = 0.276022
Layer 0: mean node feature std = 0.977083
Layer 1: mean node feature std = 0.272779
Layer 0: mean node feature std = 1.012296
Layer 1: mean node feature std = 0.283055
Layer 0: mean node feature std = 0.978138
Layer 1: mean node feature std = 0.273337
Layer 0: mean node feature std = 1.006575
Layer 1: mean node feature std = 0.281514
Layer 0: mean node feature std = 1.010433
Layer 1: mean node feature std = 0.282679
Layer 0: mean node feature std = 0.994781
Layer 1: mean node feature std = 0.278198
Layer 0: mean node feature std = 1.008650
Layer 1: mean node feature std = 0.282249
Layer 0: mean node feature std = 1.004781
Layer 1: mean node feature std = 0.281051
Layer 0: mean node feature std = 0.978308
Layer 1: mean node feature std = 0.273374
Layer 0: mean node feature std = 1.008481
Layer 1: mean node feature std = 0.282245
Layer 0: mean node feature std = 1.012978
Layer 1: mean node feature std = 0.283666
Layer 0: mean node feature std = 0.973448
Layer 1: mean node feature std = 0.272195
Layer 0: mean node feature std = 0.983563
Layer 1: mean node feature std = 0.275137
Layer 0: mean node feature std = 1.092248
Layer 1: mean node feature std = 0.306748
Epoch 17 | loss=1614.4447 | 1696.8532
Layer 0: mean node feature std = 0.994384
Layer 1: mean node feature std = 0.278479
Layer 0: mean node feature std = 0.986574
Layer 1: mean node feature std = 0.276216
Layer 0: mean node feature std = 0.988771
Layer 1: mean node feature std = 0.276916
Layer 0: mean node feature std = 1.009260
Layer 1: mean node feature std = 0.282925
Layer 0: mean node feature std = 0.985549
Layer 1: mean node feature std = 0.275985
Layer 0: mean node feature std = 0.993348
Layer 1: mean node feature std = 0.278241
Layer 0: mean node feature std = 0.991428
Layer 1: mean node feature std = 0.277778
Layer 0: mean node feature std = 0.985067
Layer 1: mean node feature std = 0.275859
Layer 0: mean node feature std = 0.990616
Layer 1: mean node feature std = 0.277530
Layer 0: mean node feature std = 1.026617
Layer 1: mean node feature std = 0.288009
Layer 0: mean node feature std = 0.986055
Layer 1: mean node feature std = 0.276128
Layer 0: mean node feature std = 1.022530
Layer 1: mean node feature std = 0.286855
Layer 0: mean node feature std = 1.009325
Layer 1: mean node feature std = 0.282912
Layer 0: mean node feature std = 0.962514
Layer 1: mean node feature std = 0.269328
Layer 0: mean node feature std = 1.008337
Layer 1: mean node feature std = 0.282649
Layer 0: mean node feature std = 0.961795
Layer 1: mean node feature std = 0.269032
Epoch 18 | loss=1648.9067 | 1678.3138
Layer 0: mean node feature std = 0.983786
Layer 1: mean node feature std = 0.275440
Layer 0: mean node feature std = 0.983677
Layer 1: mean node feature std = 0.275386
Layer 0: mean node feature std = 1.010135
Layer 1: mean node feature std = 0.283041
Layer 0: mean node feature std = 0.986561
Layer 1: mean node feature std = 0.276312
Layer 0: mean node feature std = 0.990491
Layer 1: mean node feature std = 0.277543
Layer 0: mean node feature std = 0.995073
Layer 1: mean node feature std = 0.279024
Layer 0: mean node feature std = 1.002576
Layer 1: mean node feature std = 0.281431
Layer 0: mean node feature std = 0.995333
Layer 1: mean node feature std = 0.279369
Layer 0: mean node feature std = 1.010701
Layer 1: mean node feature std = 0.283869
Layer 0: mean node feature std = 1.007402
Layer 1: mean node feature std = 0.283102
Layer 0: mean node feature std = 0.972379
Layer 1: mean node feature std = 0.272995
Layer 0: mean node feature std = 0.972775
Layer 1: mean node feature std = 0.273066
Layer 0: mean node feature std = 1.011601
Layer 1: mean node feature std = 0.284523
Layer 0: mean node feature std = 1.016782
Layer 1: mean node feature std = 0.285988
Layer 0: mean node feature std = 0.986266
Layer 1: mean node feature std = 0.277076
Layer 0: mean node feature std = 1.040909
Layer 1: mean node feature std = 0.292958
Epoch 19 | loss=1637.9052 | 1698.3804
Layer 0: mean node feature std = 0.978683
Layer 1: mean node feature std = 0.274680
Layer 0: mean node feature std = 0.987953
Layer 1: mean node feature std = 0.277463
Layer 0: mean node feature std = 1.014018
Layer 1: mean node feature std = 0.284908
Layer 0: mean node feature std = 0.987895
Layer 1: mean node feature std = 0.277415
Layer 0: mean node feature std = 0.993500
Layer 1: mean node feature std = 0.279007
Layer 0: mean node feature std = 0.972360
Layer 1: mean node feature std = 0.272815
Layer 0: mean node feature std = 0.962210
Layer 1: mean node feature std = 0.269836
Layer 0: mean node feature std = 1.008766
Layer 1: mean node feature std = 0.283472
Layer 0: mean node feature std = 1.010992
Layer 1: mean node feature std = 0.284139
Layer 0: mean node feature std = 1.003469
Layer 1: mean node feature std = 0.281976
Layer 0: mean node feature std = 0.985299
Layer 1: mean node feature std = 0.276802
Layer 0: mean node feature std = 1.010662
Layer 1: mean node feature std = 0.284250
Layer 0: mean node feature std = 1.001684
Layer 1: mean node feature std = 0.281763
Layer 0: mean node feature std = 0.993526
Layer 1: mean node feature std = 0.279512
Layer 0: mean node feature std = 1.015754
Layer 1: mean node feature std = 0.286122
Layer 0: mean node feature std = 1.034343
Layer 1: mean node feature std = 0.291657
Epoch 20 | loss=1590.3486 | 1625.4836
Layer 0: mean node feature std = 0.994693
Layer 1: mean node feature std = 0.279869
Layer 0: mean node feature std = 0.991236
Layer 1: mean node feature std = 0.278770
Layer 0: mean node feature std = 1.017666
Layer 1: mean node feature std = 0.286321
Layer 0: mean node feature std = 1.019376
Layer 1: mean node feature std = 0.286814
Layer 0: mean node feature std = 0.976167
Layer 1: mean node feature std = 0.274152
Layer 0: mean node feature std = 1.001759
Layer 1: mean node feature std = 0.281471
Layer 0: mean node feature std = 0.979951
Layer 1: mean node feature std = 0.275061
Layer 0: mean node feature std = 1.001168
Layer 1: mean node feature std = 0.281214
Layer 0: mean node feature std = 0.995658
Layer 1: mean node feature std = 0.279626
Layer 0: mean node feature std = 1.024244
Layer 1: mean node feature std = 0.288066
Layer 0: mean node feature std = 0.971079
Layer 1: mean node feature std = 0.272582
Layer 0: mean node feature std = 0.997122
Layer 1: mean node feature std = 0.280276
Layer 0: mean node feature std = 0.995891
Layer 1: mean node feature std = 0.280120
Layer 0: mean node feature std = 0.965303
Layer 1: mean node feature std = 0.271347
Layer 0: mean node feature std = 0.998698
Layer 1: mean node feature std = 0.281201
Layer 0: mean node feature std = 1.017064
Layer 1: mean node feature std = 0.286685
Epoch 21 | loss=1606.7645 | 1605.0048
Layer 0: mean node feature std = 0.991567
Layer 1: mean node feature std = 0.279217
Layer 0: mean node feature std = 0.991480
Layer 1: mean node feature std = 0.279097
Layer 0: mean node feature std = 1.038050
Layer 1: mean node feature std = 0.292783
Layer 0: mean node feature std = 0.977736
Layer 1: mean node feature std = 0.274979
Layer 0: mean node feature std = 0.964307
Layer 1: mean node feature std = 0.271094
Layer 0: mean node feature std = 1.010215
Layer 1: mean node feature std = 0.284328
Layer 0: mean node feature std = 0.984010
Layer 1: mean node feature std = 0.276624
Layer 0: mean node feature std = 1.007178
Layer 1: mean node feature std = 0.283324
Layer 0: mean node feature std = 0.997404
Layer 1: mean node feature std = 0.280477
Layer 0: mean node feature std = 0.972117
Layer 1: mean node feature std = 0.273032
Layer 0: mean node feature std = 1.011511
Layer 1: mean node feature std = 0.284681
Layer 0: mean node feature std = 0.995812
Layer 1: mean node feature std = 0.280243
Layer 0: mean node feature std = 0.993966
Layer 1: mean node feature std = 0.279665
Layer 0: mean node feature std = 1.011931
Layer 1: mean node feature std = 0.285011
Layer 0: mean node feature std = 0.989795
Layer 1: mean node feature std = 0.278652
Layer 0: mean node feature std = 0.979369
Layer 1: mean node feature std = 0.275374
Epoch 22 | loss=1700.9286 | 1893.6168
Layer 0: mean node feature std = 1.023396
Layer 1: mean node feature std = 0.288655
Layer 0: mean node feature std = 0.995665
Layer 1: mean node feature std = 0.280638
Layer 0: mean node feature std = 0.967258
Layer 1: mean node feature std = 0.272432
Layer 0: mean node feature std = 0.992809
Layer 1: mean node feature std = 0.280064
Layer 0: mean node feature std = 0.987650
Layer 1: mean node feature std = 0.278536
Layer 0: mean node feature std = 1.019956
Layer 1: mean node feature std = 0.288016
Layer 0: mean node feature std = 0.993646
Layer 1: mean node feature std = 0.280376
Layer 0: mean node feature std = 0.987136
Layer 1: mean node feature std = 0.278370
Layer 0: mean node feature std = 0.985050
Layer 1: mean node feature std = 0.277671
Layer 0: mean node feature std = 0.977506
Layer 1: mean node feature std = 0.275474
Layer 0: mean node feature std = 0.993533
Layer 1: mean node feature std = 0.280078
Layer 0: mean node feature std = 1.005977
Layer 1: mean node feature std = 0.283664
Layer 0: mean node feature std = 1.017420
Layer 1: mean node feature std = 0.286944
Layer 0: mean node feature std = 0.990213
Layer 1: mean node feature std = 0.278830
Layer 0: mean node feature std = 0.990281
Layer 1: mean node feature std = 0.278714
Layer 0: mean node feature std = 1.030473
Layer 1: mean node feature std = 0.290494
Epoch 23 | loss=1595.1640 | 1614.9935
Layer 0: mean node feature std = 0.990064
Layer 1: mean node feature std = 0.278612
Layer 0: mean node feature std = 1.016599
Layer 1: mean node feature std = 0.286450
Layer 0: mean node feature std = 1.003956
Layer 1: mean node feature std = 0.282724
Layer 0: mean node feature std = 1.015005
Layer 1: mean node feature std = 0.286007
Layer 0: mean node feature std = 0.989350
Layer 1: mean node feature std = 0.278633
Layer 0: mean node feature std = 1.004315
Layer 1: mean node feature std = 0.283178
Layer 0: mean node feature std = 0.996382
Layer 1: mean node feature std = 0.281076
Layer 0: mean node feature std = 0.981926
Layer 1: mean node feature std = 0.276835
Layer 0: mean node feature std = 1.012558
Layer 1: mean node feature std = 0.285860
Layer 0: mean node feature std = 0.985310
Layer 1: mean node feature std = 0.277979
Layer 0: mean node feature std = 0.987556
Layer 1: mean node feature std = 0.278650
Layer 0: mean node feature std = 0.946996
Layer 1: mean node feature std = 0.266742
Layer 0: mean node feature std = 1.016199
Layer 1: mean node feature std = 0.286944
Layer 0: mean node feature std = 0.974000
Layer 1: mean node feature std = 0.274670
Layer 0: mean node feature std = 1.010198
Layer 1: mean node feature std = 0.285290
Layer 0: mean node feature std = 1.014910
Layer 1: mean node feature std = 0.286551
Epoch 24 | loss=1639.2077 | 1599.8951
Layer 0: mean node feature std = 1.002954
Layer 1: mean node feature std = 0.283366
Layer 0: mean node feature std = 0.992515
Layer 1: mean node feature std = 0.280267
Layer 0: mean node feature std = 1.020184
Layer 1: mean node feature std = 0.288410
Layer 0: mean node feature std = 0.995851
Layer 1: mean node feature std = 0.281328
Layer 0: mean node feature std = 1.015435
Layer 1: mean node feature std = 0.287068
Layer 0: mean node feature std = 0.988844
Layer 1: mean node feature std = 0.279278
Layer 0: mean node feature std = 0.979837
Layer 1: mean node feature std = 0.276669
Layer 0: mean node feature std = 0.992376
Layer 1: mean node feature std = 0.280327
Layer 0: mean node feature std = 1.010179
Layer 1: mean node feature std = 0.285493
Layer 0: mean node feature std = 1.007675
Layer 1: mean node feature std = 0.284755
Layer 0: mean node feature std = 0.991115
Layer 1: mean node feature std = 0.280003
Layer 0: mean node feature std = 0.952078
Layer 1: mean node feature std = 0.268469
Layer 0: mean node feature std = 1.001735
Layer 1: mean node feature std = 0.283215
Layer 0: mean node feature std = 0.986116
Layer 1: mean node feature std = 0.278489
Layer 0: mean node feature std = 0.994375
Layer 1: mean node feature std = 0.280892
Layer 0: mean node feature std = 1.010348
Layer 1: mean node feature std = 0.285474
Epoch 25 | loss=1651.6109 | 1962.0620
Layer 0: mean node feature std = 1.014228
Layer 1: mean node feature std = 0.286855
Layer 0: mean node feature std = 0.982300
Layer 1: mean node feature std = 0.277457
Layer 0: mean node feature std = 0.955961
Layer 1: mean node feature std = 0.269853
Layer 0: mean node feature std = 1.019131
Layer 1: mean node feature std = 0.288548
Layer 0: mean node feature std = 0.980207
Layer 1: mean node feature std = 0.277069
Layer 0: mean node feature std = 1.006865
Layer 1: mean node feature std = 0.284879
Layer 0: mean node feature std = 0.993203
Layer 1: mean node feature std = 0.280858
Layer 0: mean node feature std = 0.983056
Layer 1: mean node feature std = 0.277858
Layer 0: mean node feature std = 0.994616
Layer 1: mean node feature std = 0.281189
Layer 0: mean node feature std = 0.983759
Layer 1: mean node feature std = 0.277996
Layer 0: mean node feature std = 1.022863
Layer 1: mean node feature std = 0.289366
Layer 0: mean node feature std = 0.974769
Layer 1: mean node feature std = 0.275272
Layer 0: mean node feature std = 1.019591
Layer 1: mean node feature std = 0.288535
Layer 0: mean node feature std = 1.000778
Layer 1: mean node feature std = 0.283020
Layer 0: mean node feature std = 1.003431
Layer 1: mean node feature std = 0.283716
Layer 0: mean node feature std = 0.991745
Layer 1: mean node feature std = 0.280481
Epoch 26 | loss=1619.1227 | 1652.3092
Layer 0: mean node feature std = 0.999317
Layer 1: mean node feature std = 0.282525
Layer 0: mean node feature std = 0.988100
Layer 1: mean node feature std = 0.279293
Layer 0: mean node feature std = 0.998160
Layer 1: mean node feature std = 0.282300
Layer 0: mean node feature std = 1.009141
Layer 1: mean node feature std = 0.285462
Layer 0: mean node feature std = 0.985387
Layer 1: mean node feature std = 0.278516
Layer 0: mean node feature std = 0.999504
Layer 1: mean node feature std = 0.282676
Layer 0: mean node feature std = 0.952439
Layer 1: mean node feature std = 0.268957
Layer 0: mean node feature std = 1.003242
Layer 1: mean node feature std = 0.283920
Layer 0: mean node feature std = 1.010154
Layer 1: mean node feature std = 0.285968
Layer 0: mean node feature std = 1.005943
Layer 1: mean node feature std = 0.284864
Layer 0: mean node feature std = 0.996133
Layer 1: mean node feature std = 0.281953
Layer 0: mean node feature std = 0.995441
Layer 1: mean node feature std = 0.281912
Layer 0: mean node feature std = 1.018124
Layer 1: mean node feature std = 0.288343
Layer 0: mean node feature std = 0.993230
Layer 1: mean node feature std = 0.281109
Layer 0: mean node feature std = 0.980842
Layer 1: mean node feature std = 0.277274
Layer 0: mean node feature std = 0.989610
Layer 1: mean node feature std = 0.280038
Epoch 27 | loss=1560.4189 | 1537.4994
Layer 0: mean node feature std = 1.001556
Layer 1: mean node feature std = 0.283384
Layer 0: mean node feature std = 0.995766
Layer 1: mean node feature std = 0.281513
Layer 0: mean node feature std = 0.988604
Layer 1: mean node feature std = 0.279456
Layer 0: mean node feature std = 0.997303
Layer 1: mean node feature std = 0.282080
Layer 0: mean node feature std = 1.013592
Layer 1: mean node feature std = 0.286950
Layer 0: mean node feature std = 0.979833
Layer 1: mean node feature std = 0.276999
Layer 0: mean node feature std = 0.994177
Layer 1: mean node feature std = 0.281308
Layer 0: mean node feature std = 1.001314
Layer 1: mean node feature std = 0.283562
Layer 0: mean node feature std = 0.994573
Layer 1: mean node feature std = 0.281610
Layer 0: mean node feature std = 0.999480
Layer 1: mean node feature std = 0.283124
Layer 0: mean node feature std = 0.982269
Layer 1: mean node feature std = 0.278074
Layer 0: mean node feature std = 1.013340
Layer 1: mean node feature std = 0.287142
Layer 0: mean node feature std = 0.994699
Layer 1: mean node feature std = 0.281888
Layer 0: mean node feature std = 0.996951
Layer 1: mean node feature std = 0.282533
Layer 0: mean node feature std = 0.990488
Layer 1: mean node feature std = 0.280550
Layer 0: mean node feature std = 0.942750
Layer 1: mean node feature std = 0.266692
Epoch 28 | loss=1602.5742 | 1630.2511
Layer 0: mean node feature std = 1.034776
Layer 1: mean node feature std = 0.293509
Layer 0: mean node feature std = 0.987390
Layer 1: mean node feature std = 0.279513
Layer 0: mean node feature std = 0.988251
Layer 1: mean node feature std = 0.279782
Layer 0: mean node feature std = 1.009329
Layer 1: mean node feature std = 0.286033
Layer 0: mean node feature std = 0.992738
Layer 1: mean node feature std = 0.281093
Layer 0: mean node feature std = 1.004841
Layer 1: mean node feature std = 0.284718
Layer 0: mean node feature std = 0.969342
Layer 1: mean node feature std = 0.274263
Layer 0: mean node feature std = 1.006214
Layer 1: mean node feature std = 0.285050
Layer 0: mean node feature std = 0.981033
Layer 1: mean node feature std = 0.277763
Layer 0: mean node feature std = 0.970661
Layer 1: mean node feature std = 0.274542
Layer 0: mean node feature std = 1.001989
Layer 1: mean node feature std = 0.283909
Layer 0: mean node feature std = 0.983111
Layer 1: mean node feature std = 0.278410
Layer 0: mean node feature std = 0.999544
Layer 1: mean node feature std = 0.283245
Layer 0: mean node feature std = 0.992336
Layer 1: mean node feature std = 0.281061
Layer 0: mean node feature std = 1.018138
Layer 1: mean node feature std = 0.288644
Layer 0: mean node feature std = 0.965429
Layer 1: mean node feature std = 0.273160
Epoch 29 | loss=1640.2759 | 1662.2465
Layer 0: mean node feature std = 0.975001
Layer 1: mean node feature std = 0.276073
Layer 0: mean node feature std = 1.005668
Layer 1: mean node feature std = 0.285086
Layer 0: mean node feature std = 0.993789
Layer 1: mean node feature std = 0.281619
Layer 0: mean node feature std = 1.001351
Layer 1: mean node feature std = 0.283910
Layer 0: mean node feature std = 0.993640
Layer 1: mean node feature std = 0.281675
Layer 0: mean node feature std = 1.009789
Layer 1: mean node feature std = 0.286430
Layer 0: mean node feature std = 0.996123
Layer 1: mean node feature std = 0.282397
Layer 0: mean node feature std = 0.973283
Layer 1: mean node feature std = 0.275800
Layer 0: mean node feature std = 0.993724
Layer 1: mean node feature std = 0.281747
Layer 0: mean node feature std = 0.998207
Layer 1: mean node feature std = 0.283146
Layer 0: mean node feature std = 1.009015
Layer 1: mean node feature std = 0.286267
Layer 0: mean node feature std = 0.996177
Layer 1: mean node feature std = 0.282445
Layer 0: mean node feature std = 0.997268
Layer 1: mean node feature std = 0.282770
Layer 0: mean node feature std = 0.996238
Layer 1: mean node feature std = 0.282404
Layer 0: mean node feature std = 0.993411
Layer 1: mean node feature std = 0.281585
Layer 0: mean node feature std = 1.002803
Layer 1: mean node feature std = 0.284395
Epoch 30 | loss=1643.3356 | 1551.3577
Layer 0: mean node feature std = 1.032632
Layer 1: mean node feature std = 0.292957
Layer 0: mean node feature std = 0.997506
Layer 1: mean node feature std = 0.282538
Layer 0: mean node feature std = 0.993176
Layer 1: mean node feature std = 0.281238
Layer 0: mean node feature std = 0.990594
Layer 1: mean node feature std = 0.280391
Layer 0: mean node feature std = 0.986295
Layer 1: mean node feature std = 0.279290
Layer 0: mean node feature std = 1.020690
Layer 1: mean node feature std = 0.289296
Layer 0: mean node feature std = 0.989345
Layer 1: mean node feature std = 0.280097
Layer 0: mean node feature std = 0.985570
Layer 1: mean node feature std = 0.279099
Layer 0: mean node feature std = 0.980507
Layer 1: mean node feature std = 0.277651
Layer 0: mean node feature std = 0.981508
Layer 1: mean node feature std = 0.277940
Layer 0: mean node feature std = 1.037523
Layer 1: mean node feature std = 0.294692
Layer 0: mean node feature std = 0.981093
Layer 1: mean node feature std = 0.278248
Layer 0: mean node feature std = 0.989417
Layer 1: mean node feature std = 0.280663
Layer 0: mean node feature std = 0.999495
Layer 1: mean node feature std = 0.283605
Layer 0: mean node feature std = 0.977360
Layer 1: mean node feature std = 0.277119
Layer 0: mean node feature std = 0.949332
Layer 1: mean node feature std = 0.268812
Epoch 31 | loss=1565.3315 | 1956.9745
Layer 0: mean node feature std = 0.983666
Layer 1: mean node feature std = 0.279037
Layer 0: mean node feature std = 1.015565
Layer 1: mean node feature std = 0.288349
Layer 0: mean node feature std = 1.000627
Layer 1: mean node feature std = 0.283904
Layer 0: mean node feature std = 1.005068
Layer 1: mean node feature std = 0.285104
Layer 0: mean node feature std = 0.985452
Layer 1: mean node feature std = 0.279387
Layer 0: mean node feature std = 1.007081
Layer 1: mean node feature std = 0.285803
Layer 0: mean node feature std = 0.993491
Layer 1: mean node feature std = 0.281758
Layer 0: mean node feature std = 0.995793
Layer 1: mean node feature std = 0.282490
Layer 0: mean node feature std = 0.986305
Layer 1: mean node feature std = 0.279718
Layer 0: mean node feature std = 0.990845
Layer 1: mean node feature std = 0.281004
Layer 0: mean node feature std = 0.997357
Layer 1: mean node feature std = 0.282805
Layer 0: mean node feature std = 1.007010
Layer 1: mean node feature std = 0.285593
Layer 0: mean node feature std = 0.968056
Layer 1: mean node feature std = 0.274221
Layer 0: mean node feature std = 1.009609
Layer 1: mean node feature std = 0.286634
Layer 0: mean node feature std = 0.976050
Layer 1: mean node feature std = 0.276624
Layer 0: mean node feature std = 1.059912
Layer 1: mean node feature std = 0.301305
Epoch 32 | loss=1641.7736 | 1997.2863
Layer 0: mean node feature std = 1.005931
Layer 1: mean node feature std = 0.285612
Layer 0: mean node feature std = 0.983756
Layer 1: mean node feature std = 0.279092
Layer 0: mean node feature std = 1.010017
Layer 1: mean node feature std = 0.287016
Layer 0: mean node feature std = 1.007646
Layer 1: mean node feature std = 0.286418
Layer 0: mean node feature std = 0.998674
Layer 1: mean node feature std = 0.283851
Layer 0: mean node feature std = 0.990444
Layer 1: mean node feature std = 0.281386
Layer 0: mean node feature std = 1.000198
Layer 1: mean node feature std = 0.284180
Layer 0: mean node feature std = 1.010575
Layer 1: mean node feature std = 0.287294
Layer 0: mean node feature std = 0.978052
Layer 1: mean node feature std = 0.277578
Layer 0: mean node feature std = 1.002058
Layer 1: mean node feature std = 0.284707
Layer 0: mean node feature std = 0.983884
Layer 1: mean node feature std = 0.279313
Layer 0: mean node feature std = 0.993506
Layer 1: mean node feature std = 0.282081
Layer 0: mean node feature std = 0.993827
Layer 1: mean node feature std = 0.282280
Layer 0: mean node feature std = 0.989506
Layer 1: mean node feature std = 0.281051
Layer 0: mean node feature std = 0.993917
Layer 1: mean node feature std = 0.282324
Layer 0: mean node feature std = 0.953163
Layer 1: mean node feature std = 0.270387
Epoch 33 | loss=1574.3196 | 1784.7624
Layer 0: mean node feature std = 1.008031
Layer 1: mean node feature std = 0.286569
Layer 0: mean node feature std = 1.007738
Layer 1: mean node feature std = 0.286389
Layer 0: mean node feature std = 0.980033
Layer 1: mean node feature std = 0.278093
Layer 0: mean node feature std = 0.970597
Layer 1: mean node feature std = 0.275271
Layer 0: mean node feature std = 0.962214
Layer 1: mean node feature std = 0.272898
Layer 0: mean node feature std = 1.025835
Layer 1: mean node feature std = 0.291569
Layer 0: mean node feature std = 1.003077
Layer 1: mean node feature std = 0.285033
Layer 0: mean node feature std = 0.980048
Layer 1: mean node feature std = 0.278210
Layer 0: mean node feature std = 0.987265
Layer 1: mean node feature std = 0.280343
Layer 0: mean node feature std = 0.984228
Layer 1: mean node feature std = 0.279516
Layer 0: mean node feature std = 0.988406
Layer 1: mean node feature std = 0.280818
Layer 0: mean node feature std = 1.018659
Layer 1: mean node feature std = 0.289714
Layer 0: mean node feature std = 1.014061
Layer 1: mean node feature std = 0.288470
Layer 0: mean node feature std = 0.988395
Layer 1: mean node feature std = 0.280936
Layer 0: mean node feature std = 1.009900
Layer 1: mean node feature std = 0.287414
Layer 0: mean node feature std = 1.025186
Layer 1: mean node feature std = 0.291657
Epoch 34 | loss=1606.7961 | 2004.3874
Layer 0: mean node feature std = 0.992374
Layer 1: mean node feature std = 0.282064
Layer 0: mean node feature std = 0.991549
Layer 1: mean node feature std = 0.281878
Layer 0: mean node feature std = 0.991224
Layer 1: mean node feature std = 0.281812
Layer 0: mean node feature std = 1.005370
Layer 1: mean node feature std = 0.286188
Layer 0: mean node feature std = 1.000258
Layer 1: mean node feature std = 0.284599
Layer 0: mean node feature std = 0.977793
Layer 1: mean node feature std = 0.277981
Layer 0: mean node feature std = 1.012560
Layer 1: mean node feature std = 0.288229
Layer 0: mean node feature std = 0.989289
Layer 1: mean node feature std = 0.281445
Layer 0: mean node feature std = 1.009524
Layer 1: mean node feature std = 0.287410
Layer 0: mean node feature std = 1.005902
Layer 1: mean node feature std = 0.286235
Layer 0: mean node feature std = 0.984816
Layer 1: mean node feature std = 0.279951
Layer 0: mean node feature std = 1.004419
Layer 1: mean node feature std = 0.285617
Layer 0: mean node feature std = 0.988140
Layer 1: mean node feature std = 0.280766
Layer 0: mean node feature std = 0.995350
Layer 1: mean node feature std = 0.282869
Layer 0: mean node feature std = 0.979860
Layer 1: mean node feature std = 0.278329
Layer 0: mean node feature std = 1.025498
Layer 1: mean node feature std = 0.292214
Epoch 35 | loss=1605.4824 | 1837.5334
Layer 0: mean node feature std = 0.985362
Layer 1: mean node feature std = 0.280040
Layer 0: mean node feature std = 0.987324
Layer 1: mean node feature std = 0.280787
Layer 0: mean node feature std = 0.997007
Layer 1: mean node feature std = 0.283760
Layer 0: mean node feature std = 0.998114
Layer 1: mean node feature std = 0.284193
Layer 0: mean node feature std = 1.000039
Layer 1: mean node feature std = 0.284936
Layer 0: mean node feature std = 0.993648
Layer 1: mean node feature std = 0.283123
Layer 0: mean node feature std = 1.001878
Layer 1: mean node feature std = 0.285542
Layer 0: mean node feature std = 1.017548
Layer 1: mean node feature std = 0.290259
Layer 0: mean node feature std = 0.961081
Layer 1: mean node feature std = 0.273583
Layer 0: mean node feature std = 1.003029
Layer 1: mean node feature std = 0.285933
Layer 0: mean node feature std = 0.989917
Layer 1: mean node feature std = 0.282027
Layer 0: mean node feature std = 1.022162
Layer 1: mean node feature std = 0.291524
Layer 0: mean node feature std = 0.991566
Layer 1: mean node feature std = 0.282458
Layer 0: mean node feature std = 0.987329
Layer 1: mean node feature std = 0.281199
Layer 0: mean node feature std = 0.992422
Layer 1: mean node feature std = 0.282750
Layer 0: mean node feature std = 1.025517
Layer 1: mean node feature std = 0.292560
Epoch 36 | loss=1575.0576 | 2050.1365
Layer 0: mean node feature std = 1.022035
Layer 1: mean node feature std = 0.291602
Layer 0: mean node feature std = 0.986851
Layer 1: mean node feature std = 0.281257
Layer 0: mean node feature std = 0.976748
Layer 1: mean node feature std = 0.278184
Layer 0: mean node feature std = 1.005972
Layer 1: mean node feature std = 0.286991
Layer 0: mean node feature std = 1.006195
Layer 1: mean node feature std = 0.287087
Layer 0: mean node feature std = 0.993874
Layer 1: mean node feature std = 0.283390
Layer 0: mean node feature std = 0.972575
Layer 1: mean node feature std = 0.277159
Layer 0: mean node feature std = 0.988895
Layer 1: mean node feature std = 0.282046
Layer 0: mean node feature std = 0.985378
Layer 1: mean node feature std = 0.281004
Layer 0: mean node feature std = 1.001007
Layer 1: mean node feature std = 0.285595
Layer 0: mean node feature std = 0.984158
Layer 1: mean node feature std = 0.280548
Layer 0: mean node feature std = 1.014763
Layer 1: mean node feature std = 0.289611
Layer 0: mean node feature std = 0.999419
Layer 1: mean node feature std = 0.285014
Layer 0: mean node feature std = 0.995853
Layer 1: mean node feature std = 0.284032
Layer 0: mean node feature std = 0.998546
Layer 1: mean node feature std = 0.284775
Layer 0: mean node feature std = 1.005016
Layer 1: mean node feature std = 0.286642
Epoch 37 | loss=1629.8066 | 1783.1277
Layer 0: mean node feature std = 0.971684
Layer 1: mean node feature std = 0.277020
Layer 0: mean node feature std = 0.965778
Layer 1: mean node feature std = 0.275345
Layer 0: mean node feature std = 1.001341
Layer 1: mean node feature std = 0.285972
Layer 0: mean node feature std = 0.997531
Layer 1: mean node feature std = 0.284880
Layer 0: mean node feature std = 0.995552
Layer 1: mean node feature std = 0.284298
Layer 0: mean node feature std = 0.982304
Layer 1: mean node feature std = 0.280428
Layer 0: mean node feature std = 1.027000
Layer 1: mean node feature std = 0.293686
Layer 0: mean node feature std = 0.978166
Layer 1: mean node feature std = 0.279263
Layer 0: mean node feature std = 1.010034
Layer 1: mean node feature std = 0.288762
Layer 0: mean node feature std = 1.013807
Layer 1: mean node feature std = 0.289852
Layer 0: mean node feature std = 0.999029
Layer 1: mean node feature std = 0.285516
Layer 0: mean node feature std = 0.987255
Layer 1: mean node feature std = 0.282073
Layer 0: mean node feature std = 1.027785
Layer 1: mean node feature std = 0.294167
Layer 0: mean node feature std = 0.987938
Layer 1: mean node feature std = 0.282346
Layer 0: mean node feature std = 0.997569
Layer 1: mean node feature std = 0.285054
Layer 0: mean node feature std = 0.949002
Layer 1: mean node feature std = 0.270383
Epoch 38 | loss=1654.7858 | 1838.9417
Layer 0: mean node feature std = 0.993469
Layer 1: mean node feature std = 0.283831
Layer 0: mean node feature std = 0.992600
Layer 1: mean node feature std = 0.283554
Layer 0: mean node feature std = 0.993492
Layer 1: mean node feature std = 0.283815
Layer 0: mean node feature std = 0.987819
Layer 1: mean node feature std = 0.282218
Layer 0: mean node feature std = 1.001968
Layer 1: mean node feature std = 0.286316
Layer 0: mean node feature std = 0.984332
Layer 1: mean node feature std = 0.281101
Layer 0: mean node feature std = 1.022208
Layer 1: mean node feature std = 0.292294
Layer 0: mean node feature std = 1.000586
Layer 1: mean node feature std = 0.285853
Layer 0: mean node feature std = 1.009424
Layer 1: mean node feature std = 0.288535
Layer 0: mean node feature std = 1.000310
Layer 1: mean node feature std = 0.285852
Layer 0: mean node feature std = 0.979792
Layer 1: mean node feature std = 0.279888
Layer 0: mean node feature std = 1.001404
Layer 1: mean node feature std = 0.286310
Layer 0: mean node feature std = 0.970956
Layer 1: mean node feature std = 0.277361
Layer 0: mean node feature std = 1.014395
Layer 1: mean node feature std = 0.290436
Layer 0: mean node feature std = 0.981288
Layer 1: mean node feature std = 0.280768
Layer 0: mean node feature std = 0.995559
Layer 1: mean node feature std = 0.285059
Epoch 39 | loss=1584.4718 | 1709.5689
Layer 0: mean node feature std = 0.998203
Layer 1: mean node feature std = 0.286074
Layer 0: mean node feature std = 1.013093
Layer 1: mean node feature std = 0.290518
Layer 0: mean node feature std = 1.014231
Layer 1: mean node feature std = 0.290734
Layer 0: mean node feature std = 0.986497
Layer 1: mean node feature std = 0.282507
Layer 0: mean node feature std = 0.994473
Layer 1: mean node feature std = 0.284688
Layer 0: mean node feature std = 1.036083
Layer 1: mean node feature std = 0.297066
Layer 0: mean node feature std = 0.986036
Layer 1: mean node feature std = 0.282061
Layer 0: mean node feature std = 0.987347
Layer 1: mean node feature std = 0.282377
Layer 0: mean node feature std = 0.978609
Layer 1: mean node feature std = 0.279781
Layer 0: mean node feature std = 0.983450
Layer 1: mean node feature std = 0.281243
Layer 0: mean node feature std = 0.993630
Layer 1: mean node feature std = 0.284235
Layer 0: mean node feature std = 0.977537
Layer 1: mean node feature std = 0.279621
Layer 0: mean node feature std = 1.000169
Layer 1: mean node feature std = 0.286234
Layer 0: mean node feature std = 1.003424
Layer 1: mean node feature std = 0.287317
Layer 0: mean node feature std = 0.983453
Layer 1: mean node feature std = 0.281383
Layer 0: mean node feature std = 0.983869
Layer 1: mean node feature std = 0.281574
Epoch 40 | loss=1642.1378 | 1850.6819
Layer 0: mean node feature std = 0.972444
Layer 1: mean node feature std = 0.278229
Layer 0: mean node feature std = 0.999703
Layer 1: mean node feature std = 0.286372
Layer 0: mean node feature std = 1.000373
Layer 1: mean node feature std = 0.286577
Layer 0: mean node feature std = 1.012600
Layer 1: mean node feature std = 0.290278
Layer 0: mean node feature std = 1.002383
Layer 1: mean node feature std = 0.287214
Layer 0: mean node feature std = 0.972152
Layer 1: mean node feature std = 0.278201
Layer 0: mean node feature std = 1.020823
Layer 1: mean node feature std = 0.292653
Layer 0: mean node feature std = 0.979511
Layer 1: mean node feature std = 0.280295
Layer 0: mean node feature std = 1.003413
Layer 1: mean node feature std = 0.287562
Layer 0: mean node feature std = 1.014177
Layer 1: mean node feature std = 0.290621
Layer 0: mean node feature std = 0.987424
Layer 1: mean node feature std = 0.282569
Layer 0: mean node feature std = 0.995437
Layer 1: mean node feature std = 0.284910
Layer 0: mean node feature std = 0.994948
Layer 1: mean node feature std = 0.284659
Layer 0: mean node feature std = 0.984515
Layer 1: mean node feature std = 0.281676
Layer 0: mean node feature std = 0.993648
Layer 1: mean node feature std = 0.284298
Layer 0: mean node feature std = 0.998190
Layer 1: mean node feature std = 0.285831
Epoch 41 | loss=1617.3855 | 1592.1132
Layer 0: mean node feature std = 0.970978
Layer 1: mean node feature std = 0.277706
Layer 0: mean node feature std = 1.014505
Layer 1: mean node feature std = 0.290670
Layer 0: mean node feature std = 0.961471
Layer 1: mean node feature std = 0.275010
Layer 0: mean node feature std = 1.034358
Layer 1: mean node feature std = 0.296878
Layer 0: mean node feature std = 0.987364
Layer 1: mean node feature std = 0.282981
Layer 0: mean node feature std = 1.022421
Layer 1: mean node feature std = 0.293473
Layer 0: mean node feature std = 0.995271
Layer 1: mean node feature std = 0.285597
Layer 0: mean node feature std = 1.019201
Layer 1: mean node feature std = 0.292797
Layer 0: mean node feature std = 0.989772
Layer 1: mean node feature std = 0.283934
Layer 0: mean node feature std = 0.994070
Layer 1: mean node feature std = 0.285126
Layer 0: mean node feature std = 0.989167
Layer 1: mean node feature std = 0.283700
Layer 0: mean node feature std = 0.993535
Layer 1: mean node feature std = 0.284864
Layer 0: mean node feature std = 0.971674
Layer 1: mean node feature std = 0.278124
Layer 0: mean node feature std = 0.995504
Layer 1: mean node feature std = 0.285088
Layer 0: mean node feature std = 0.995618
Layer 1: mean node feature std = 0.285055
Layer 0: mean node feature std = 0.990939
Layer 1: mean node feature std = 0.283621
Epoch 42 | loss=1763.9103 | 1566.2885
Layer 0: mean node feature std = 0.970576
Layer 1: mean node feature std = 0.277636
Layer 0: mean node feature std = 1.031960
Layer 1: mean node feature std = 0.296011
Layer 0: mean node feature std = 1.002234
Layer 1: mean node feature std = 0.287236
Layer 0: mean node feature std = 0.967439
Layer 1: mean node feature std = 0.276998
Layer 0: mean node feature std = 1.025256
Layer 1: mean node feature std = 0.294356
Layer 0: mean node feature std = 1.001832
Layer 1: mean node feature std = 0.287489
Layer 0: mean node feature std = 0.998783
Layer 1: mean node feature std = 0.286601
Layer 0: mean node feature std = 0.965000
Layer 1: mean node feature std = 0.276550
Layer 0: mean node feature std = 0.999249
Layer 1: mean node feature std = 0.286833
Layer 0: mean node feature std = 1.011182
Layer 1: mean node feature std = 0.290373
Layer 0: mean node feature std = 1.019209
Layer 1: mean node feature std = 0.292816
Layer 0: mean node feature std = 0.980541
Layer 1: mean node feature std = 0.281220
Layer 0: mean node feature std = 0.995857
Layer 1: mean node feature std = 0.285719
Layer 0: mean node feature std = 0.977057
Layer 1: mean node feature std = 0.280095
Layer 0: mean node feature std = 0.980728
Layer 1: mean node feature std = 0.281205
Layer 0: mean node feature std = 1.033629
Layer 1: mean node feature std = 0.296788
Epoch 43 | loss=1569.8864 | 1960.7749
Layer 0: mean node feature std = 1.008712
Layer 1: mean node feature std = 0.289292
Layer 0: mean node feature std = 1.014961
Layer 1: mean node feature std = 0.291057
Layer 0: mean node feature std = 0.978751
Layer 1: mean node feature std = 0.280216
Layer 0: mean node feature std = 1.004677
Layer 1: mean node feature std = 0.287878
Layer 0: mean node feature std = 0.990971
Layer 1: mean node feature std = 0.283824
Layer 0: mean node feature std = 0.968873
Layer 1: mean node feature std = 0.277158
Layer 0: mean node feature std = 0.991565
Layer 1: mean node feature std = 0.283847
Layer 0: mean node feature std = 1.010921
Layer 1: mean node feature std = 0.289878
Layer 0: mean node feature std = 0.996656
Layer 1: mean node feature std = 0.285619
Layer 0: mean node feature std = 0.985368
Layer 1: mean node feature std = 0.282352
Layer 0: mean node feature std = 1.007656
Layer 1: mean node feature std = 0.289247
Layer 0: mean node feature std = 0.991700
Layer 1: mean node feature std = 0.284526
Layer 0: mean node feature std = 0.990354
Layer 1: mean node feature std = 0.284166
Layer 0: mean node feature std = 0.982973
Layer 1: mean node feature std = 0.282103
Layer 0: mean node feature std = 1.009383
Layer 1: mean node feature std = 0.289934
Layer 0: mean node feature std = 0.998352
Layer 1: mean node feature std = 0.286644
Epoch 44 | loss=1645.6079 | 1631.0648
Layer 0: mean node feature std = 1.009494
Layer 1: mean node feature std = 0.289873
Layer 0: mean node feature std = 0.991781
Layer 1: mean node feature std = 0.284467
Layer 0: mean node feature std = 1.021931
Layer 1: mean node feature std = 0.293414
Layer 0: mean node feature std = 0.989159
Layer 1: mean node feature std = 0.283635
Layer 0: mean node feature std = 0.999590
Layer 1: mean node feature std = 0.286648
Layer 0: mean node feature std = 0.979036
Layer 1: mean node feature std = 0.280482
Layer 0: mean node feature std = 0.955588
Layer 1: mean node feature std = 0.273489
Layer 0: mean node feature std = 0.989748
Layer 1: mean node feature std = 0.283547
Layer 0: mean node feature std = 0.990214
Layer 1: mean node feature std = 0.283695
Layer 0: mean node feature std = 1.005171
Layer 1: mean node feature std = 0.288113
Layer 0: mean node feature std = 1.022123
Layer 1: mean node feature std = 0.293250
Layer 0: mean node feature std = 0.978618
Layer 1: mean node feature std = 0.280407
Layer 0: mean node feature std = 1.011070
Layer 1: mean node feature std = 0.290229
Layer 0: mean node feature std = 0.980520
Layer 1: mean node feature std = 0.281230
Layer 0: mean node feature std = 1.013646
Layer 1: mean node feature std = 0.291269
Layer 0: mean node feature std = 0.976122
Layer 1: mean node feature std = 0.279935
Epoch 45 | loss=1593.2310 | 1790.8413
Layer 0: mean node feature std = 1.006565
Layer 1: mean node feature std = 0.289129
Layer 0: mean node feature std = 1.006066
Layer 1: mean node feature std = 0.289013
Layer 0: mean node feature std = 0.987400
Layer 1: mean node feature std = 0.283436
Layer 0: mean node feature std = 0.963797
Layer 1: mean node feature std = 0.276297
Layer 0: mean node feature std = 0.976286
Layer 1: mean node feature std = 0.279866
Layer 0: mean node feature std = 0.984438
Layer 1: mean node feature std = 0.282113
Layer 0: mean node feature std = 1.001182
Layer 1: mean node feature std = 0.287097
Layer 0: mean node feature std = 1.022095
Layer 1: mean node feature std = 0.293305
Layer 0: mean node feature std = 1.009744
Layer 1: mean node feature std = 0.289594
Layer 0: mean node feature std = 0.998011
Layer 1: mean node feature std = 0.286091
Layer 0: mean node feature std = 0.985320
Layer 1: mean node feature std = 0.282363
Layer 0: mean node feature std = 0.985325
Layer 1: mean node feature std = 0.282521
Layer 0: mean node feature std = 0.993711
Layer 1: mean node feature std = 0.285089
Layer 0: mean node feature std = 1.017540
Layer 1: mean node feature std = 0.292413
Layer 0: mean node feature std = 0.992479
Layer 1: mean node feature std = 0.285036
Layer 0: mean node feature std = 1.017333
Layer 1: mean node feature std = 0.292397
Epoch 46 | loss=1685.7702 | 1576.5015
Layer 0: mean node feature std = 0.980233
Layer 1: mean node feature std = 0.281369
Layer 0: mean node feature std = 0.997002
Layer 1: mean node feature std = 0.286481
Layer 0: mean node feature std = 1.003104
Layer 1: mean node feature std = 0.288374
Layer 0: mean node feature std = 1.015943
Layer 1: mean node feature std = 0.292291
Layer 0: mean node feature std = 0.970744
Layer 1: mean node feature std = 0.278758
Layer 0: mean node feature std = 0.996426
Layer 1: mean node feature std = 0.286601
Layer 0: mean node feature std = 0.992464
Layer 1: mean node feature std = 0.285429
Layer 0: mean node feature std = 1.014437
Layer 1: mean node feature std = 0.291854
Layer 0: mean node feature std = 0.989303
Layer 1: mean node feature std = 0.284319
Layer 0: mean node feature std = 0.984104
Layer 1: mean node feature std = 0.282751
Layer 0: mean node feature std = 0.986177
Layer 1: mean node feature std = 0.283368
Layer 0: mean node feature std = 0.996588
Layer 1: mean node feature std = 0.286531
Layer 0: mean node feature std = 1.002472
Layer 1: mean node feature std = 0.288126
Layer 0: mean node feature std = 0.989604
Layer 1: mean node feature std = 0.284397
Layer 0: mean node feature std = 1.013654
Layer 1: mean node feature std = 0.291462
Layer 0: mean node feature std = 1.005097
Layer 1: mean node feature std = 0.288728
Epoch 47 | loss=1576.6973 | 1601.3163
Layer 0: mean node feature std = 1.009435
Layer 1: mean node feature std = 0.290321
Layer 0: mean node feature std = 1.005143
Layer 1: mean node feature std = 0.289239
Layer 0: mean node feature std = 0.992760
Layer 1: mean node feature std = 0.285404
Layer 0: mean node feature std = 0.986781
Layer 1: mean node feature std = 0.283781
Layer 0: mean node feature std = 0.999534
Layer 1: mean node feature std = 0.287585
Layer 0: mean node feature std = 0.994779
Layer 1: mean node feature std = 0.286326
Layer 0: mean node feature std = 0.959997
Layer 1: mean node feature std = 0.276014
Layer 0: mean node feature std = 0.996339
Layer 1: mean node feature std = 0.286889
Layer 0: mean node feature std = 1.000399
Layer 1: mean node feature std = 0.288264
Layer 0: mean node feature std = 0.979601
Layer 1: mean node feature std = 0.282050
Layer 0: mean node feature std = 0.994282
Layer 1: mean node feature std = 0.286459
Layer 0: mean node feature std = 0.980251
Layer 1: mean node feature std = 0.282246
Layer 0: mean node feature std = 1.007477
Layer 1: mean node feature std = 0.290339
Layer 0: mean node feature std = 1.000910
Layer 1: mean node feature std = 0.288331
Layer 0: mean node feature std = 1.009595
Layer 1: mean node feature std = 0.290914
Layer 0: mean node feature std = 1.084941
Layer 1: mean node feature std = 0.313294
Epoch 48 | loss=1564.3477 | 1583.3530
Layer 0: mean node feature std = 0.990857
Layer 1: mean node feature std = 0.284936
Layer 0: mean node feature std = 0.992993
Layer 1: mean node feature std = 0.285573
Layer 0: mean node feature std = 0.971248
Layer 1: mean node feature std = 0.278947
Layer 0: mean node feature std = 1.008132
Layer 1: mean node feature std = 0.289947
Layer 0: mean node feature std = 0.988251
Layer 1: mean node feature std = 0.283988
Layer 0: mean node feature std = 1.020216
Layer 1: mean node feature std = 0.293526
Layer 0: mean node feature std = 1.009689
Layer 1: mean node feature std = 0.290414
Layer 0: mean node feature std = 0.996717
Layer 1: mean node feature std = 0.286713
Layer 0: mean node feature std = 0.990511
Layer 1: mean node feature std = 0.284968
Layer 0: mean node feature std = 0.995059
Layer 1: mean node feature std = 0.286512
Layer 0: mean node feature std = 0.988509
Layer 1: mean node feature std = 0.284758
Layer 0: mean node feature std = 1.004824
Layer 1: mean node feature std = 0.289771
Layer 0: mean node feature std = 0.981276
Layer 1: mean node feature std = 0.282729
Layer 0: mean node feature std = 0.994798
Layer 1: mean node feature std = 0.286909
Layer 0: mean node feature std = 1.007761
Layer 1: mean node feature std = 0.290812
Layer 0: mean node feature std = 0.959302
Layer 1: mean node feature std = 0.276007
Epoch 49 | loss=1585.1767 | 2110.3267
Layer 0: mean node feature std = 0.976383
Layer 1: mean node feature std = 0.281331
Layer 0: mean node feature std = 0.999989
Layer 1: mean node feature std = 0.288269
Layer 0: mean node feature std = 0.995904
Layer 1: mean node feature std = 0.286898
Layer 0: mean node feature std = 0.994685
Layer 1: mean node feature std = 0.286444
Layer 0: mean node feature std = 0.987941
Layer 1: mean node feature std = 0.284253
Layer 0: mean node feature std = 0.991287
Layer 1: mean node feature std = 0.285219
Layer 0: mean node feature std = 1.014511
Layer 1: mean node feature std = 0.292095
Layer 0: mean node feature std = 0.977023
Layer 1: mean node feature std = 0.280969
Layer 0: mean node feature std = 0.994224
Layer 1: mean node feature std = 0.286113
Layer 0: mean node feature std = 0.993490
Layer 1: mean node feature std = 0.286044
Layer 0: mean node feature std = 1.000556
Layer 1: mean node feature std = 0.288188
Layer 0: mean node feature std = 1.021082
Layer 1: mean node feature std = 0.294367
Layer 0: mean node feature std = 0.996215
Layer 1: mean node feature std = 0.287038
Layer 0: mean node feature std = 1.005604
Layer 1: mean node feature std = 0.289938
Layer 0: mean node feature std = 0.990399
Layer 1: mean node feature std = 0.285452
Layer 0: mean node feature std = 0.967560
Layer 1: mean node feature std = 0.278592
Epoch 50 | loss=1684.4202 | 1582.7531
Layer 0: mean node feature std = 1.011518
Layer 1: mean node feature std = 0.291949
Layer 0: mean node feature std = 1.004635
Layer 1: mean node feature std = 0.290032
Layer 0: mean node feature std = 0.997969
Layer 1: mean node feature std = 0.288068
Layer 0: mean node feature std = 0.972487
Layer 1: mean node feature std = 0.280379
Layer 0: mean node feature std = 1.004385
Layer 1: mean node feature std = 0.290003
Layer 0: mean node feature std = 0.981207
Layer 1: mean node feature std = 0.282978
Layer 0: mean node feature std = 0.990175
Layer 1: mean node feature std = 0.285582
Layer 0: mean node feature std = 1.014000
Layer 1: mean node feature std = 0.292487
Layer 0: mean node feature std = 0.978320
Layer 1: mean node feature std = 0.281601
Layer 0: mean node feature std = 1.005536
Layer 1: mean node feature std = 0.289719
Layer 0: mean node feature std = 0.994330
Layer 1: mean node feature std = 0.286265
Layer 0: mean node feature std = 1.020815
Layer 1: mean node feature std = 0.294192
Layer 0: mean node feature std = 0.963805
Layer 1: mean node feature std = 0.277051
Layer 0: mean node feature std = 0.998394
Layer 1: mean node feature std = 0.287353
Layer 0: mean node feature std = 1.007269
Layer 1: mean node feature std = 0.290143
Layer 0: mean node feature std = 0.937950
Layer 1: mean node feature std = 0.269639
Epoch 51 | loss=1628.6934 | 1703.5322
Layer 0: mean node feature std = 1.001795
Layer 1: mean node feature std = 0.288714
Layer 0: mean node feature std = 1.024587
Layer 1: mean node feature std = 0.295787
Layer 0: mean node feature std = 1.010925
Layer 1: mean node feature std = 0.291737
Layer 0: mean node feature std = 1.009687
Layer 1: mean node feature std = 0.291511
Layer 0: mean node feature std = 0.993995
Layer 1: mean node feature std = 0.286794
Layer 0: mean node feature std = 0.967517
Layer 1: mean node feature std = 0.278942
Layer 0: mean node feature std = 1.001238
Layer 1: mean node feature std = 0.289069
Layer 0: mean node feature std = 1.017623
Layer 1: mean node feature std = 0.293867
Layer 0: mean node feature std = 1.004636
Layer 1: mean node feature std = 0.290093
Layer 0: mean node feature std = 0.974994
Layer 1: mean node feature std = 0.281150
Layer 0: mean node feature std = 0.999409
Layer 1: mean node feature std = 0.288346
Layer 0: mean node feature std = 0.999478
Layer 1: mean node feature std = 0.288390
Layer 0: mean node feature std = 0.952419
Layer 1: mean node feature std = 0.274041
Layer 0: mean node feature std = 1.002577
Layer 1: mean node feature std = 0.289135
Layer 0: mean node feature std = 0.970379
Layer 1: mean node feature std = 0.279355
Layer 0: mean node feature std = 1.010412
Layer 1: mean node feature std = 0.291449
Epoch 52 | loss=1580.5571 | 2368.6268
Layer 0: mean node feature std = 0.992696
Layer 1: mean node feature std = 0.285960
Layer 0: mean node feature std = 1.001405
Layer 1: mean node feature std = 0.288446
Layer 0: mean node feature std = 0.972680
Layer 1: mean node feature std = 0.279883
Layer 0: mean node feature std = 0.993075
Layer 1: mean node feature std = 0.285875
Layer 0: mean node feature std = 0.985110
Layer 1: mean node feature std = 0.283517
Layer 0: mean node feature std = 1.023621
Layer 1: mean node feature std = 0.295203
Layer 0: mean node feature std = 1.012665
Layer 1: mean node feature std = 0.292139
Layer 0: mean node feature std = 1.016903
Layer 1: mean node feature std = 0.293324
Layer 0: mean node feature std = 1.031225
Layer 1: mean node feature std = 0.297739
Layer 0: mean node feature std = 0.963471
Layer 1: mean node feature std = 0.277599
Layer 0: mean node feature std = 0.978125
Layer 1: mean node feature std = 0.282009
Layer 0: mean node feature std = 0.966341
Layer 1: mean node feature std = 0.278689
Layer 0: mean node feature std = 1.015412
Layer 1: mean node feature std = 0.293478
Layer 0: mean node feature std = 0.967373
Layer 1: mean node feature std = 0.279224
Layer 0: mean node feature std = 1.011738
Layer 1: mean node feature std = 0.292661
Layer 0: mean node feature std = 1.007310
Layer 1: mean node feature std = 0.291246
Epoch 53 | loss=1633.3702 | 1920.1462
Layer 0: mean node feature std = 1.013401
Layer 1: mean node feature std = 0.293086
Layer 0: mean node feature std = 0.997340
Layer 1: mean node feature std = 0.288048
Layer 0: mean node feature std = 1.016364
Layer 1: mean node feature std = 0.293807
Layer 0: mean node feature std = 0.991794
Layer 1: mean node feature std = 0.286350
Layer 0: mean node feature std = 0.993785
Layer 1: mean node feature std = 0.286838
Layer 0: mean node feature std = 0.996556
Layer 1: mean node feature std = 0.287600
Layer 0: mean node feature std = 0.993662
Layer 1: mean node feature std = 0.286700
Layer 0: mean node feature std = 1.005450
Layer 1: mean node feature std = 0.290301
Layer 0: mean node feature std = 0.957625
Layer 1: mean node feature std = 0.275781
Layer 0: mean node feature std = 0.994543
Layer 1: mean node feature std = 0.287015
Layer 0: mean node feature std = 0.989314
Layer 1: mean node feature std = 0.285553
Layer 0: mean node feature std = 1.010605
Layer 1: mean node feature std = 0.292024
Layer 0: mean node feature std = 1.005540
Layer 1: mean node feature std = 0.290499
Layer 0: mean node feature std = 1.009055
Layer 1: mean node feature std = 0.291672
Layer 0: mean node feature std = 0.960205
Layer 1: mean node feature std = 0.276914
Layer 0: mean node feature std = 0.989179
Layer 1: mean node feature std = 0.285743
Epoch 54 | loss=1683.1984 | 1810.2707
Layer 0: mean node feature std = 1.004973
Layer 1: mean node feature std = 0.290494
Layer 0: mean node feature std = 1.007500
Layer 1: mean node feature std = 0.291440
Layer 0: mean node feature std = 1.013985
Layer 1: mean node feature std = 0.293414
Layer 0: mean node feature std = 0.987854
Layer 1: mean node feature std = 0.285384
Layer 0: mean node feature std = 0.977470
Layer 1: mean node feature std = 0.282267
Layer 0: mean node feature std = 0.997849
Layer 1: mean node feature std = 0.288468
Layer 0: mean node feature std = 0.994607
Layer 1: mean node feature std = 0.287344
Layer 0: mean node feature std = 0.985028
Layer 1: mean node feature std = 0.284476
Layer 0: mean node feature std = 0.975009
Layer 1: mean node feature std = 0.281495
Layer 0: mean node feature std = 1.000189
Layer 1: mean node feature std = 0.289142
Layer 0: mean node feature std = 1.001910
Layer 1: mean node feature std = 0.289614
Layer 0: mean node feature std = 1.007753
Layer 1: mean node feature std = 0.291430
Layer 0: mean node feature std = 0.996262
Layer 1: mean node feature std = 0.288116
Layer 0: mean node feature std = 0.980017
Layer 1: mean node feature std = 0.283200
Layer 0: mean node feature std = 1.005728
Layer 1: mean node feature std = 0.290952
Layer 0: mean node feature std = 0.984390
Layer 1: mean node feature std = 0.284413
Epoch 55 | loss=1583.4742 | 1612.2797
Layer 0: mean node feature std = 1.003717
Layer 1: mean node feature std = 0.290426
Layer 0: mean node feature std = 1.007701
Layer 1: mean node feature std = 0.291576
Layer 0: mean node feature std = 1.001180
Layer 1: mean node feature std = 0.289737
Layer 0: mean node feature std = 1.007050
Layer 1: mean node feature std = 0.291523
Layer 0: mean node feature std = 1.003680
Layer 1: mean node feature std = 0.290571
Layer 0: mean node feature std = 0.978152
Layer 1: mean node feature std = 0.282879
Layer 0: mean node feature std = 0.989005
Layer 1: mean node feature std = 0.286264
Layer 0: mean node feature std = 1.002830
Layer 1: mean node feature std = 0.290413
Layer 0: mean node feature std = 1.001516
Layer 1: mean node feature std = 0.289919
Layer 0: mean node feature std = 0.990486
Layer 1: mean node feature std = 0.286682
Layer 0: mean node feature std = 0.974139
Layer 1: mean node feature std = 0.281665
Layer 0: mean node feature std = 1.011677
Layer 1: mean node feature std = 0.292959
Layer 0: mean node feature std = 0.991374
Layer 1: mean node feature std = 0.286863
Layer 0: mean node feature std = 0.989636
Layer 1: mean node feature std = 0.286352
Layer 0: mean node feature std = 0.992884
Layer 1: mean node feature std = 0.287247
Layer 0: mean node feature std = 0.936979
Layer 1: mean node feature std = 0.270127
Epoch 56 | loss=1656.2129 | 1851.6647
Layer 0: mean node feature std = 1.027578
Layer 1: mean node feature std = 0.297646
Layer 0: mean node feature std = 1.016952
Layer 1: mean node feature std = 0.294559
Layer 0: mean node feature std = 0.980367
Layer 1: mean node feature std = 0.283657
Layer 0: mean node feature std = 1.026361
Layer 1: mean node feature std = 0.297574
Layer 0: mean node feature std = 1.005016
Layer 1: mean node feature std = 0.291136
Layer 0: mean node feature std = 0.971282
Layer 1: mean node feature std = 0.281032
Layer 0: mean node feature std = 0.978460
Layer 1: mean node feature std = 0.283104
Layer 0: mean node feature std = 0.976916
Layer 1: mean node feature std = 0.282728
Layer 0: mean node feature std = 0.996646
Layer 1: mean node feature std = 0.288564
Layer 0: mean node feature std = 0.990202
Layer 1: mean node feature std = 0.286609
Layer 0: mean node feature std = 0.998757
Layer 1: mean node feature std = 0.289145
Layer 0: mean node feature std = 0.988442
Layer 1: mean node feature std = 0.285837
Layer 0: mean node feature std = 1.014038
Layer 1: mean node feature std = 0.293649
Layer 0: mean node feature std = 0.977911
Layer 1: mean node feature std = 0.282742
Layer 0: mean node feature std = 0.981283
Layer 1: mean node feature std = 0.283780
Layer 0: mean node feature std = 1.015989
Layer 1: mean node feature std = 0.294288
Epoch 57 | loss=1581.5418 | 1587.9637
Layer 0: mean node feature std = 0.999700
Layer 1: mean node feature std = 0.289269
Layer 0: mean node feature std = 1.011326
Layer 1: mean node feature std = 0.292845
Layer 0: mean node feature std = 0.995353
Layer 1: mean node feature std = 0.288042
Layer 0: mean node feature std = 0.985453
Layer 1: mean node feature std = 0.285052
Layer 0: mean node feature std = 0.993925
Layer 1: mean node feature std = 0.287773
Layer 0: mean node feature std = 1.007105
Layer 1: mean node feature std = 0.291675
Layer 0: mean node feature std = 1.001263
Layer 1: mean node feature std = 0.289969
Layer 0: mean node feature std = 0.987270
Layer 1: mean node feature std = 0.285781
Layer 0: mean node feature std = 0.988842
Layer 1: mean node feature std = 0.286204
Layer 0: mean node feature std = 0.970018
Layer 1: mean node feature std = 0.280510
Layer 0: mean node feature std = 0.977771
Layer 1: mean node feature std = 0.282855
Layer 0: mean node feature std = 1.003132
Layer 1: mean node feature std = 0.290378
Layer 0: mean node feature std = 1.025418
Layer 1: mean node feature std = 0.297056
Layer 0: mean node feature std = 0.993872
Layer 1: mean node feature std = 0.287691
Layer 0: mean node feature std = 1.007322
Layer 1: mean node feature std = 0.291681
Layer 0: mean node feature std = 0.922352
Layer 1: mean node feature std = 0.266168
Epoch 58 | loss=1533.4307 | 1704.2846
Layer 0: mean node feature std = 0.976249
Layer 1: mean node feature std = 0.282341
Layer 0: mean node feature std = 1.019265
Layer 1: mean node feature std = 0.295319
Layer 0: mean node feature std = 1.001119
Layer 1: mean node feature std = 0.289822
Layer 0: mean node feature std = 0.999109
Layer 1: mean node feature std = 0.289326
Layer 0: mean node feature std = 0.986971
Layer 1: mean node feature std = 0.285599
Layer 0: mean node feature std = 1.005417
Layer 1: mean node feature std = 0.291254
Layer 0: mean node feature std = 0.992434
Layer 1: mean node feature std = 0.287303
Layer 0: mean node feature std = 1.010350
Layer 1: mean node feature std = 0.292650
Layer 0: mean node feature std = 1.013749
Layer 1: mean node feature std = 0.293786
Layer 0: mean node feature std = 0.970683
Layer 1: mean node feature std = 0.280772
Layer 0: mean node feature std = 0.981346
Layer 1: mean node feature std = 0.283923
Layer 0: mean node feature std = 0.971088
Layer 1: mean node feature std = 0.281009
Layer 0: mean node feature std = 1.023863
Layer 1: mean node feature std = 0.297006
Layer 0: mean node feature std = 0.994245
Layer 1: mean node feature std = 0.288100
Layer 0: mean node feature std = 0.991704
Layer 1: mean node feature std = 0.287349
Layer 0: mean node feature std = 0.976633
Layer 1: mean node feature std = 0.282675
Epoch 59 | loss=1592.0979 | 1666.9521
Layer 0: mean node feature std = 0.996946
Layer 1: mean node feature std = 0.289042
Layer 0: mean node feature std = 0.990720
Layer 1: mean node feature std = 0.287063
Layer 0: mean node feature std = 0.982055
Layer 1: mean node feature std = 0.284612
Layer 0: mean node feature std = 0.982271
Layer 1: mean node feature std = 0.284678
Layer 0: mean node feature std = 0.992148
Layer 1: mean node feature std = 0.287791
Layer 0: mean node feature std = 0.992406
Layer 1: mean node feature std = 0.287775
Layer 0: mean node feature std = 0.980439
Layer 1: mean node feature std = 0.284248
Layer 0: mean node feature std = 0.983720
Layer 1: mean node feature std = 0.285184
Layer 0: mean node feature std = 1.021829
Layer 1: mean node feature std = 0.296731
Layer 0: mean node feature std = 0.998404
Layer 1: mean node feature std = 0.289659
Layer 0: mean node feature std = 0.999314
Layer 1: mean node feature std = 0.289785
Layer 0: mean node feature std = 1.011079
Layer 1: mean node feature std = 0.293387
Layer 0: mean node feature std = 0.984231
Layer 1: mean node feature std = 0.285338
Layer 0: mean node feature std = 1.020343
Layer 1: mean node feature std = 0.296260
Layer 0: mean node feature std = 0.994541
Layer 1: mean node feature std = 0.288610
Layer 0: mean node feature std = 1.014741
Layer 1: mean node feature std = 0.294536
Epoch 60 | loss=1584.8599 | 1726.4943
Layer 0: mean node feature std = 0.993832
Layer 1: mean node feature std = 0.288466
Layer 0: mean node feature std = 0.972107
Layer 1: mean node feature std = 0.281966
Layer 0: mean node feature std = 0.990008
Layer 1: mean node feature std = 0.287451
Layer 0: mean node feature std = 0.963835
Layer 1: mean node feature std = 0.279578
Layer 0: mean node feature std = 0.993660
Layer 1: mean node feature std = 0.288489
Layer 0: mean node feature std = 1.012237
Layer 1: mean node feature std = 0.294152
Layer 0: mean node feature std = 0.997456
Layer 1: mean node feature std = 0.289706
Layer 0: mean node feature std = 0.980332
Layer 1: mean node feature std = 0.284421
Layer 0: mean node feature std = 0.977302
Layer 1: mean node feature std = 0.283421
Layer 0: mean node feature std = 1.005799
Layer 1: mean node feature std = 0.292083
Layer 0: mean node feature std = 1.010055
Layer 1: mean node feature std = 0.293410
Layer 0: mean node feature std = 1.001917
Layer 1: mean node feature std = 0.290988
Layer 0: mean node feature std = 1.004306
Layer 1: mean node feature std = 0.291656
Layer 0: mean node feature std = 0.995454
Layer 1: mean node feature std = 0.288978
Layer 0: mean node feature std = 1.031874
Layer 1: mean node feature std = 0.299986
Layer 0: mean node feature std = 1.016186
Layer 1: mean node feature std = 0.295221
Epoch 61 | loss=1622.8901 | 1563.2407
Layer 0: mean node feature std = 0.965766
Layer 1: mean node feature std = 0.280183
Layer 0: mean node feature std = 1.000517
Layer 1: mean node feature std = 0.290811
Layer 0: mean node feature std = 0.990979
Layer 1: mean node feature std = 0.287974
Layer 0: mean node feature std = 1.030376
Layer 1: mean node feature std = 0.300147
Layer 0: mean node feature std = 1.004691
Layer 1: mean node feature std = 0.292320
Layer 0: mean node feature std = 0.997392
Layer 1: mean node feature std = 0.290281
Layer 0: mean node feature std = 0.990710
Layer 1: mean node feature std = 0.288239
Layer 0: mean node feature std = 1.000577
Layer 1: mean node feature std = 0.291084
Layer 0: mean node feature std = 0.993918
Layer 1: mean node feature std = 0.289094
Layer 0: mean node feature std = 0.988539
Layer 1: mean node feature std = 0.287504
Layer 0: mean node feature std = 0.980267
Layer 1: mean node feature std = 0.284999
Layer 0: mean node feature std = 1.023966
Layer 1: mean node feature std = 0.298174
Layer 0: mean node feature std = 0.960297
Layer 1: mean node feature std = 0.278877
Layer 0: mean node feature std = 1.003600
Layer 1: mean node feature std = 0.292053
Layer 0: mean node feature std = 0.993804
Layer 1: mean node feature std = 0.289069
Layer 0: mean node feature std = 1.041654
Layer 1: mean node feature std = 0.303630
Epoch 62 | loss=1576.9094 | 1620.4035
Layer 0: mean node feature std = 0.985377
Layer 1: mean node feature std = 0.286415
Layer 0: mean node feature std = 1.015049
Layer 1: mean node feature std = 0.295442
Layer 0: mean node feature std = 0.996830
Layer 1: mean node feature std = 0.289819
Layer 0: mean node feature std = 0.981350
Layer 1: mean node feature std = 0.285174
Layer 0: mean node feature std = 0.973244
Layer 1: mean node feature std = 0.282706
Layer 0: mean node feature std = 1.013265
Layer 1: mean node feature std = 0.294912
Layer 0: mean node feature std = 0.993417
Layer 1: mean node feature std = 0.288926
Layer 0: mean node feature std = 0.996631
Layer 1: mean node feature std = 0.289983
Layer 0: mean node feature std = 1.002999
Layer 1: mean node feature std = 0.291949
Layer 0: mean node feature std = 0.991231
Layer 1: mean node feature std = 0.288568
Layer 0: mean node feature std = 1.016386
Layer 1: mean node feature std = 0.296249
Layer 0: mean node feature std = 1.013749
Layer 1: mean node feature std = 0.295524
Layer 0: mean node feature std = 0.981372
Layer 1: mean node feature std = 0.285807
Layer 0: mean node feature std = 0.968436
Layer 1: mean node feature std = 0.282057
Layer 0: mean node feature std = 1.001522
Layer 1: mean node feature std = 0.292228
Layer 0: mean node feature std = 1.012548
Layer 1: mean node feature std = 0.295659
Epoch 63 | loss=1595.2903 | 1606.8280
Layer 0: mean node feature std = 1.024212
Layer 1: mean node feature std = 0.299135
Layer 0: mean node feature std = 0.972071
Layer 1: mean node feature std = 0.283282
Layer 0: mean node feature std = 1.007749
Layer 1: mean node feature std = 0.294207
Layer 0: mean node feature std = 0.981625
Layer 1: mean node feature std = 0.286134
Layer 0: mean node feature std = 0.997523
Layer 1: mean node feature std = 0.290767
Layer 0: mean node feature std = 1.010314
Layer 1: mean node feature std = 0.294872
Layer 0: mean node feature std = 0.961530
Layer 1: mean node feature std = 0.279722
Layer 0: mean node feature std = 1.012373
Layer 1: mean node feature std = 0.295178
Layer 0: mean node feature std = 0.986452
Layer 1: mean node feature std = 0.287271
Layer 0: mean node feature std = 0.977223
Layer 1: mean node feature std = 0.284395
Layer 0: mean node feature std = 1.008963
Layer 1: mean node feature std = 0.293867
Layer 0: mean node feature std = 0.991078
Layer 1: mean node feature std = 0.288541
Layer 0: mean node feature std = 1.002735
Layer 1: mean node feature std = 0.292006
Layer 0: mean node feature std = 1.004726
Layer 1: mean node feature std = 0.292726
Layer 0: mean node feature std = 0.993519
Layer 1: mean node feature std = 0.289250
Layer 0: mean node feature std = 1.005964
Layer 1: mean node feature std = 0.293017
Epoch 64 | loss=1644.9729 | 1586.8333
Layer 0: mean node feature std = 1.035016
Layer 1: mean node feature std = 0.302118
Layer 0: mean node feature std = 0.987066
Layer 1: mean node feature std = 0.287745
Layer 0: mean node feature std = 0.983197
Layer 1: mean node feature std = 0.286665
Layer 0: mean node feature std = 0.992779
Layer 1: mean node feature std = 0.289769
Layer 0: mean node feature std = 1.021244
Layer 1: mean node feature std = 0.298287
Layer 0: mean node feature std = 1.002583
Layer 1: mean node feature std = 0.292683
Layer 0: mean node feature std = 1.004061
Layer 1: mean node feature std = 0.293072
Layer 0: mean node feature std = 0.992715
Layer 1: mean node feature std = 0.289438
Layer 0: mean node feature std = 0.995067
Layer 1: mean node feature std = 0.290213
Layer 0: mean node feature std = 0.969646
Layer 1: mean node feature std = 0.282344
Layer 0: mean node feature std = 0.992665
Layer 1: mean node feature std = 0.289436
Layer 0: mean node feature std = 0.988738
Layer 1: mean node feature std = 0.288160
Layer 0: mean node feature std = 0.967323
Layer 1: mean node feature std = 0.281719
Layer 0: mean node feature std = 1.007447
Layer 1: mean node feature std = 0.293907
Layer 0: mean node feature std = 0.990945
Layer 1: mean node feature std = 0.288883
Layer 0: mean node feature std = 1.014491
Layer 1: mean node feature std = 0.296042
Epoch 65 | loss=1544.8093 | 1768.7892
Layer 0: mean node feature std = 0.992117
Layer 1: mean node feature std = 0.289373
Layer 0: mean node feature std = 0.972293
Layer 1: mean node feature std = 0.283260
Layer 0: mean node feature std = 1.008196
Layer 1: mean node feature std = 0.294182
Layer 0: mean node feature std = 1.009734
Layer 1: mean node feature std = 0.294732
Layer 0: mean node feature std = 0.998088
Layer 1: mean node feature std = 0.291257
Layer 0: mean node feature std = 0.984922
Layer 1: mean node feature std = 0.287223
Layer 0: mean node feature std = 1.003210
Layer 1: mean node feature std = 0.292853
Layer 0: mean node feature std = 0.978356
Layer 1: mean node feature std = 0.285143
Layer 0: mean node feature std = 0.995776
Layer 1: mean node feature std = 0.290485
Layer 0: mean node feature std = 0.982494
Layer 1: mean node feature std = 0.286475
Layer 0: mean node feature std = 1.017932
Layer 1: mean node feature std = 0.297288
Layer 0: mean node feature std = 0.996048
Layer 1: mean node feature std = 0.290608
Layer 0: mean node feature std = 1.012401
Layer 1: mean node feature std = 0.295674
Layer 0: mean node feature std = 0.994936
Layer 1: mean node feature std = 0.290294
Layer 0: mean node feature std = 1.003249
Layer 1: mean node feature std = 0.292817
Layer 0: mean node feature std = 0.911786
Layer 1: mean node feature std = 0.265090
Epoch 66 | loss=1576.5719 | 1587.4077
Layer 0: mean node feature std = 0.991210
Layer 1: mean node feature std = 0.289293
Layer 0: mean node feature std = 1.008052
Layer 1: mean node feature std = 0.294312
Layer 0: mean node feature std = 1.006274
Layer 1: mean node feature std = 0.293741
Layer 0: mean node feature std = 1.023797
Layer 1: mean node feature std = 0.299121
Layer 0: mean node feature std = 0.970823
Layer 1: mean node feature std = 0.282900
Layer 0: mean node feature std = 1.015278
Layer 1: mean node feature std = 0.296470
Layer 0: mean node feature std = 0.994248
Layer 1: mean node feature std = 0.290162
Layer 0: mean node feature std = 0.989453
Layer 1: mean node feature std = 0.288715
Layer 0: mean node feature std = 0.999590
Layer 1: mean node feature std = 0.291829
Layer 0: mean node feature std = 0.993580
Layer 1: mean node feature std = 0.290091
Layer 0: mean node feature std = 1.008275
Layer 1: mean node feature std = 0.294630
Layer 0: mean node feature std = 0.989270
Layer 1: mean node feature std = 0.289059
Layer 0: mean node feature std = 0.989990
Layer 1: mean node feature std = 0.289328
Layer 0: mean node feature std = 0.965069
Layer 1: mean node feature std = 0.281598
Layer 0: mean node feature std = 0.983401
Layer 1: mean node feature std = 0.287286
Layer 0: mean node feature std = 1.026140
Layer 1: mean node feature std = 0.300557
Epoch 67 | loss=1617.8978 | 1575.3061
Layer 0: mean node feature std = 0.981330
Layer 1: mean node feature std = 0.286864
Layer 0: mean node feature std = 0.975001
Layer 1: mean node feature std = 0.284962
Layer 0: mean node feature std = 0.986098
Layer 1: mean node feature std = 0.288352
Layer 0: mean node feature std = 0.988014
Layer 1: mean node feature std = 0.288976
Layer 0: mean node feature std = 1.022894
Layer 1: mean node feature std = 0.299604
Layer 0: mean node feature std = 0.989502
Layer 1: mean node feature std = 0.289362
Layer 0: mean node feature std = 1.017583
Layer 1: mean node feature std = 0.297983
Layer 0: mean node feature std = 0.996868
Layer 1: mean node feature std = 0.291556
Layer 0: mean node feature std = 1.019340
Layer 1: mean node feature std = 0.298183
Layer 0: mean node feature std = 1.015112
Layer 1: mean node feature std = 0.296869
Layer 0: mean node feature std = 0.989268
Layer 1: mean node feature std = 0.288889
Layer 0: mean node feature std = 1.013409
Layer 1: mean node feature std = 0.296217
Layer 0: mean node feature std = 0.961430
Layer 1: mean node feature std = 0.280461
Layer 0: mean node feature std = 0.993697
Layer 1: mean node feature std = 0.290326
Layer 0: mean node feature std = 0.992778
Layer 1: mean node feature std = 0.290088
Layer 0: mean node feature std = 0.951393
Layer 1: mean node feature std = 0.277572
Epoch 68 | loss=1688.0451 | 1714.3924
Layer 0: mean node feature std = 0.986200
Layer 1: mean node feature std = 0.288176
Layer 0: mean node feature std = 0.989022
Layer 1: mean node feature std = 0.289133
Layer 0: mean node feature std = 1.014288
Layer 1: mean node feature std = 0.296918
Layer 0: mean node feature std = 1.001139
Layer 1: mean node feature std = 0.293109
Layer 0: mean node feature std = 0.998816
Layer 1: mean node feature std = 0.292358
Layer 0: mean node feature std = 1.002200
Layer 1: mean node feature std = 0.293463
Layer 0: mean node feature std = 1.006205
Layer 1: mean node feature std = 0.294759
Layer 0: mean node feature std = 1.004026
Layer 1: mean node feature std = 0.294034
Layer 0: mean node feature std = 0.990634
Layer 1: mean node feature std = 0.289819
Layer 0: mean node feature std = 0.974091
Layer 1: mean node feature std = 0.284697
Layer 0: mean node feature std = 0.999985
Layer 1: mean node feature std = 0.292674
Layer 0: mean node feature std = 1.014648
Layer 1: mean node feature std = 0.297156
Layer 0: mean node feature std = 1.001345
Layer 1: mean node feature std = 0.292903
Layer 0: mean node feature std = 0.990615
Layer 1: mean node feature std = 0.289690
Layer 0: mean node feature std = 0.965506
Layer 1: mean node feature std = 0.282082
Layer 0: mean node feature std = 0.970606
Layer 1: mean node feature std = 0.283602
Epoch 69 | loss=1562.6027 | 1755.8631
Layer 0: mean node feature std = 0.984281
Layer 1: mean node feature std = 0.287695
Layer 0: mean node feature std = 0.992748
Layer 1: mean node feature std = 0.290310
Layer 0: mean node feature std = 0.974945
Layer 1: mean node feature std = 0.284987
Layer 0: mean node feature std = 1.000894
Layer 1: mean node feature std = 0.292921
Layer 0: mean node feature std = 1.009672
Layer 1: mean node feature std = 0.295680
Layer 0: mean node feature std = 1.027536
Layer 1: mean node feature std = 0.301040
Layer 0: mean node feature std = 0.991301
Layer 1: mean node feature std = 0.290144
Layer 0: mean node feature std = 0.975219
Layer 1: mean node feature std = 0.285234
Layer 0: mean node feature std = 0.998436
Layer 1: mean node feature std = 0.292371
Layer 0: mean node feature std = 0.999084
Layer 1: mean node feature std = 0.292675
Layer 0: mean node feature std = 0.990917
Layer 1: mean node feature std = 0.290244
Layer 0: mean node feature std = 1.001351
Layer 1: mean node feature std = 0.293495
Layer 0: mean node feature std = 1.011439
Layer 1: mean node feature std = 0.296513
Layer 0: mean node feature std = 0.978447
Layer 1: mean node feature std = 0.286446
Layer 0: mean node feature std = 0.997326
Layer 1: mean node feature std = 0.292148
Layer 0: mean node feature std = 0.997934
Layer 1: mean node feature std = 0.292317
Epoch 70 | loss=1641.4555 | 1909.2023
Layer 0: mean node feature std = 1.002231
Layer 1: mean node feature std = 0.293520
Layer 0: mean node feature std = 0.989898
Layer 1: mean node feature std = 0.289787
Layer 0: mean node feature std = 1.011537
Layer 1: mean node feature std = 0.296380
Layer 0: mean node feature std = 1.000157
Layer 1: mean node feature std = 0.292900
Layer 0: mean node feature std = 0.992911
Layer 1: mean node feature std = 0.290769
Layer 0: mean node feature std = 0.996898
Layer 1: mean node feature std = 0.291963
Layer 0: mean node feature std = 1.020298
Layer 1: mean node feature std = 0.299158
Layer 0: mean node feature std = 0.990745
Layer 1: mean node feature std = 0.290194
Layer 0: mean node feature std = 1.001309
Layer 1: mean node feature std = 0.293561
Layer 0: mean node feature std = 0.977961
Layer 1: mean node feature std = 0.286390
Layer 0: mean node feature std = 0.992305
Layer 1: mean node feature std = 0.290797
Layer 0: mean node feature std = 1.012150
Layer 1: mean node feature std = 0.296872
Layer 0: mean node feature std = 0.984972
Layer 1: mean node feature std = 0.288563
Layer 0: mean node feature std = 0.967055
Layer 1: mean node feature std = 0.283138
Layer 0: mean node feature std = 0.995658
Layer 1: mean node feature std = 0.291859
Layer 0: mean node feature std = 0.984661
Layer 1: mean node feature std = 0.288393
Epoch 71 | loss=1570.1357 | 2201.4845
Layer 0: mean node feature std = 0.997178
Layer 1: mean node feature std = 0.292252
Layer 0: mean node feature std = 1.004945
Layer 1: mean node feature std = 0.294670
Layer 0: mean node feature std = 1.015009
Layer 1: mean node feature std = 0.297744
Layer 0: mean node feature std = 0.989678
Layer 1: mean node feature std = 0.290080
Layer 0: mean node feature std = 0.986664
Layer 1: mean node feature std = 0.289189
Layer 0: mean node feature std = 0.966441
Layer 1: mean node feature std = 0.283179
Layer 0: mean node feature std = 1.026140
Layer 1: mean node feature std = 0.301510
Layer 0: mean node feature std = 0.985945
Layer 1: mean node feature std = 0.289245
Layer 0: mean node feature std = 0.998145
Layer 1: mean node feature std = 0.292871
Layer 0: mean node feature std = 1.023204
Layer 1: mean node feature std = 0.300548
Layer 0: mean node feature std = 0.986768
Layer 1: mean node feature std = 0.289493
Layer 0: mean node feature std = 1.011338
Layer 1: mean node feature std = 0.296953
Layer 0: mean node feature std = 1.000625
Layer 1: mean node feature std = 0.293640
Layer 0: mean node feature std = 0.979956
Layer 1: mean node feature std = 0.287218
Layer 0: mean node feature std = 0.965275
Layer 1: mean node feature std = 0.282695
Layer 0: mean node feature std = 0.978124
Layer 1: mean node feature std = 0.286689
Epoch 72 | loss=1604.7894 | 1884.9431
Layer 0: mean node feature std = 1.004333
Layer 1: mean node feature std = 0.294631
Layer 0: mean node feature std = 0.987356
Layer 1: mean node feature std = 0.289517
Layer 0: mean node feature std = 0.977458
Layer 1: mean node feature std = 0.286632
Layer 0: mean node feature std = 0.997750
Layer 1: mean node feature std = 0.292818
Layer 0: mean node feature std = 0.995401
Layer 1: mean node feature std = 0.292133
Layer 0: mean node feature std = 1.007014
Layer 1: mean node feature std = 0.295712
Layer 0: mean node feature std = 1.001167
Layer 1: mean node feature std = 0.293956
Layer 0: mean node feature std = 1.010855
Layer 1: mean node feature std = 0.296965
Layer 0: mean node feature std = 0.984781
Layer 1: mean node feature std = 0.289056
Layer 0: mean node feature std = 1.008947
Layer 1: mean node feature std = 0.296525
Layer 0: mean node feature std = 0.986802
Layer 1: mean node feature std = 0.289728
Layer 0: mean node feature std = 1.010153
Layer 1: mean node feature std = 0.297000
Layer 0: mean node feature std = 0.985164
Layer 1: mean node feature std = 0.289268
Layer 0: mean node feature std = 0.975857
Layer 1: mean node feature std = 0.286380
Layer 0: mean node feature std = 0.999258
Layer 1: mean node feature std = 0.293562
Layer 0: mean node feature std = 1.004868
Layer 1: mean node feature std = 0.295304
Epoch 73 | loss=1572.9238 | 1782.9292
Layer 0: mean node feature std = 0.971695
Layer 1: mean node feature std = 0.285106
Layer 0: mean node feature std = 1.007129
Layer 1: mean node feature std = 0.295900
Layer 0: mean node feature std = 0.977288
Layer 1: mean node feature std = 0.286727
Layer 0: mean node feature std = 1.003111
Layer 1: mean node feature std = 0.294615
Layer 0: mean node feature std = 1.000551
Layer 1: mean node feature std = 0.293939
Layer 0: mean node feature std = 1.023917
Layer 1: mean node feature std = 0.301116
Layer 0: mean node feature std = 1.001011
Layer 1: mean node feature std = 0.294126
Layer 0: mean node feature std = 0.959865
Layer 1: mean node feature std = 0.281597
Layer 0: mean node feature std = 0.987614
Layer 1: mean node feature std = 0.290002
Layer 0: mean node feature std = 1.013422
Layer 1: mean node feature std = 0.297903
Layer 0: mean node feature std = 0.983771
Layer 1: mean node feature std = 0.288821
Layer 0: mean node feature std = 0.977764
Layer 1: mean node feature std = 0.287000
Layer 0: mean node feature std = 1.005383
Layer 1: mean node feature std = 0.295459
Layer 0: mean node feature std = 1.009160
Layer 1: mean node feature std = 0.296803
Layer 0: mean node feature std = 1.008429
Layer 1: mean node feature std = 0.296545
Layer 0: mean node feature std = 1.016549
Layer 1: mean node feature std = 0.299196
Epoch 74 | loss=1585.3992 | 2381.8088
Layer 0: mean node feature std = 1.001149
Layer 1: mean node feature std = 0.294461
Layer 0: mean node feature std = 1.002557
Layer 1: mean node feature std = 0.294795
Layer 0: mean node feature std = 0.979658
Layer 1: mean node feature std = 0.287889
Layer 0: mean node feature std = 0.991694
Layer 1: mean node feature std = 0.291518
Layer 0: mean node feature std = 0.981594
Layer 1: mean node feature std = 0.288461
Layer 0: mean node feature std = 0.976329
Layer 1: mean node feature std = 0.286800
Layer 0: mean node feature std = 0.993777
Layer 1: mean node feature std = 0.292251
Layer 0: mean node feature std = 0.994906
Layer 1: mean node feature std = 0.292482
Layer 0: mean node feature std = 0.991181
Layer 1: mean node feature std = 0.291440
Layer 0: mean node feature std = 0.998641
Layer 1: mean node feature std = 0.293773
Layer 0: mean node feature std = 0.996226
Layer 1: mean node feature std = 0.293041
Layer 0: mean node feature std = 0.977459
Layer 1: mean node feature std = 0.287428
Layer 0: mean node feature std = 1.006149
Layer 1: mean node feature std = 0.296365
Layer 0: mean node feature std = 1.028927
Layer 1: mean node feature std = 0.303392
Layer 0: mean node feature std = 1.014274
Layer 1: mean node feature std = 0.299019
Layer 0: mean node feature std = 0.993008
Layer 1: mean node feature std = 0.292405
Epoch 75 | loss=1608.5246 | 1569.1087
Layer 0: mean node feature std = 0.986836
Layer 1: mean node feature std = 0.290577
Layer 0: mean node feature std = 0.995610
Layer 1: mean node feature std = 0.293362
Layer 0: mean node feature std = 1.007602
Layer 1: mean node feature std = 0.296969
Layer 0: mean node feature std = 0.988870
Layer 1: mean node feature std = 0.291165
Layer 0: mean node feature std = 0.987720
Layer 1: mean node feature std = 0.290918
Layer 0: mean node feature std = 0.968773
Layer 1: mean node feature std = 0.284962
Layer 0: mean node feature std = 1.013375
Layer 1: mean node feature std = 0.298917
Layer 0: mean node feature std = 0.993633
Layer 1: mean node feature std = 0.292666
Layer 0: mean node feature std = 0.990304
Layer 1: mean node feature std = 0.291716
Layer 0: mean node feature std = 1.029775
Layer 1: mean node feature std = 0.303928
Layer 0: mean node feature std = 0.993965
Layer 1: mean node feature std = 0.292791
Layer 0: mean node feature std = 0.986204
Layer 1: mean node feature std = 0.290416
Layer 0: mean node feature std = 1.014158
Layer 1: mean node feature std = 0.298991
Layer 0: mean node feature std = 0.989471
Layer 1: mean node feature std = 0.291425
Layer 0: mean node feature std = 0.991015
Layer 1: mean node feature std = 0.292066
Layer 0: mean node feature std = 0.978121
Layer 1: mean node feature std = 0.288157
Epoch 76 | loss=1609.1888 | 1570.7292
Layer 0: mean node feature std = 0.999147
Layer 1: mean node feature std = 0.294729
Layer 0: mean node feature std = 1.012426
Layer 1: mean node feature std = 0.298845
Layer 0: mean node feature std = 0.975962
Layer 1: mean node feature std = 0.287731
Layer 0: mean node feature std = 0.981322
Layer 1: mean node feature std = 0.289548
Layer 0: mean node feature std = 1.006458
Layer 1: mean node feature std = 0.297478
Layer 0: mean node feature std = 0.985022
Layer 1: mean node feature std = 0.290781
Layer 0: mean node feature std = 1.000650
Layer 1: mean node feature std = 0.295596
Layer 0: mean node feature std = 1.019389
Layer 1: mean node feature std = 0.301321
Layer 0: mean node feature std = 0.996812
Layer 1: mean node feature std = 0.294282
Layer 0: mean node feature std = 1.001254
Layer 1: mean node feature std = 0.295726
Layer 0: mean node feature std = 0.999221
Layer 1: mean node feature std = 0.294937
Layer 0: mean node feature std = 1.009308
Layer 1: mean node feature std = 0.298031
Layer 0: mean node feature std = 1.000640
Layer 1: mean node feature std = 0.295276
Layer 0: mean node feature std = 0.969127
Layer 1: mean node feature std = 0.285655
Layer 0: mean node feature std = 0.982694
Layer 1: mean node feature std = 0.289849
Layer 0: mean node feature std = 0.966817
Layer 1: mean node feature std = 0.284921
Epoch 77 | loss=1595.8027 | 1892.4976
Layer 0: mean node feature std = 1.002123
Layer 1: mean node feature std = 0.296010
Layer 0: mean node feature std = 0.987793
Layer 1: mean node feature std = 0.291602
Layer 0: mean node feature std = 1.005516
Layer 1: mean node feature std = 0.297182
Layer 0: mean node feature std = 1.014709
Layer 1: mean node feature std = 0.299992
Layer 0: mean node feature std = 0.998037
Layer 1: mean node feature std = 0.294890
Layer 0: mean node feature std = 0.978752
Layer 1: mean node feature std = 0.288960
Layer 0: mean node feature std = 0.993821
Layer 1: mean node feature std = 0.293711
Layer 0: mean node feature std = 0.990814
Layer 1: mean node feature std = 0.292688
Layer 0: mean node feature std = 0.982082
Layer 1: mean node feature std = 0.289988
Layer 0: mean node feature std = 0.995085
Layer 1: mean node feature std = 0.293975
Layer 0: mean node feature std = 1.010886
Layer 1: mean node feature std = 0.298865
Layer 0: mean node feature std = 1.011725
Layer 1: mean node feature std = 0.299081
Layer 0: mean node feature std = 0.979107
Layer 1: mean node feature std = 0.289195
Layer 0: mean node feature std = 0.997033
Layer 1: mean node feature std = 0.294757
Layer 0: mean node feature std = 0.991414
Layer 1: mean node feature std = 0.293110
Layer 0: mean node feature std = 0.969669
Layer 1: mean node feature std = 0.286455
Epoch 78 | loss=1572.9914 | 2068.1696
Layer 0: mean node feature std = 1.002698
Layer 1: mean node feature std = 0.296688
Layer 0: mean node feature std = 0.998950
Layer 1: mean node feature std = 0.295631
Layer 0: mean node feature std = 0.973250
Layer 1: mean node feature std = 0.287596
Layer 0: mean node feature std = 0.975639
Layer 1: mean node feature std = 0.288463
Layer 0: mean node feature std = 1.012873
Layer 1: mean node feature std = 0.299908
Layer 0: mean node feature std = 1.011222
Layer 1: mean node feature std = 0.299468
Layer 0: mean node feature std = 0.984804
Layer 1: mean node feature std = 0.291253
Layer 0: mean node feature std = 0.990729
Layer 1: mean node feature std = 0.293024
Layer 0: mean node feature std = 0.986271
Layer 1: mean node feature std = 0.291735
Layer 0: mean node feature std = 1.004806
Layer 1: mean node feature std = 0.297438
Layer 0: mean node feature std = 1.007576
Layer 1: mean node feature std = 0.298162
Layer 0: mean node feature std = 0.981967
Layer 1: mean node feature std = 0.290174
Layer 0: mean node feature std = 1.005810
Layer 1: mean node feature std = 0.297620
Layer 0: mean node feature std = 1.005429
Layer 1: mean node feature std = 0.297630
Layer 0: mean node feature std = 0.990400
Layer 1: mean node feature std = 0.293022
Layer 0: mean node feature std = 1.004210
Layer 1: mean node feature std = 0.297431
Epoch 79 | loss=1579.5145 | 1914.8785
Layer 0: mean node feature std = 1.019578
Layer 1: mean node feature std = 0.302114
Layer 0: mean node feature std = 0.977680
Layer 1: mean node feature std = 0.289272
Layer 0: mean node feature std = 0.991761
Layer 1: mean node feature std = 0.293728
Layer 0: mean node feature std = 0.993102
Layer 1: mean node feature std = 0.294234
Layer 0: mean node feature std = 0.995614
Layer 1: mean node feature std = 0.295077
Layer 0: mean node feature std = 0.993878
Layer 1: mean node feature std = 0.294497
Layer 0: mean node feature std = 0.996586
Layer 1: mean node feature std = 0.295431
Layer 0: mean node feature std = 0.999745
Layer 1: mean node feature std = 0.296379
Layer 0: mean node feature std = 0.994434
Layer 1: mean node feature std = 0.294768
Layer 0: mean node feature std = 1.002913
Layer 1: mean node feature std = 0.297476
Layer 0: mean node feature std = 0.994849
Layer 1: mean node feature std = 0.294889
Layer 0: mean node feature std = 0.997489
Layer 1: mean node feature std = 0.295766
Layer 0: mean node feature std = 0.976902
Layer 1: mean node feature std = 0.289228
Layer 0: mean node feature std = 1.012028
Layer 1: mean node feature std = 0.300032
Layer 0: mean node feature std = 0.985307
Layer 1: mean node feature std = 0.291741
Layer 0: mean node feature std = 1.007165
Layer 1: mean node feature std = 0.298334
Epoch 80 | loss=1549.3760 | 1957.9513
Layer 0: mean node feature std = 0.980340
Layer 1: mean node feature std = 0.290142
Layer 0: mean node feature std = 0.986053
Layer 1: mean node feature std = 0.291871
Layer 0: mean node feature std = 1.021312
Layer 1: mean node feature std = 0.302772
Layer 0: mean node feature std = 0.994702
Layer 1: mean node feature std = 0.294636
Layer 0: mean node feature std = 0.971243
Layer 1: mean node feature std = 0.287338
Layer 0: mean node feature std = 1.002264
Layer 1: mean node feature std = 0.297056
Layer 0: mean node feature std = 0.997320
Layer 1: mean node feature std = 0.295636
Layer 0: mean node feature std = 0.999375
Layer 1: mean node feature std = 0.296329
Layer 0: mean node feature std = 0.986091
Layer 1: mean node feature std = 0.292325
Layer 0: mean node feature std = 1.002070
Layer 1: mean node feature std = 0.297447
Layer 0: mean node feature std = 1.008970
Layer 1: mean node feature std = 0.299667
Layer 0: mean node feature std = 0.972389
Layer 1: mean node feature std = 0.288413
Layer 0: mean node feature std = 0.996305
Layer 1: mean node feature std = 0.295771
Layer 0: mean node feature std = 1.009218
Layer 1: mean node feature std = 0.299735
Layer 0: mean node feature std = 1.008268
Layer 1: mean node feature std = 0.299452
Layer 0: mean node feature std = 0.985547
Layer 1: mean node feature std = 0.292208
Epoch 81 | loss=1540.5822 | 1710.7327
Layer 0: mean node feature std = 0.999220
Layer 1: mean node feature std = 0.296405
Layer 0: mean node feature std = 0.986692
Layer 1: mean node feature std = 0.292466
Layer 0: mean node feature std = 0.998306
Layer 1: mean node feature std = 0.295943
Layer 0: mean node feature std = 0.995853
Layer 1: mean node feature std = 0.295241
Layer 0: mean node feature std = 0.993006
Layer 1: mean node feature std = 0.294292
Layer 0: mean node feature std = 1.004065
Layer 1: mean node feature std = 0.297661
Layer 0: mean node feature std = 0.995866
Layer 1: mean node feature std = 0.295079
Layer 0: mean node feature std = 0.988726
Layer 1: mean node feature std = 0.293043
Layer 0: mean node feature std = 1.002195
Layer 1: mean node feature std = 0.297119
Layer 0: mean node feature std = 1.027449
Layer 1: mean node feature std = 0.305060
Layer 0: mean node feature std = 0.991220
Layer 1: mean node feature std = 0.294122
Layer 0: mean node feature std = 1.010995
Layer 1: mean node feature std = 0.300314
Layer 0: mean node feature std = 1.004003
Layer 1: mean node feature std = 0.298173
Layer 0: mean node feature std = 0.964768
Layer 1: mean node feature std = 0.286243
Layer 0: mean node feature std = 0.971971
Layer 1: mean node feature std = 0.288580
Layer 0: mean node feature std = 0.993990
Layer 1: mean node feature std = 0.295480
Epoch 82 | loss=1531.1711 | 1572.4312
Layer 0: mean node feature std = 0.973430
Layer 1: mean node feature std = 0.289120
Layer 0: mean node feature std = 0.997671
Layer 1: mean node feature std = 0.296570
Layer 0: mean node feature std = 1.012080
Layer 1: mean node feature std = 0.300909
Layer 0: mean node feature std = 0.981686
Layer 1: mean node feature std = 0.291449
Layer 0: mean node feature std = 0.974946
Layer 1: mean node feature std = 0.289373
Layer 0: mean node feature std = 0.995077
Layer 1: mean node feature std = 0.295555
Layer 0: mean node feature std = 1.004080
Layer 1: mean node feature std = 0.298360
Layer 0: mean node feature std = 0.997984
Layer 1: mean node feature std = 0.296456
Layer 0: mean node feature std = 1.016848
Layer 1: mean node feature std = 0.302258
Layer 0: mean node feature std = 1.021594
Layer 1: mean node feature std = 0.303783
Layer 0: mean node feature std = 0.971816
Layer 1: mean node feature std = 0.288258
Layer 0: mean node feature std = 0.995578
Layer 1: mean node feature std = 0.295666
Layer 0: mean node feature std = 0.995615
Layer 1: mean node feature std = 0.295834
Layer 0: mean node feature std = 0.995156
Layer 1: mean node feature std = 0.295761
Layer 0: mean node feature std = 0.992164
Layer 1: mean node feature std = 0.294829
Layer 0: mean node feature std = 1.039930
Layer 1: mean node feature std = 0.309562
Epoch 83 | loss=1526.6244 | 2109.6915
Layer 0: mean node feature std = 1.001745
Layer 1: mean node feature std = 0.297794
Layer 0: mean node feature std = 0.995857
Layer 1: mean node feature std = 0.295968
Layer 0: mean node feature std = 0.988702
Layer 1: mean node feature std = 0.293686
Layer 0: mean node feature std = 1.003649
Layer 1: mean node feature std = 0.298292
Layer 0: mean node feature std = 1.007728
Layer 1: mean node feature std = 0.299577
Layer 0: mean node feature std = 0.980915
Layer 1: mean node feature std = 0.291257
Layer 0: mean node feature std = 1.003930
Layer 1: mean node feature std = 0.298460
Layer 0: mean node feature std = 0.995242
Layer 1: mean node feature std = 0.295781
Layer 0: mean node feature std = 0.985720
Layer 1: mean node feature std = 0.292863
Layer 0: mean node feature std = 0.995607
Layer 1: mean node feature std = 0.296051
Layer 0: mean node feature std = 1.004001
Layer 1: mean node feature std = 0.298810
Layer 0: mean node feature std = 1.010128
Layer 1: mean node feature std = 0.300753
Layer 0: mean node feature std = 1.005482
Layer 1: mean node feature std = 0.299449
Layer 0: mean node feature std = 0.992216
Layer 1: mean node feature std = 0.295279
Layer 0: mean node feature std = 0.968616
Layer 1: mean node feature std = 0.288081
Layer 0: mean node feature std = 0.966248
Layer 1: mean node feature std = 0.287329
Epoch 84 | loss=1552.4236 | 2142.0725
Layer 0: mean node feature std = 0.986508
Layer 1: mean node feature std = 0.293590
Layer 0: mean node feature std = 1.007164
Layer 1: mean node feature std = 0.299976
Layer 0: mean node feature std = 0.968193
Layer 1: mean node feature std = 0.287771
Layer 0: mean node feature std = 0.999468
Layer 1: mean node feature std = 0.297544
Layer 0: mean node feature std = 1.005516
Layer 1: mean node feature std = 0.299376
Layer 0: mean node feature std = 1.009175
Layer 1: mean node feature std = 0.300440
Layer 0: mean node feature std = 1.005191
Layer 1: mean node feature std = 0.299201
Layer 0: mean node feature std = 1.000929
Layer 1: mean node feature std = 0.297913
Layer 0: mean node feature std = 0.998289
Layer 1: mean node feature std = 0.297173
Layer 0: mean node feature std = 0.983955
Layer 1: mean node feature std = 0.292739
Layer 0: mean node feature std = 1.009351
Layer 1: mean node feature std = 0.300798
Layer 0: mean node feature std = 1.007758
Layer 1: mean node feature std = 0.300270
Layer 0: mean node feature std = 0.969739
Layer 1: mean node feature std = 0.288536
Layer 0: mean node feature std = 0.978483
Layer 1: mean node feature std = 0.291238
Layer 0: mean node feature std = 1.009487
Layer 1: mean node feature std = 0.300858
Layer 0: mean node feature std = 0.968008
Layer 1: mean node feature std = 0.288116
Epoch 85 | loss=1530.1045 | 1926.5706
Layer 0: mean node feature std = 0.996609
Layer 1: mean node feature std = 0.296742
Layer 0: mean node feature std = 1.000329
Layer 1: mean node feature std = 0.298013
Layer 0: mean node feature std = 1.025212
Layer 1: mean node feature std = 0.305651
Layer 0: mean node feature std = 0.979645
Layer 1: mean node feature std = 0.291538
Layer 0: mean node feature std = 1.014612
Layer 1: mean node feature std = 0.302339
Layer 0: mean node feature std = 0.983210
Layer 1: mean node feature std = 0.292684
Layer 0: mean node feature std = 0.988824
Layer 1: mean node feature std = 0.294633
Layer 0: mean node feature std = 0.986492
Layer 1: mean node feature std = 0.293966
Layer 0: mean node feature std = 0.985309
Layer 1: mean node feature std = 0.293679
Layer 0: mean node feature std = 1.012877
Layer 1: mean node feature std = 0.302300
Layer 0: mean node feature std = 0.990524
Layer 1: mean node feature std = 0.295410
Layer 0: mean node feature std = 0.993405
Layer 1: mean node feature std = 0.296174
Layer 0: mean node feature std = 1.010420
Layer 1: mean node feature std = 0.301474
Layer 0: mean node feature std = 0.964263
Layer 1: mean node feature std = 0.287166
Layer 0: mean node feature std = 0.997805
Layer 1: mean node feature std = 0.297435
Layer 0: mean node feature std = 1.019588
Layer 1: mean node feature std = 0.304263
Epoch 86 | loss=1562.3791 | 1719.0873
Layer 0: mean node feature std = 1.015556
Layer 1: mean node feature std = 0.302803
Layer 0: mean node feature std = 0.977184
Layer 1: mean node feature std = 0.290918
Layer 0: mean node feature std = 1.017069
Layer 1: mean node feature std = 0.303274
Layer 0: mean node feature std = 0.955644
Layer 1: mean node feature std = 0.284190
Layer 0: mean node feature std = 0.976191
Layer 1: mean node feature std = 0.290720
Layer 0: mean node feature std = 1.007439
Layer 1: mean node feature std = 0.300476
Layer 0: mean node feature std = 0.983170
Layer 1: mean node feature std = 0.293170
Layer 0: mean node feature std = 0.988834
Layer 1: mean node feature std = 0.295021
Layer 0: mean node feature std = 1.018346
Layer 1: mean node feature std = 0.304330
Layer 0: mean node feature std = 0.991961
Layer 1: mean node feature std = 0.296263
Layer 0: mean node feature std = 1.013361
Layer 1: mean node feature std = 0.302917
Layer 0: mean node feature std = 0.987590
Layer 1: mean node feature std = 0.294905
Layer 0: mean node feature std = 0.977706
Layer 1: mean node feature std = 0.291721
Layer 0: mean node feature std = 1.012721
Layer 1: mean node feature std = 0.302741
Layer 0: mean node feature std = 0.998140
Layer 1: mean node feature std = 0.298056
Layer 0: mean node feature std = 1.065584
Layer 1: mean node feature std = 0.318900
Epoch 87 | loss=1571.0595 | 1536.1278
Layer 0: mean node feature std = 1.009676
Layer 1: mean node feature std = 0.301503
Layer 0: mean node feature std = 0.990324
Layer 1: mean node feature std = 0.295307
Layer 0: mean node feature std = 0.994095
Layer 1: mean node feature std = 0.296475
Layer 0: mean node feature std = 1.013872
Layer 1: mean node feature std = 0.302525
Layer 0: mean node feature std = 0.983406
Layer 1: mean node feature std = 0.293054
Layer 0: mean node feature std = 1.007731
Layer 1: mean node feature std = 0.300672
Layer 0: mean node feature std = 0.981631
Layer 1: mean node feature std = 0.292385
Layer 0: mean node feature std = 0.969769
Layer 1: mean node feature std = 0.288770
Layer 0: mean node feature std = 1.006443
Layer 1: mean node feature std = 0.300446
Layer 0: mean node feature std = 1.013443
Layer 1: mean node feature std = 0.302711
Layer 0: mean node feature std = 0.993761
Layer 1: mean node feature std = 0.296716
Layer 0: mean node feature std = 1.013372
Layer 1: mean node feature std = 0.302833
Layer 0: mean node feature std = 0.973425
Layer 1: mean node feature std = 0.290593
Layer 0: mean node feature std = 0.989753
Layer 1: mean node feature std = 0.295804
Layer 0: mean node feature std = 0.999578
Layer 1: mean node feature std = 0.298984
Layer 0: mean node feature std = 0.962295
Layer 1: mean node feature std = 0.287469
Epoch 88 | loss=1532.6446 | 1873.5751
Layer 0: mean node feature std = 0.997491
Layer 1: mean node feature std = 0.298276
Layer 0: mean node feature std = 0.990489
Layer 1: mean node feature std = 0.295981
Layer 0: mean node feature std = 1.001744
Layer 1: mean node feature std = 0.299426
Layer 0: mean node feature std = 0.971234
Layer 1: mean node feature std = 0.289867
Layer 0: mean node feature std = 0.982370
Layer 1: mean node feature std = 0.293207
Layer 0: mean node feature std = 1.023425
Layer 1: mean node feature std = 0.305999
Layer 0: mean node feature std = 0.998310
Layer 1: mean node feature std = 0.298152
Layer 0: mean node feature std = 0.976505
Layer 1: mean node feature std = 0.291281
Layer 0: mean node feature std = 0.997376
Layer 1: mean node feature std = 0.297852
Layer 0: mean node feature std = 0.987350
Layer 1: mean node feature std = 0.294777
Layer 0: mean node feature std = 1.005957
Layer 1: mean node feature std = 0.300678
Layer 0: mean node feature std = 0.994869
Layer 1: mean node feature std = 0.297184
Layer 0: mean node feature std = 0.978547
Layer 1: mean node feature std = 0.292261
Layer 0: mean node feature std = 1.015905
Layer 1: mean node feature std = 0.304072
Layer 0: mean node feature std = 1.018561
Layer 1: mean node feature std = 0.304879
Layer 0: mean node feature std = 0.963083
Layer 1: mean node feature std = 0.287821
Epoch 89 | loss=1526.0903 | 2167.5468
Layer 0: mean node feature std = 0.982483
Layer 1: mean node feature std = 0.293882
Layer 0: mean node feature std = 1.003530
Layer 1: mean node feature std = 0.300340
Layer 0: mean node feature std = 0.985465
Layer 1: mean node feature std = 0.294823
Layer 0: mean node feature std = 1.007138
Layer 1: mean node feature std = 0.301587
Layer 0: mean node feature std = 0.988790
Layer 1: mean node feature std = 0.295654
Layer 0: mean node feature std = 1.026576
Layer 1: mean node feature std = 0.307516
Layer 0: mean node feature std = 0.982187
Layer 1: mean node feature std = 0.293695
Layer 0: mean node feature std = 0.992032
Layer 1: mean node feature std = 0.296701
Layer 0: mean node feature std = 0.996916
Layer 1: mean node feature std = 0.298265
Layer 0: mean node feature std = 1.015460
Layer 1: mean node feature std = 0.304040
Layer 0: mean node feature std = 0.997414
Layer 1: mean node feature std = 0.298526
Layer 0: mean node feature std = 0.960782
Layer 1: mean node feature std = 0.287115
Layer 0: mean node feature std = 0.985306
Layer 1: mean node feature std = 0.294785
Layer 0: mean node feature std = 0.988259
Layer 1: mean node feature std = 0.295555
Layer 0: mean node feature std = 1.012575
Layer 1: mean node feature std = 0.303428
Layer 0: mean node feature std = 1.044259
Layer 1: mean node feature std = 0.313132
Epoch 90 | loss=1633.6761 | 2016.1065
Layer 0: mean node feature std = 1.023869
Layer 1: mean node feature std = 0.307058
Layer 0: mean node feature std = 0.977484
Layer 1: mean node feature std = 0.292622
Layer 0: mean node feature std = 1.003133
Layer 1: mean node feature std = 0.300786
Layer 0: mean node feature std = 0.997238
Layer 1: mean node feature std = 0.299037
Layer 0: mean node feature std = 0.995001
Layer 1: mean node feature std = 0.298233
Layer 0: mean node feature std = 0.977077
Layer 1: mean node feature std = 0.292634
Layer 0: mean node feature std = 1.001692
Layer 1: mean node feature std = 0.300268
Layer 0: mean node feature std = 0.958854
Layer 1: mean node feature std = 0.286886
Layer 0: mean node feature std = 0.992021
Layer 1: mean node feature std = 0.297288
Layer 0: mean node feature std = 1.011196
Layer 1: mean node feature std = 0.303182
Layer 0: mean node feature std = 0.999101
Layer 1: mean node feature std = 0.299460
Layer 0: mean node feature std = 0.996697
Layer 1: mean node feature std = 0.298817
Layer 0: mean node feature std = 1.020158
Layer 1: mean node feature std = 0.306169
Layer 0: mean node feature std = 1.000640
Layer 1: mean node feature std = 0.300079
Layer 0: mean node feature std = 0.999991
Layer 1: mean node feature std = 0.299810
Layer 0: mean node feature std = 0.888304
Layer 1: mean node feature std = 0.264827
Epoch 91 | loss=1600.5057 | 1838.8861
Layer 0: mean node feature std = 1.001177
Layer 1: mean node feature std = 0.300400
Layer 0: mean node feature std = 0.971225
Layer 1: mean node feature std = 0.291066
Layer 0: mean node feature std = 0.995813
Layer 1: mean node feature std = 0.298812
Layer 0: mean node feature std = 1.016068
Layer 1: mean node feature std = 0.305185
Layer 0: mean node feature std = 0.993042
Layer 1: mean node feature std = 0.297976
Layer 0: mean node feature std = 1.024839
Layer 1: mean node feature std = 0.308075
Layer 0: mean node feature std = 0.994452
Layer 1: mean node feature std = 0.298689
Layer 0: mean node feature std = 1.011356
Layer 1: mean node feature std = 0.303990
Layer 0: mean node feature std = 0.998309
Layer 1: mean node feature std = 0.299885
Layer 0: mean node feature std = 0.974271
Layer 1: mean node feature std = 0.292405
Layer 0: mean node feature std = 0.985907
Layer 1: mean node feature std = 0.296049
Layer 0: mean node feature std = 0.978163
Layer 1: mean node feature std = 0.293600
Layer 0: mean node feature std = 1.004754
Layer 1: mean node feature std = 0.301878
Layer 0: mean node feature std = 1.017979
Layer 1: mean node feature std = 0.305823
Layer 0: mean node feature std = 0.972033
Layer 1: mean node feature std = 0.291429
Layer 0: mean node feature std = 0.967058
Layer 1: mean node feature std = 0.289853
Epoch 92 | loss=1507.3887 | 1545.5939
Layer 0: mean node feature std = 1.021636
Layer 1: mean node feature std = 0.306859
Layer 0: mean node feature std = 0.983833
Layer 1: mean node feature std = 0.294859
Layer 0: mean node feature std = 0.970927
Layer 1: mean node feature std = 0.290734
Layer 0: mean node feature std = 0.987380
Layer 1: mean node feature std = 0.295953
Layer 0: mean node feature std = 0.983984
Layer 1: mean node feature std = 0.294765
Layer 0: mean node feature std = 1.000497
Layer 1: mean node feature std = 0.300191
Layer 0: mean node feature std = 1.002704
Layer 1: mean node feature std = 0.301059
Layer 0: mean node feature std = 0.992480
Layer 1: mean node feature std = 0.297897
Layer 0: mean node feature std = 0.967329
Layer 1: mean node feature std = 0.290225
Layer 0: mean node feature std = 1.023520
Layer 1: mean node feature std = 0.307938
Layer 0: mean node feature std = 1.025070
Layer 1: mean node feature std = 0.308455
Layer 0: mean node feature std = 0.994672
Layer 1: mean node feature std = 0.298946
Layer 0: mean node feature std = 0.991043
Layer 1: mean node feature std = 0.297831
Layer 0: mean node feature std = 1.000884
Layer 1: mean node feature std = 0.300862
Layer 0: mean node feature std = 0.987844
Layer 1: mean node feature std = 0.296606
Layer 0: mean node feature std = 0.996838
Layer 1: mean node feature std = 0.299117
Epoch 93 | loss=1626.2665 | 2295.6812
Layer 0: mean node feature std = 1.037231
Layer 1: mean node feature std = 0.312102
Layer 0: mean node feature std = 1.001421
Layer 1: mean node feature std = 0.300885
Layer 0: mean node feature std = 0.983331
Layer 1: mean node feature std = 0.295175
Layer 0: mean node feature std = 0.986121
Layer 1: mean node feature std = 0.295893
Layer 0: mean node feature std = 0.953685
Layer 1: mean node feature std = 0.285870
Layer 0: mean node feature std = 0.995996
Layer 1: mean node feature std = 0.299104
Layer 0: mean node feature std = 0.995451
Layer 1: mean node feature std = 0.299036
Layer 0: mean node feature std = 1.028983
Layer 1: mean node feature std = 0.309522
Layer 0: mean node feature std = 0.991360
Layer 1: mean node feature std = 0.297943
Layer 0: mean node feature std = 0.990976
Layer 1: mean node feature std = 0.297953
Layer 0: mean node feature std = 1.000310
Layer 1: mean node feature std = 0.301000
Layer 0: mean node feature std = 0.963230
Layer 1: mean node feature std = 0.289560
Layer 0: mean node feature std = 0.985995
Layer 1: mean node feature std = 0.296700
Layer 0: mean node feature std = 1.016269
Layer 1: mean node feature std = 0.306389
Layer 0: mean node feature std = 1.000416
Layer 1: mean node feature std = 0.301410
Layer 0: mean node feature std = 1.012982
Layer 1: mean node feature std = 0.305586
Epoch 94 | loss=1562.1298 | 1676.4293
Layer 0: mean node feature std = 1.014606
Layer 1: mean node feature std = 0.305909
Layer 0: mean node feature std = 0.998977
Layer 1: mean node feature std = 0.300854
Layer 0: mean node feature std = 1.005262
Layer 1: mean node feature std = 0.302887
Layer 0: mean node feature std = 0.983421
Layer 1: mean node feature std = 0.296038
Layer 0: mean node feature std = 0.993061
Layer 1: mean node feature std = 0.298991
Layer 0: mean node feature std = 0.974265
Layer 1: mean node feature std = 0.293216
Layer 0: mean node feature std = 0.955438
Layer 1: mean node feature std = 0.287231
Layer 0: mean node feature std = 0.979257
Layer 1: mean node feature std = 0.294730
Layer 0: mean node feature std = 1.024647
Layer 1: mean node feature std = 0.309064
Layer 0: mean node feature std = 1.000274
Layer 1: mean node feature std = 0.301341
Layer 0: mean node feature std = 0.961918
Layer 1: mean node feature std = 0.289263
Layer 0: mean node feature std = 1.026543
Layer 1: mean node feature std = 0.309627
Layer 0: mean node feature std = 1.028749
Layer 1: mean node feature std = 0.310361
Layer 0: mean node feature std = 1.018952
Layer 1: mean node feature std = 0.307205
Layer 0: mean node feature std = 0.972968
Layer 1: mean node feature std = 0.292853
Layer 0: mean node feature std = 0.972643
Layer 1: mean node feature std = 0.293024
Epoch 95 | loss=1510.8108 | 1998.4429
Layer 0: mean node feature std = 1.013676
Layer 1: mean node feature std = 0.305662
Layer 0: mean node feature std = 0.980941
Layer 1: mean node feature std = 0.295418
Layer 0: mean node feature std = 0.992581
Layer 1: mean node feature std = 0.299244
Layer 0: mean node feature std = 1.025608
Layer 1: mean node feature std = 0.309560
Layer 0: mean node feature std = 0.989436
Layer 1: mean node feature std = 0.298108
Layer 0: mean node feature std = 0.987992
Layer 1: mean node feature std = 0.297625
Layer 0: mean node feature std = 0.996219
Layer 1: mean node feature std = 0.300354
Layer 0: mean node feature std = 0.986444
Layer 1: mean node feature std = 0.297264
Layer 0: mean node feature std = 0.991372
Layer 1: mean node feature std = 0.298944
Layer 0: mean node feature std = 1.005302
Layer 1: mean node feature std = 0.303149
Layer 0: mean node feature std = 0.994284
Layer 1: mean node feature std = 0.299627
Layer 0: mean node feature std = 0.993935
Layer 1: mean node feature std = 0.299520
Layer 0: mean node feature std = 0.978046
Layer 1: mean node feature std = 0.294605
Layer 0: mean node feature std = 0.997938
Layer 1: mean node feature std = 0.300945
Layer 0: mean node feature std = 1.003704
Layer 1: mean node feature std = 0.302733
Layer 0: mean node feature std = 0.977243
Layer 1: mean node feature std = 0.294419
Epoch 96 | loss=1568.5862 | 1887.6050
Layer 0: mean node feature std = 0.991023
Layer 1: mean node feature std = 0.298824
Layer 0: mean node feature std = 1.003062
Layer 1: mean node feature std = 0.302602
Layer 0: mean node feature std = 0.999917
Layer 1: mean node feature std = 0.301716
Layer 0: mean node feature std = 0.977789
Layer 1: mean node feature std = 0.294712
Layer 0: mean node feature std = 0.969742
Layer 1: mean node feature std = 0.292217
Layer 0: mean node feature std = 0.993024
Layer 1: mean node feature std = 0.299532
Layer 0: mean node feature std = 1.022489
Layer 1: mean node feature std = 0.308833
Layer 0: mean node feature std = 0.986318
Layer 1: mean node feature std = 0.297462
Layer 0: mean node feature std = 0.994221
Layer 1: mean node feature std = 0.299992
Layer 0: mean node feature std = 0.995889
Layer 1: mean node feature std = 0.300396
Layer 0: mean node feature std = 0.999942
Layer 1: mean node feature std = 0.301727
Layer 0: mean node feature std = 1.024153
Layer 1: mean node feature std = 0.309471
Layer 0: mean node feature std = 0.978401
Layer 1: mean node feature std = 0.295255
Layer 0: mean node feature std = 1.011130
Layer 1: mean node feature std = 0.305588
Layer 0: mean node feature std = 0.989653
Layer 1: mean node feature std = 0.298772
Layer 0: mean node feature std = 0.981114
Layer 1: mean node feature std = 0.296245
Epoch 97 | loss=1539.4017 | 1900.0208
Layer 0: mean node feature std = 1.020404
Layer 1: mean node feature std = 0.308598
Layer 0: mean node feature std = 0.988965
Layer 1: mean node feature std = 0.298542
Layer 0: mean node feature std = 0.968803
Layer 1: mean node feature std = 0.292244
Layer 0: mean node feature std = 0.991853
Layer 1: mean node feature std = 0.299508
Layer 0: mean node feature std = 1.011238
Layer 1: mean node feature std = 0.305615
Layer 0: mean node feature std = 1.013132
Layer 1: mean node feature std = 0.306277
Layer 0: mean node feature std = 0.982527
Layer 1: mean node feature std = 0.296648
Layer 0: mean node feature std = 1.008986
Layer 1: mean node feature std = 0.305072
Layer 0: mean node feature std = 0.997244
Layer 1: mean node feature std = 0.301459
Layer 0: mean node feature std = 1.000813
Layer 1: mean node feature std = 0.302792
Layer 0: mean node feature std = 1.003957
Layer 1: mean node feature std = 0.303746
Layer 0: mean node feature std = 0.980751
Layer 1: mean node feature std = 0.296478
Layer 0: mean node feature std = 0.970338
Layer 1: mean node feature std = 0.293152
Layer 0: mean node feature std = 0.999327
Layer 1: mean node feature std = 0.302353
Layer 0: mean node feature std = 1.008473
Layer 1: mean node feature std = 0.305263
Layer 0: mean node feature std = 0.927462
Layer 1: mean node feature std = 0.279703
Epoch 98 | loss=1649.7644 | 1801.4989
Layer 0: mean node feature std = 0.991783
Layer 1: mean node feature std = 0.300025
Layer 0: mean node feature std = 1.002440
Layer 1: mean node feature std = 0.303364
Layer 0: mean node feature std = 0.993251
Layer 1: mean node feature std = 0.300617
Layer 0: mean node feature std = 0.993731
Layer 1: mean node feature std = 0.300750
Layer 0: mean node feature std = 0.967958
Layer 1: mean node feature std = 0.292607
Layer 0: mean node feature std = 1.005203
Layer 1: mean node feature std = 0.304411
Layer 0: mean node feature std = 1.011627
Layer 1: mean node feature std = 0.306538
Layer 0: mean node feature std = 1.012620
Layer 1: mean node feature std = 0.306884
Layer 0: mean node feature std = 1.003367
Layer 1: mean node feature std = 0.303939
Layer 0: mean node feature std = 1.013798
Layer 1: mean node feature std = 0.307243
Layer 0: mean node feature std = 0.981693
Layer 1: mean node feature std = 0.297161
Layer 0: mean node feature std = 0.978364
Layer 1: mean node feature std = 0.296192
Layer 0: mean node feature std = 0.979561
Layer 1: mean node feature std = 0.296484
Layer 0: mean node feature std = 0.990153
Layer 1: mean node feature std = 0.299783
Layer 0: mean node feature std = 1.022401
Layer 1: mean node feature std = 0.310037
Layer 0: mean node feature std = 0.921385
Layer 1: mean node feature std = 0.278153
Epoch 99 | loss=1558.9496 | 1551.6688
Layer 0: mean node feature std = 1.021749
Layer 1: mean node feature std = 0.309696
Layer 0: mean node feature std = 0.972625
Layer 1: mean node feature std = 0.294025
Layer 0: mean node feature std = 1.015810
Layer 1: mean node feature std = 0.307797
Layer 0: mean node feature std = 0.962343
Layer 1: mean node feature std = 0.290959
Layer 0: mean node feature std = 0.999199
Layer 1: mean node feature std = 0.302696
Layer 0: mean node feature std = 1.004485
Layer 1: mean node feature std = 0.304377
Layer 0: mean node feature std = 0.998531
Layer 1: mean node feature std = 0.302567
Layer 0: mean node feature std = 1.013195
Layer 1: mean node feature std = 0.307368
Layer 0: mean node feature std = 0.978728
Layer 1: mean node feature std = 0.296527
Layer 0: mean node feature std = 0.964468
Layer 1: mean node feature std = 0.292012
Layer 0: mean node feature std = 0.994077
Layer 1: mean node feature std = 0.301404
Layer 0: mean node feature std = 0.997635
Layer 1: mean node feature std = 0.302707
Layer 0: mean node feature std = 1.013169
Layer 1: mean node feature std = 0.307621
Layer 0: mean node feature std = 1.005171
Layer 1: mean node feature std = 0.305060
Layer 0: mean node feature std = 0.989808
Layer 1: mean node feature std = 0.300133
Layer 0: mean node feature std = 1.011825
Layer 1: mean node feature std = 0.306983
Epoch 100 | loss=1544.1561 | 1548.8982
Layer 0: mean node feature std = 0.993057
Layer 1: mean node feature std = 0.300961
Layer 0: mean node feature std = 1.001003
Layer 1: mean node feature std = 0.303365
Layer 0: mean node feature std = 0.983640
Layer 1: mean node feature std = 0.297766
Layer 0: mean node feature std = 1.023536
Layer 1: mean node feature std = 0.310220
Layer 0: mean node feature std = 0.951095
Layer 1: mean node feature std = 0.287372
Layer 0: mean node feature std = 1.005122
Layer 1: mean node feature std = 0.304414
Layer 0: mean node feature std = 0.991292
Layer 1: mean node feature std = 0.300119
Layer 0: mean node feature std = 0.978584
Layer 1: mean node feature std = 0.296101
Layer 0: mean node feature std = 1.011319
Layer 1: mean node feature std = 0.306789
Layer 0: mean node feature std = 0.986132
Layer 1: mean node feature std = 0.298760
Layer 0: mean node feature std = 0.997117
Layer 1: mean node feature std = 0.302335
Layer 0: mean node feature std = 0.998352
Layer 1: mean node feature std = 0.302750
Layer 0: mean node feature std = 0.993824
Layer 1: mean node feature std = 0.301394
Layer 0: mean node feature std = 0.992750
Layer 1: mean node feature std = 0.301026
Layer 0: mean node feature std = 1.020792
Layer 1: mean node feature std = 0.309972
Layer 0: mean node feature std = 1.029848
Layer 1: mean node feature std = 0.312781
Epoch 101 | loss=1571.1924 | 2410.8683
Layer 0: mean node feature std = 1.013171
Layer 1: mean node feature std = 0.307545
Layer 0: mean node feature std = 1.001267
Layer 1: mean node feature std = 0.303811
Layer 0: mean node feature std = 0.986195
Layer 1: mean node feature std = 0.299079
Layer 0: mean node feature std = 0.980748
Layer 1: mean node feature std = 0.297374
Layer 0: mean node feature std = 0.993428
Layer 1: mean node feature std = 0.301353
Layer 0: mean node feature std = 0.990239
Layer 1: mean node feature std = 0.300422
Layer 0: mean node feature std = 1.016496
Layer 1: mean node feature std = 0.308658
Layer 0: mean node feature std = 0.989290
Layer 1: mean node feature std = 0.300085
Layer 0: mean node feature std = 0.997661
Layer 1: mean node feature std = 0.302827
Layer 0: mean node feature std = 1.000892
Layer 1: mean node feature std = 0.303813
Layer 0: mean node feature std = 0.994319
Layer 1: mean node feature std = 0.301793
Layer 0: mean node feature std = 1.004223
Layer 1: mean node feature std = 0.304979
Layer 0: mean node feature std = 0.972547
Layer 1: mean node feature std = 0.294961
Layer 0: mean node feature std = 0.965090
Layer 1: mean node feature std = 0.292527
Layer 0: mean node feature std = 1.013679
Layer 1: mean node feature std = 0.307933
Layer 0: mean node feature std = 1.074474
Layer 1: mean node feature std = 0.327153
Epoch 102 | loss=1532.2967 | 1548.2708
Layer 0: mean node feature std = 0.996895
Layer 1: mean node feature std = 0.302613
Layer 0: mean node feature std = 1.010774
Layer 1: mean node feature std = 0.306992
Layer 0: mean node feature std = 1.035161
Layer 1: mean node feature std = 0.314698
Layer 0: mean node feature std = 0.970399
Layer 1: mean node feature std = 0.294253
Layer 0: mean node feature std = 1.023903
Layer 1: mean node feature std = 0.311179
Layer 0: mean node feature std = 0.996392
Layer 1: mean node feature std = 0.302727
Layer 0: mean node feature std = 0.994210
Layer 1: mean node feature std = 0.302004
Layer 0: mean node feature std = 1.000384
Layer 1: mean node feature std = 0.304204
Layer 0: mean node feature std = 0.979560
Layer 1: mean node feature std = 0.297651
Layer 0: mean node feature std = 0.980881
Layer 1: mean node feature std = 0.298201
Layer 0: mean node feature std = 0.993837
Layer 1: mean node feature std = 0.302405
Layer 0: mean node feature std = 0.969011
Layer 1: mean node feature std = 0.294632
Layer 0: mean node feature std = 0.990647
Layer 1: mean node feature std = 0.301586
Layer 0: mean node feature std = 0.976844
Layer 1: mean node feature std = 0.297178
Layer 0: mean node feature std = 1.003035
Layer 1: mean node feature std = 0.305561
Layer 0: mean node feature std = 1.060139
Layer 1: mean node feature std = 0.323692
Epoch 103 | loss=1536.0274 | 1518.1988
Layer 0: mean node feature std = 1.009272
Layer 1: mean node feature std = 0.307391
Layer 0: mean node feature std = 1.000473
Layer 1: mean node feature std = 0.304611
Layer 0: mean node feature std = 0.997293
Layer 1: mean node feature std = 0.303479
Layer 0: mean node feature std = 1.010983
Layer 1: mean node feature std = 0.307795
Layer 0: mean node feature std = 1.002415
Layer 1: mean node feature std = 0.305178
Layer 0: mean node feature std = 1.012246
Layer 1: mean node feature std = 0.308379
Layer 0: mean node feature std = 0.991557
Layer 1: mean node feature std = 0.301866
Layer 0: mean node feature std = 1.011335
Layer 1: mean node feature std = 0.308072
Layer 0: mean node feature std = 0.987717
Layer 1: mean node feature std = 0.300704
Layer 0: mean node feature std = 0.973486
Layer 1: mean node feature std = 0.296219
Layer 0: mean node feature std = 0.978677
Layer 1: mean node feature std = 0.297891
Layer 0: mean node feature std = 0.981602
Layer 1: mean node feature std = 0.298919
Layer 0: mean node feature std = 1.010931
Layer 1: mean node feature std = 0.308211
Layer 0: mean node feature std = 0.996183
Layer 1: mean node feature std = 0.303543
Layer 0: mean node feature std = 0.981336
Layer 1: mean node feature std = 0.298809
Layer 0: mean node feature std = 0.934420
Layer 1: mean node feature std = 0.283719
Epoch 104 | loss=1558.0776 | 1577.1285
Layer 0: mean node feature std = 1.011805
Layer 1: mean node feature std = 0.308593
Layer 0: mean node feature std = 0.988738
Layer 1: mean node feature std = 0.301157
Layer 0: mean node feature std = 0.990576
Layer 1: mean node feature std = 0.301742
Layer 0: mean node feature std = 0.985714
Layer 1: mean node feature std = 0.300223
Layer 0: mean node feature std = 1.002604
Layer 1: mean node feature std = 0.305687
Layer 0: mean node feature std = 0.972458
Layer 1: mean node feature std = 0.296200
Layer 0: mean node feature std = 0.975218
Layer 1: mean node feature std = 0.296913
Layer 0: mean node feature std = 1.017295
Layer 1: mean node feature std = 0.310417
Layer 0: mean node feature std = 0.995029
Layer 1: mean node feature std = 0.303354
Layer 0: mean node feature std = 0.972184
Layer 1: mean node feature std = 0.295943
Layer 0: mean node feature std = 1.020103
Layer 1: mean node feature std = 0.311155
Layer 0: mean node feature std = 0.985426
Layer 1: mean node feature std = 0.300230
Layer 0: mean node feature std = 1.006624
Layer 1: mean node feature std = 0.307142
Layer 0: mean node feature std = 1.022644
Layer 1: mean node feature std = 0.312256
Layer 0: mean node feature std = 0.982863
Layer 1: mean node feature std = 0.299642
Layer 0: mean node feature std = 1.020946
Layer 1: mean node feature std = 0.311700
Epoch 105 | loss=1604.1018 | 1653.1366
Layer 0: mean node feature std = 0.976655
Layer 1: mean node feature std = 0.297751
Layer 0: mean node feature std = 1.012156
Layer 1: mean node feature std = 0.309002
Layer 0: mean node feature std = 1.000773
Layer 1: mean node feature std = 0.305435
Layer 0: mean node feature std = 0.994686
Layer 1: mean node feature std = 0.303587
Layer 0: mean node feature std = 1.003722
Layer 1: mean node feature std = 0.306551
Layer 0: mean node feature std = 1.011812
Layer 1: mean node feature std = 0.309045
Layer 0: mean node feature std = 1.005850
Layer 1: mean node feature std = 0.307191
Layer 0: mean node feature std = 1.011627
Layer 1: mean node feature std = 0.309054
Layer 0: mean node feature std = 0.988404
Layer 1: mean node feature std = 0.301714
Layer 0: mean node feature std = 0.975765
Layer 1: mean node feature std = 0.297729
Layer 0: mean node feature std = 0.977153
Layer 1: mean node feature std = 0.298248
Layer 0: mean node feature std = 0.982411
Layer 1: mean node feature std = 0.299853
Layer 0: mean node feature std = 0.993771
Layer 1: mean node feature std = 0.303596
Layer 0: mean node feature std = 0.993652
Layer 1: mean node feature std = 0.303568
Layer 0: mean node feature std = 1.004518
Layer 1: mean node feature std = 0.307113
Layer 0: mean node feature std = 1.001369
Layer 1: mean node feature std = 0.306100
Epoch 106 | loss=1587.8737 | 1731.3010
Layer 0: mean node feature std = 0.984824
Layer 1: mean node feature std = 0.300724
Layer 0: mean node feature std = 1.020835
Layer 1: mean node feature std = 0.312254
Layer 0: mean node feature std = 0.991140
Layer 1: mean node feature std = 0.302841
Layer 0: mean node feature std = 1.011268
Layer 1: mean node feature std = 0.309193
Layer 0: mean node feature std = 0.994644
Layer 1: mean node feature std = 0.303918
Layer 0: mean node feature std = 0.992117
Layer 1: mean node feature std = 0.303233
Layer 0: mean node feature std = 0.997114
Layer 1: mean node feature std = 0.304822
Layer 0: mean node feature std = 1.004994
Layer 1: mean node feature std = 0.307348
Layer 0: mean node feature std = 1.002961
Layer 1: mean node feature std = 0.306659
Layer 0: mean node feature std = 0.955689
Layer 1: mean node feature std = 0.291628
Layer 0: mean node feature std = 0.994247
Layer 1: mean node feature std = 0.304059
Layer 0: mean node feature std = 0.990625
Layer 1: mean node feature std = 0.302967
Layer 0: mean node feature std = 1.021374
Layer 1: mean node feature std = 0.312796
Layer 0: mean node feature std = 0.983966
Layer 1: mean node feature std = 0.300936
Layer 0: mean node feature std = 1.001398
Layer 1: mean node feature std = 0.306558
Layer 0: mean node feature std = 0.925407
Layer 1: mean node feature std = 0.282284
Epoch 107 | loss=1519.0516 | 1614.4694
Layer 0: mean node feature std = 0.981940
Layer 1: mean node feature std = 0.300358
Layer 0: mean node feature std = 0.974010
Layer 1: mean node feature std = 0.297859
Layer 0: mean node feature std = 1.007012
Layer 1: mean node feature std = 0.308465
Layer 0: mean node feature std = 1.013059
Layer 1: mean node feature std = 0.310507
Layer 0: mean node feature std = 1.004297
Layer 1: mean node feature std = 0.307672
Layer 0: mean node feature std = 0.999831
Layer 1: mean node feature std = 0.306383
Layer 0: mean node feature std = 0.991816
Layer 1: mean node feature std = 0.303884
Layer 0: mean node feature std = 0.980263
Layer 1: mean node feature std = 0.300177
Layer 0: mean node feature std = 0.982239
Layer 1: mean node feature std = 0.300841
Layer 0: mean node feature std = 0.995061
Layer 1: mean node feature std = 0.304939
Layer 0: mean node feature std = 0.998630
Layer 1: mean node feature std = 0.305993
Layer 0: mean node feature std = 0.975750
Layer 1: mean node feature std = 0.298657
Layer 0: mean node feature std = 1.027431
Layer 1: mean node feature std = 0.315171
Layer 0: mean node feature std = 1.019962
Layer 1: mean node feature std = 0.312658
Layer 0: mean node feature std = 0.984206
Layer 1: mean node feature std = 0.301335
Layer 0: mean node feature std = 0.987746
Layer 1: mean node feature std = 0.302434
Epoch 108 | loss=1544.7926 | 1579.1713
Layer 0: mean node feature std = 1.005678
Layer 1: mean node feature std = 0.308278
Layer 0: mean node feature std = 0.993757
Layer 1: mean node feature std = 0.304592
Layer 0: mean node feature std = 0.989469
Layer 1: mean node feature std = 0.303393
Layer 0: mean node feature std = 1.020128
Layer 1: mean node feature std = 0.313168
Layer 0: mean node feature std = 0.966263
Layer 1: mean node feature std = 0.295989
Layer 0: mean node feature std = 1.007437
Layer 1: mean node feature std = 0.309184
Layer 0: mean node feature std = 1.005788
Layer 1: mean node feature std = 0.308678
Layer 0: mean node feature std = 0.996231
Layer 1: mean node feature std = 0.305618
Layer 0: mean node feature std = 0.970113
Layer 1: mean node feature std = 0.297163
Layer 0: mean node feature std = 0.997964
Layer 1: mean node feature std = 0.306031
Layer 0: mean node feature std = 0.983889
Layer 1: mean node feature std = 0.301563
Layer 0: mean node feature std = 0.979941
Layer 1: mean node feature std = 0.300254
Layer 0: mean node feature std = 0.996063
Layer 1: mean node feature std = 0.305444
Layer 0: mean node feature std = 0.996950
Layer 1: mean node feature std = 0.305649
Layer 0: mean node feature std = 1.021532
Layer 1: mean node feature std = 0.313602
Layer 0: mean node feature std = 1.010710
Layer 1: mean node feature std = 0.310092
Epoch 109 | loss=1570.6499 | 1830.5751
Layer 0: mean node feature std = 1.006111
Layer 1: mean node feature std = 0.308830
Layer 0: mean node feature std = 1.001064
Layer 1: mean node feature std = 0.307326
Layer 0: mean node feature std = 1.006391
Layer 1: mean node feature std = 0.309056
Layer 0: mean node feature std = 0.983362
Layer 1: mean node feature std = 0.301763
Layer 0: mean node feature std = 0.998152
Layer 1: mean node feature std = 0.306686
Layer 0: mean node feature std = 0.977170
Layer 1: mean node feature std = 0.299934
Layer 0: mean node feature std = 1.020364
Layer 1: mean node feature std = 0.313871
Layer 0: mean node feature std = 0.997488
Layer 1: mean node feature std = 0.306503
Layer 0: mean node feature std = 0.984699
Layer 1: mean node feature std = 0.302469
Layer 0: mean node feature std = 0.994494
Layer 1: mean node feature std = 0.305555
Layer 0: mean node feature std = 0.990212
Layer 1: mean node feature std = 0.304110
Layer 0: mean node feature std = 0.991083
Layer 1: mean node feature std = 0.304423
Layer 0: mean node feature std = 0.992272
Layer 1: mean node feature std = 0.304842
Layer 0: mean node feature std = 0.999919
Layer 1: mean node feature std = 0.307394
Layer 0: mean node feature std = 0.987480
Layer 1: mean node feature std = 0.303309
Layer 0: mean node feature std = 1.015727
Layer 1: mean node feature std = 0.312358
Epoch 110 | loss=1578.4612 | 1521.1900
Layer 0: mean node feature std = 1.001297
Layer 1: mean node feature std = 0.307873
Layer 0: mean node feature std = 1.004268
Layer 1: mean node feature std = 0.308939
Layer 0: mean node feature std = 1.012295
Layer 1: mean node feature std = 0.311637
Layer 0: mean node feature std = 0.996787
Layer 1: mean node feature std = 0.306749
Layer 0: mean node feature std = 1.013025
Layer 1: mean node feature std = 0.312173
Layer 0: mean node feature std = 1.001161
Layer 1: mean node feature std = 0.308245
Layer 0: mean node feature std = 0.962260
Layer 1: mean node feature std = 0.295857
Layer 0: mean node feature std = 0.980776
Layer 1: mean node feature std = 0.301879
Layer 0: mean node feature std = 0.991750
Layer 1: mean node feature std = 0.305392
Layer 0: mean node feature std = 0.992049
Layer 1: mean node feature std = 0.305513
Layer 0: mean node feature std = 1.003389
Layer 1: mean node feature std = 0.309202
Layer 0: mean node feature std = 0.988037
Layer 1: mean node feature std = 0.304236
Layer 0: mean node feature std = 0.988512
Layer 1: mean node feature std = 0.304498
Layer 0: mean node feature std = 1.004468
Layer 1: mean node feature std = 0.309559
Layer 0: mean node feature std = 0.992412
Layer 1: mean node feature std = 0.305644
Layer 0: mean node feature std = 1.003867
Layer 1: mean node feature std = 0.309535
Epoch 111 | loss=1533.4414 | 2033.9005
Layer 0: mean node feature std = 0.971745
Layer 1: mean node feature std = 0.299091
Layer 0: mean node feature std = 0.996623
Layer 1: mean node feature std = 0.307054
Layer 0: mean node feature std = 1.017645
Layer 1: mean node feature std = 0.313917
Layer 0: mean node feature std = 1.011849
Layer 1: mean node feature std = 0.312031
Layer 0: mean node feature std = 0.984375
Layer 1: mean node feature std = 0.303251
Layer 0: mean node feature std = 0.988881
Layer 1: mean node feature std = 0.304666
Layer 0: mean node feature std = 1.019232
Layer 1: mean node feature std = 0.314454
Layer 0: mean node feature std = 1.005573
Layer 1: mean node feature std = 0.309987
Layer 0: mean node feature std = 0.993950
Layer 1: mean node feature std = 0.306288
Layer 0: mean node feature std = 1.010869
Layer 1: mean node feature std = 0.311820
Layer 0: mean node feature std = 0.995892
Layer 1: mean node feature std = 0.307028
Layer 0: mean node feature std = 0.984211
Layer 1: mean node feature std = 0.303341
Layer 0: mean node feature std = 0.992539
Layer 1: mean node feature std = 0.306061
Layer 0: mean node feature std = 0.999821
Layer 1: mean node feature std = 0.308344
Layer 0: mean node feature std = 0.968903
Layer 1: mean node feature std = 0.298329
Layer 0: mean node feature std = 0.952547
Layer 1: mean node feature std = 0.293063
Epoch 112 | loss=1556.9505 | 1564.5737
Layer 0: mean node feature std = 0.994044
Layer 1: mean node feature std = 0.306326
Layer 0: mean node feature std = 0.987449
Layer 1: mean node feature std = 0.304254
Layer 0: mean node feature std = 0.987971
Layer 1: mean node feature std = 0.304567
Layer 0: mean node feature std = 1.017193
Layer 1: mean node feature std = 0.314052
Layer 0: mean node feature std = 1.004649
Layer 1: mean node feature std = 0.309987
Layer 0: mean node feature std = 0.996052
Layer 1: mean node feature std = 0.307291
Layer 0: mean node feature std = 1.001635
Layer 1: mean node feature std = 0.308982
Layer 0: mean node feature std = 1.026365
Layer 1: mean node feature std = 0.317218
Layer 0: mean node feature std = 1.001987
Layer 1: mean node feature std = 0.309263
Layer 0: mean node feature std = 0.993790
Layer 1: mean node feature std = 0.306680
Layer 0: mean node feature std = 0.993112
Layer 1: mean node feature std = 0.306418
Layer 0: mean node feature std = 0.982651
Layer 1: mean node feature std = 0.303006
Layer 0: mean node feature std = 0.989127
Layer 1: mean node feature std = 0.305058
Layer 0: mean node feature std = 0.975492
Layer 1: mean node feature std = 0.300654
Layer 0: mean node feature std = 0.983201
Layer 1: mean node feature std = 0.303240
Layer 0: mean node feature std = 0.991957
Layer 1: mean node feature std = 0.306251
Epoch 113 | loss=1542.5767 | 1812.5974
Layer 0: mean node feature std = 0.990130
Layer 1: mean node feature std = 0.305337
Layer 0: mean node feature std = 0.986408
Layer 1: mean node feature std = 0.304159
Layer 0: mean node feature std = 0.992062
Layer 1: mean node feature std = 0.306073
Layer 0: mean node feature std = 1.013536
Layer 1: mean node feature std = 0.312969
Layer 0: mean node feature std = 1.001584
Layer 1: mean node feature std = 0.309110
Layer 0: mean node feature std = 1.008006
Layer 1: mean node feature std = 0.311229
Layer 0: mean node feature std = 0.999479
Layer 1: mean node feature std = 0.308546
Layer 0: mean node feature std = 0.999455
Layer 1: mean node feature std = 0.308676
Layer 0: mean node feature std = 0.985748
Layer 1: mean node feature std = 0.304217
Layer 0: mean node feature std = 1.005849
Layer 1: mean node feature std = 0.310814
Layer 0: mean node feature std = 0.987382
Layer 1: mean node feature std = 0.304925
Layer 0: mean node feature std = 1.009867
Layer 1: mean node feature std = 0.312315
Layer 0: mean node feature std = 0.979235
Layer 1: mean node feature std = 0.302380
Layer 0: mean node feature std = 0.991231
Layer 1: mean node feature std = 0.306275
Layer 0: mean node feature std = 0.990582
Layer 1: mean node feature std = 0.305958
Layer 0: mean node feature std = 0.960826
Layer 1: mean node feature std = 0.296261
Epoch 114 | loss=1512.8483 | 1706.5305
Layer 0: mean node feature std = 0.978397
Layer 1: mean node feature std = 0.301915
Layer 0: mean node feature std = 0.982607
Layer 1: mean node feature std = 0.303309
Layer 0: mean node feature std = 1.003737
Layer 1: mean node feature std = 0.309974
Layer 0: mean node feature std = 1.005563
Layer 1: mean node feature std = 0.310706
Layer 0: mean node feature std = 0.969384
Layer 1: mean node feature std = 0.298937
Layer 0: mean node feature std = 1.024350
Layer 1: mean node feature std = 0.316644
Layer 0: mean node feature std = 0.982136
Layer 1: mean node feature std = 0.303130
Layer 0: mean node feature std = 1.004120
Layer 1: mean node feature std = 0.310274
Layer 0: mean node feature std = 1.009092
Layer 1: mean node feature std = 0.311952
Layer 0: mean node feature std = 1.002058
Layer 1: mean node feature std = 0.309748
Layer 0: mean node feature std = 1.006462
Layer 1: mean node feature std = 0.311144
Layer 0: mean node feature std = 0.969346
Layer 1: mean node feature std = 0.299214
Layer 0: mean node feature std = 0.993345
Layer 1: mean node feature std = 0.306997
Layer 0: mean node feature std = 1.016500
Layer 1: mean node feature std = 0.314599
Layer 0: mean node feature std = 0.990888
Layer 1: mean node feature std = 0.306315
Layer 0: mean node feature std = 0.974535
Layer 1: mean node feature std = 0.300951
Epoch 115 | loss=1541.2791 | 1540.7803
Layer 0: mean node feature std = 1.013419
Layer 1: mean node feature std = 0.313535
Layer 0: mean node feature std = 1.022445
Layer 1: mean node feature std = 0.316489
Layer 0: mean node feature std = 1.010786
Layer 1: mean node feature std = 0.312699
Layer 0: mean node feature std = 0.975174
Layer 1: mean node feature std = 0.301270
Layer 0: mean node feature std = 1.006745
Layer 1: mean node feature std = 0.311435
Layer 0: mean node feature std = 0.998297
Layer 1: mean node feature std = 0.308773
Layer 0: mean node feature std = 0.998776
Layer 1: mean node feature std = 0.308890
Layer 0: mean node feature std = 0.988306
Layer 1: mean node feature std = 0.305616
Layer 0: mean node feature std = 1.015000
Layer 1: mean node feature std = 0.314311
Layer 0: mean node feature std = 0.969269
Layer 1: mean node feature std = 0.299667
Layer 0: mean node feature std = 1.002482
Layer 1: mean node feature std = 0.310368
Layer 0: mean node feature std = 0.981020
Layer 1: mean node feature std = 0.303474
Layer 0: mean node feature std = 0.963454
Layer 1: mean node feature std = 0.297913
Layer 0: mean node feature std = 0.986718
Layer 1: mean node feature std = 0.305518
Layer 0: mean node feature std = 1.003963
Layer 1: mean node feature std = 0.311225
Layer 0: mean node feature std = 0.985900
Layer 1: mean node feature std = 0.305417
Epoch 116 | loss=1513.7237 | 2331.3473
Layer 0: mean node feature std = 0.997048
Layer 1: mean node feature std = 0.308970
Layer 0: mean node feature std = 1.000276
Layer 1: mean node feature std = 0.310008
Layer 0: mean node feature std = 0.988852
Layer 1: mean node feature std = 0.306351
Layer 0: mean node feature std = 1.004005
Layer 1: mean node feature std = 0.311290
Layer 0: mean node feature std = 0.994303
Layer 1: mean node feature std = 0.308189
Layer 0: mean node feature std = 0.995613
Layer 1: mean node feature std = 0.308563
Layer 0: mean node feature std = 0.997497
Layer 1: mean node feature std = 0.309259
Layer 0: mean node feature std = 0.980977
Layer 1: mean node feature std = 0.304109
Layer 0: mean node feature std = 1.000685
Layer 1: mean node feature std = 0.310461
Layer 0: mean node feature std = 0.979391
Layer 1: mean node feature std = 0.303602
Layer 0: mean node feature std = 0.989322
Layer 1: mean node feature std = 0.306790
Layer 0: mean node feature std = 0.997173
Layer 1: mean node feature std = 0.309379
Layer 0: mean node feature std = 0.991273
Layer 1: mean node feature std = 0.307456
Layer 0: mean node feature std = 0.990383
Layer 1: mean node feature std = 0.307196
Layer 0: mean node feature std = 1.015763
Layer 1: mean node feature std = 0.315351
Layer 0: mean node feature std = 1.056798
Layer 1: mean node feature std = 0.328725
Epoch 117 | loss=1549.3601 | 1567.7598
Layer 0: mean node feature std = 0.988811
Layer 1: mean node feature std = 0.306854
Layer 0: mean node feature std = 0.989679
Layer 1: mean node feature std = 0.307030
Layer 0: mean node feature std = 0.993806
Layer 1: mean node feature std = 0.308342
Layer 0: mean node feature std = 0.999304
Layer 1: mean node feature std = 0.310087
Layer 0: mean node feature std = 1.004051
Layer 1: mean node feature std = 0.311701
Layer 0: mean node feature std = 0.998079
Layer 1: mean node feature std = 0.309733
Layer 0: mean node feature std = 1.002650
Layer 1: mean node feature std = 0.311391
Layer 0: mean node feature std = 0.984079
Layer 1: mean node feature std = 0.305404
Layer 0: mean node feature std = 0.961746
Layer 1: mean node feature std = 0.298243
Layer 0: mean node feature std = 1.010306
Layer 1: mean node feature std = 0.314039
Layer 0: mean node feature std = 1.003553
Layer 1: mean node feature std = 0.312059
Layer 0: mean node feature std = 1.008139
Layer 1: mean node feature std = 0.313708
Layer 0: mean node feature std = 0.987148
Layer 1: mean node feature std = 0.306859
Layer 0: mean node feature std = 0.995318
Layer 1: mean node feature std = 0.309635
Layer 0: mean node feature std = 0.996624
Layer 1: mean node feature std = 0.310177
Layer 0: mean node feature std = 1.052899
Layer 1: mean node feature std = 0.328480
Epoch 118 | loss=1557.5128 | 1690.8843
Layer 0: mean node feature std = 0.986395
Layer 1: mean node feature std = 0.306780
Layer 0: mean node feature std = 1.008255
Layer 1: mean node feature std = 0.313887
Layer 0: mean node feature std = 1.014479
Layer 1: mean node feature std = 0.315986
Layer 0: mean node feature std = 0.975884
Layer 1: mean node feature std = 0.303345
Layer 0: mean node feature std = 0.998762
Layer 1: mean node feature std = 0.310702
Layer 0: mean node feature std = 0.975498
Layer 1: mean node feature std = 0.303048
Layer 0: mean node feature std = 1.002771
Layer 1: mean node feature std = 0.312057
Layer 0: mean node feature std = 1.006958
Layer 1: mean node feature std = 0.313370
Layer 0: mean node feature std = 0.983978
Layer 1: mean node feature std = 0.305790
Layer 0: mean node feature std = 0.986781
Layer 1: mean node feature std = 0.306782
Layer 0: mean node feature std = 1.007234
Layer 1: mean node feature std = 0.313533
Layer 0: mean node feature std = 0.980326
Layer 1: mean node feature std = 0.304880
Layer 0: mean node feature std = 0.994569
Layer 1: mean node feature std = 0.309583
Layer 0: mean node feature std = 0.993507
Layer 1: mean node feature std = 0.309337
Layer 0: mean node feature std = 1.010235
Layer 1: mean node feature std = 0.314782
Layer 0: mean node feature std = 1.040411
Layer 1: mean node feature std = 0.324932
Epoch 119 | loss=1581.4261 | 1627.7063
Layer 0: mean node feature std = 0.972147
Layer 1: mean node feature std = 0.302468
Layer 0: mean node feature std = 0.997053
Layer 1: mean node feature std = 0.310491
Layer 0: mean node feature std = 0.981072
Layer 1: mean node feature std = 0.305270
Layer 0: mean node feature std = 0.986208
Layer 1: mean node feature std = 0.306912
Layer 0: mean node feature std = 1.006223
Layer 1: mean node feature std = 0.313500
Layer 0: mean node feature std = 1.017575
Layer 1: mean node feature std = 0.317197
Layer 0: mean node feature std = 1.011671
Layer 1: mean node feature std = 0.315286
Layer 0: mean node feature std = 0.992962
Layer 1: mean node feature std = 0.309281
Layer 0: mean node feature std = 0.991850
Layer 1: mean node feature std = 0.308949
Layer 0: mean node feature std = 0.994787
Layer 1: mean node feature std = 0.310073
Layer 0: mean node feature std = 0.991516
Layer 1: mean node feature std = 0.308976
Layer 0: mean node feature std = 0.970835
Layer 1: mean node feature std = 0.302276
Layer 0: mean node feature std = 0.990932
Layer 1: mean node feature std = 0.308899
Layer 0: mean node feature std = 1.015243
Layer 1: mean node feature std = 0.316839
Layer 0: mean node feature std = 1.013494
Layer 1: mean node feature std = 0.316502
Layer 0: mean node feature std = 0.998089
Layer 1: mean node feature std = 0.311413
Epoch 120 | loss=1600.6777 | 2357.2375
Layer 0: mean node feature std = 0.983731
Layer 1: mean node feature std = 0.306835
Layer 0: mean node feature std = 0.995972
Layer 1: mean node feature std = 0.311059
Layer 0: mean node feature std = 0.991187
Layer 1: mean node feature std = 0.309361
Layer 0: mean node feature std = 0.980165
Layer 1: mean node feature std = 0.305913
Layer 0: mean node feature std = 1.009144
Layer 1: mean node feature std = 0.315329
Layer 0: mean node feature std = 0.999260
Layer 1: mean node feature std = 0.312069
Layer 0: mean node feature std = 0.991944
Layer 1: mean node feature std = 0.309625
Layer 0: mean node feature std = 0.988426
Layer 1: mean node feature std = 0.308561
Layer 0: mean node feature std = 0.976507
Layer 1: mean node feature std = 0.304640
Layer 0: mean node feature std = 1.018474
Layer 1: mean node feature std = 0.318394
Layer 0: mean node feature std = 1.000104
Layer 1: mean node feature std = 0.312402
Layer 0: mean node feature std = 0.991454
Layer 1: mean node feature std = 0.309414
Layer 0: mean node feature std = 1.032706
Layer 1: mean node feature std = 0.322904
Layer 0: mean node feature std = 1.007472
Layer 1: mean node feature std = 0.314785
Layer 0: mean node feature std = 0.964010
Layer 1: mean node feature std = 0.300579
Layer 0: mean node feature std = 1.014158
Layer 1: mean node feature std = 0.317152
Epoch 121 | loss=1515.0721 | 1715.4470
Layer 0: mean node feature std = 0.982841
Layer 1: mean node feature std = 0.306689
Layer 0: mean node feature std = 1.003720
Layer 1: mean node feature std = 0.313520
Layer 0: mean node feature std = 1.034772
Layer 1: mean node feature std = 0.323732
Layer 0: mean node feature std = 0.980762
Layer 1: mean node feature std = 0.306066
Layer 0: mean node feature std = 0.969976
Layer 1: mean node feature std = 0.302585
Layer 0: mean node feature std = 1.009345
Layer 1: mean node feature std = 0.315608
Layer 0: mean node feature std = 1.031328
Layer 1: mean node feature std = 0.322859
Layer 0: mean node feature std = 0.960389
Layer 1: mean node feature std = 0.299671
Layer 0: mean node feature std = 0.971889
Layer 1: mean node feature std = 0.303536
Layer 0: mean node feature std = 0.998074
Layer 1: mean node feature std = 0.312078
Layer 0: mean node feature std = 0.992115
Layer 1: mean node feature std = 0.310162
Layer 0: mean node feature std = 1.011334
Layer 1: mean node feature std = 0.316592
Layer 0: mean node feature std = 1.021798
Layer 1: mean node feature std = 0.320070
Layer 0: mean node feature std = 0.979804
Layer 1: mean node feature std = 0.306282
Layer 0: mean node feature std = 0.979214
Layer 1: mean node feature std = 0.306102
Layer 0: mean node feature std = 1.031188
Layer 1: mean node feature std = 0.323376
Epoch 122 | loss=1569.8090 | 1634.3740
Layer 0: mean node feature std = 1.005493
Layer 1: mean node feature std = 0.314873
Layer 0: mean node feature std = 1.012006
Layer 1: mean node feature std = 0.317172
Layer 0: mean node feature std = 0.994195
Layer 1: mean node feature std = 0.311469
Layer 0: mean node feature std = 1.004465
Layer 1: mean node feature std = 0.314880
Layer 0: mean node feature std = 0.976550
Layer 1: mean node feature std = 0.305619
Layer 0: mean node feature std = 1.013393
Layer 1: mean node feature std = 0.317767
Layer 0: mean node feature std = 0.986928
Layer 1: mean node feature std = 0.309119
Layer 0: mean node feature std = 0.992024
Layer 1: mean node feature std = 0.310794
Layer 0: mean node feature std = 0.980109
Layer 1: mean node feature std = 0.306939
Layer 0: mean node feature std = 1.007848
Layer 1: mean node feature std = 0.316000
Layer 0: mean node feature std = 0.980494
Layer 1: mean node feature std = 0.307052
Layer 0: mean node feature std = 1.003687
Layer 1: mean node feature std = 0.314812
Layer 0: mean node feature std = 0.990163
Layer 1: mean node feature std = 0.310308
Layer 0: mean node feature std = 1.001039
Layer 1: mean node feature std = 0.313970
Layer 0: mean node feature std = 0.985201
Layer 1: mean node feature std = 0.308804
Layer 0: mean node feature std = 0.997941
Layer 1: mean node feature std = 0.312974
Epoch 123 | loss=1545.7595 | 2049.8573
Layer 0: mean node feature std = 0.988170
Layer 1: mean node feature std = 0.309848
Layer 0: mean node feature std = 1.002515
Layer 1: mean node feature std = 0.314735
Layer 0: mean node feature std = 1.014630
Layer 1: mean node feature std = 0.318715
Layer 0: mean node feature std = 0.996127
Layer 1: mean node feature std = 0.312650
Layer 0: mean node feature std = 0.978902
Layer 1: mean node feature std = 0.307125
Layer 0: mean node feature std = 1.004736
Layer 1: mean node feature std = 0.315731
Layer 0: mean node feature std = 0.994258
Layer 1: mean node feature std = 0.312313
Layer 0: mean node feature std = 0.999371
Layer 1: mean node feature std = 0.313907
Layer 0: mean node feature std = 1.008784
Layer 1: mean node feature std = 0.317177
Layer 0: mean node feature std = 0.995452
Layer 1: mean node feature std = 0.312828
Layer 0: mean node feature std = 1.014501
Layer 1: mean node feature std = 0.319142
Layer 0: mean node feature std = 0.994376
Layer 1: mean node feature std = 0.312555
Layer 0: mean node feature std = 0.984652
Layer 1: mean node feature std = 0.309108
Layer 0: mean node feature std = 0.980982
Layer 1: mean node feature std = 0.307977
Layer 0: mean node feature std = 0.976394
Layer 1: mean node feature std = 0.306580
Layer 0: mean node feature std = 0.996595
Layer 1: mean node feature std = 0.313402
Epoch 124 | loss=1556.7702 | 2185.4498
Layer 0: mean node feature std = 0.981884
Layer 1: mean node feature std = 0.308568
Layer 0: mean node feature std = 1.020520
Layer 1: mean node feature std = 0.321205
Layer 0: mean node feature std = 0.999727
Layer 1: mean node feature std = 0.314495
Layer 0: mean node feature std = 0.974214
Layer 1: mean node feature std = 0.306128
Layer 0: mean node feature std = 0.999102
Layer 1: mean node feature std = 0.314269
Layer 0: mean node feature std = 0.994059
Layer 1: mean node feature std = 0.312632
Layer 0: mean node feature std = 1.019895
Layer 1: mean node feature std = 0.320973
Layer 0: mean node feature std = 0.998300
Layer 1: mean node feature std = 0.314158
Layer 0: mean node feature std = 1.005039
Layer 1: mean node feature std = 0.316300
Layer 0: mean node feature std = 0.988256
Layer 1: mean node feature std = 0.310781
Layer 0: mean node feature std = 0.981054
Layer 1: mean node feature std = 0.308599
Layer 0: mean node feature std = 1.007843
Layer 1: mean node feature std = 0.317441
Layer 0: mean node feature std = 0.964793
Layer 1: mean node feature std = 0.303143
Layer 0: mean node feature std = 0.996311
Layer 1: mean node feature std = 0.313531
Layer 0: mean node feature std = 1.009056
Layer 1: mean node feature std = 0.317786
Layer 0: mean node feature std = 0.963518
Layer 1: mean node feature std = 0.303034
Epoch 125 | loss=1530.5818 | 1586.5060
Layer 0: mean node feature std = 0.976873
Layer 1: mean node feature std = 0.307235
Layer 0: mean node feature std = 0.997500
Layer 1: mean node feature std = 0.313999
Layer 0: mean node feature std = 1.004144
Layer 1: mean node feature std = 0.316105
Layer 0: mean node feature std = 0.994082
Layer 1: mean node feature std = 0.312895
Layer 0: mean node feature std = 0.986954
Layer 1: mean node feature std = 0.310484
Layer 0: mean node feature std = 1.015336
Layer 1: mean node feature std = 0.319909
Layer 0: mean node feature std = 1.011381
Layer 1: mean node feature std = 0.318554
Layer 0: mean node feature std = 0.995880
Layer 1: mean node feature std = 0.313435
Layer 0: mean node feature std = 0.991371
Layer 1: mean node feature std = 0.312076
Layer 0: mean node feature std = 0.981404
Layer 1: mean node feature std = 0.308790
Layer 0: mean node feature std = 1.000690
Layer 1: mean node feature std = 0.315156
Layer 0: mean node feature std = 0.998283
Layer 1: mean node feature std = 0.314559
Layer 0: mean node feature std = 0.977181
Layer 1: mean node feature std = 0.307706
Layer 0: mean node feature std = 1.004085
Layer 1: mean node feature std = 0.316639
Layer 0: mean node feature std = 0.999628
Layer 1: mean node feature std = 0.315204
Layer 0: mean node feature std = 0.991558
Layer 1: mean node feature std = 0.312609
Epoch 126 | loss=1568.3875 | 1520.6435
Layer 0: mean node feature std = 0.962839
Layer 1: mean node feature std = 0.303196
Layer 0: mean node feature std = 1.001622
Layer 1: mean node feature std = 0.316042
Layer 0: mean node feature std = 0.997665
Layer 1: mean node feature std = 0.314836
Layer 0: mean node feature std = 0.996744
Layer 1: mean node feature std = 0.314669
Layer 0: mean node feature std = 0.991409
Layer 1: mean node feature std = 0.312810
Layer 0: mean node feature std = 1.003342
Layer 1: mean node feature std = 0.316684
Layer 0: mean node feature std = 0.996702
Layer 1: mean node feature std = 0.314655
Layer 0: mean node feature std = 0.997552
Layer 1: mean node feature std = 0.314989
Layer 0: mean node feature std = 0.977773
Layer 1: mean node feature std = 0.308355
Layer 0: mean node feature std = 1.009341
Layer 1: mean node feature std = 0.318795
Layer 0: mean node feature std = 0.981925
Layer 1: mean node feature std = 0.309720
Layer 0: mean node feature std = 0.991789
Layer 1: mean node feature std = 0.312909
Layer 0: mean node feature std = 1.029238
Layer 1: mean node feature std = 0.325246
Layer 0: mean node feature std = 1.017021
Layer 1: mean node feature std = 0.321225
Layer 0: mean node feature std = 0.983329
Layer 1: mean node feature std = 0.310133
Layer 0: mean node feature std = 0.972905
Layer 1: mean node feature std = 0.306819
Epoch 127 | loss=1519.3002 | 1937.2308
Layer 0: mean node feature std = 1.008588
Layer 1: mean node feature std = 0.318660
Layer 0: mean node feature std = 0.979227
Layer 1: mean node feature std = 0.309039
Layer 0: mean node feature std = 1.004120
Layer 1: mean node feature std = 0.317339
Layer 0: mean node feature std = 0.998439
Layer 1: mean node feature std = 0.315516
Layer 0: mean node feature std = 1.007535
Layer 1: mean node feature std = 0.318538
Layer 0: mean node feature std = 0.996394
Layer 1: mean node feature std = 0.314878
Layer 0: mean node feature std = 1.013971
Layer 1: mean node feature std = 0.320842
Layer 0: mean node feature std = 0.976137
Layer 1: mean node feature std = 0.308414
Layer 0: mean node feature std = 1.020306
Layer 1: mean node feature std = 0.323038
Layer 0: mean node feature std = 0.998224
Layer 1: mean node feature std = 0.315844
Layer 0: mean node feature std = 1.000609
Layer 1: mean node feature std = 0.316674
Layer 0: mean node feature std = 0.991878
Layer 1: mean node feature std = 0.313861
Layer 0: mean node feature std = 0.966638
Layer 1: mean node feature std = 0.305590
Layer 0: mean node feature std = 0.979181
Layer 1: mean node feature std = 0.309704
Layer 0: mean node feature std = 0.988217
Layer 1: mean node feature std = 0.312848
Layer 0: mean node feature std = 1.019992
Layer 1: mean node feature std = 0.323343
Epoch 128 | loss=1564.8337 | 1989.5116
Layer 0: mean node feature std = 0.972106
Layer 1: mean node feature std = 0.307530
Layer 0: mean node feature std = 1.009931
Layer 1: mean node feature std = 0.320017
Layer 0: mean node feature std = 0.976318
Layer 1: mean node feature std = 0.308873
Layer 0: mean node feature std = 0.972592
Layer 1: mean node feature std = 0.307574
Layer 0: mean node feature std = 0.994524
Layer 1: mean node feature std = 0.314853
Layer 0: mean node feature std = 0.996570
Layer 1: mean node feature std = 0.315446
Layer 0: mean node feature std = 0.989861
Layer 1: mean node feature std = 0.313207
Layer 0: mean node feature std = 0.986465
Layer 1: mean node feature std = 0.311986
Layer 0: mean node feature std = 1.012503
Layer 1: mean node feature std = 0.320779
Layer 0: mean node feature std = 0.993786
Layer 1: mean node feature std = 0.314582
Layer 0: mean node feature std = 1.024914
Layer 1: mean node feature std = 0.324941
Layer 0: mean node feature std = 1.005583
Layer 1: mean node feature std = 0.318738
Layer 0: mean node feature std = 0.998310
Layer 1: mean node feature std = 0.316373
Layer 0: mean node feature std = 0.997942
Layer 1: mean node feature std = 0.316336
Layer 0: mean node feature std = 1.001225
Layer 1: mean node feature std = 0.317410
Layer 0: mean node feature std = 1.003101
Layer 1: mean node feature std = 0.318244
Epoch 129 | loss=1534.9557 | 1608.2784
Layer 0: mean node feature std = 0.994141
Layer 1: mean node feature std = 0.315253
Layer 0: mean node feature std = 1.007088
Layer 1: mean node feature std = 0.319537
Layer 0: mean node feature std = 0.969818
Layer 1: mean node feature std = 0.307172
Layer 0: mean node feature std = 0.968009
Layer 1: mean node feature std = 0.306465
Layer 0: mean node feature std = 1.035025
Layer 1: mean node feature std = 0.328801
Layer 0: mean node feature std = 0.992678
Layer 1: mean node feature std = 0.314703
Layer 0: mean node feature std = 0.983090
Layer 1: mean node feature std = 0.311652
Layer 0: mean node feature std = 1.000649
Layer 1: mean node feature std = 0.317372
Layer 0: mean node feature std = 0.979719
Layer 1: mean node feature std = 0.310455
Layer 0: mean node feature std = 1.006378
Layer 1: mean node feature std = 0.319364
Layer 0: mean node feature std = 0.996843
Layer 1: mean node feature std = 0.316210
Layer 0: mean node feature std = 0.989708
Layer 1: mean node feature std = 0.313854
Layer 0: mean node feature std = 0.994687
Layer 1: mean node feature std = 0.315377
Layer 0: mean node feature std = 1.006442
Layer 1: mean node feature std = 0.319248
Layer 0: mean node feature std = 1.002766
Layer 1: mean node feature std = 0.318062
Layer 0: mean node feature std = 1.032910
Layer 1: mean node feature std = 0.328024
Epoch 130 | loss=1617.6631 | 1620.2912
Layer 0: mean node feature std = 0.988294
Layer 1: mean node feature std = 0.313371
Layer 0: mean node feature std = 0.985374
Layer 1: mean node feature std = 0.312612
Layer 0: mean node feature std = 0.982186
Layer 1: mean node feature std = 0.311784
Layer 0: mean node feature std = 1.001538
Layer 1: mean node feature std = 0.318291
Layer 0: mean node feature std = 0.985696
Layer 1: mean node feature std = 0.313074
Layer 0: mean node feature std = 1.035134
Layer 1: mean node feature std = 0.329467
Layer 0: mean node feature std = 0.979775
Layer 1: mean node feature std = 0.311106
Layer 0: mean node feature std = 0.977954
Layer 1: mean node feature std = 0.310466
Layer 0: mean node feature std = 1.006129
Layer 1: mean node feature std = 0.319833
Layer 0: mean node feature std = 0.984510
Layer 1: mean node feature std = 0.312671
Layer 0: mean node feature std = 0.994001
Layer 1: mean node feature std = 0.315826
Layer 0: mean node feature std = 1.020533
Layer 1: mean node feature std = 0.324477
Layer 0: mean node feature std = 1.002367
Layer 1: mean node feature std = 0.318310
Layer 0: mean node feature std = 0.990671
Layer 1: mean node feature std = 0.314420
Layer 0: mean node feature std = 1.009261
Layer 1: mean node feature std = 0.320490
Layer 0: mean node feature std = 0.945532
Layer 1: mean node feature std = 0.299303
Epoch 131 | loss=1641.4567 | 1816.1922
Layer 0: mean node feature std = 1.012898
Layer 1: mean node feature std = 0.321791
Layer 0: mean node feature std = 1.008549
Layer 1: mean node feature std = 0.320455
Layer 0: mean node feature std = 0.999976
Layer 1: mean node feature std = 0.317635
Layer 0: mean node feature std = 1.000788
Layer 1: mean node feature std = 0.317937
Layer 0: mean node feature std = 0.975007
Layer 1: mean node feature std = 0.309355
Layer 0: mean node feature std = 0.991994
Layer 1: mean node feature std = 0.315101
Layer 0: mean node feature std = 0.972492
Layer 1: mean node feature std = 0.308645
Layer 0: mean node feature std = 0.978301
Layer 1: mean node feature std = 0.310742
Layer 0: mean node feature std = 0.992093
Layer 1: mean node feature std = 0.315387
Layer 0: mean node feature std = 1.012419
Layer 1: mean node feature std = 0.322217
Layer 0: mean node feature std = 0.986798
Layer 1: mean node feature std = 0.313703
Layer 0: mean node feature std = 1.008520
Layer 1: mean node feature std = 0.321033
Layer 0: mean node feature std = 1.004431
Layer 1: mean node feature std = 0.319679
Layer 0: mean node feature std = 1.001292
Layer 1: mean node feature std = 0.318740
Layer 0: mean node feature std = 0.978740
Layer 1: mean node feature std = 0.311271
Layer 0: mean node feature std = 1.047532
Layer 1: mean node feature std = 0.334374
Epoch 132 | loss=1561.6965 | 1792.5581
Layer 0: mean node feature std = 1.003142
Layer 1: mean node feature std = 0.319223
Layer 0: mean node feature std = 0.999946
Layer 1: mean node feature std = 0.318230
Layer 0: mean node feature std = 1.014870
Layer 1: mean node feature std = 0.323017
Layer 0: mean node feature std = 0.979279
Layer 1: mean node feature std = 0.311333
Layer 0: mean node feature std = 1.005595
Layer 1: mean node feature std = 0.320039
Layer 0: mean node feature std = 1.005220
Layer 1: mean node feature std = 0.319745
Layer 0: mean node feature std = 0.988094
Layer 1: mean node feature std = 0.314122
Layer 0: mean node feature std = 0.983380
Layer 1: mean node feature std = 0.312551
Layer 0: mean node feature std = 0.965939
Layer 1: mean node feature std = 0.306795
Layer 0: mean node feature std = 1.003870
Layer 1: mean node feature std = 0.319412
Layer 0: mean node feature std = 1.022994
Layer 1: mean node feature std = 0.325777
Layer 0: mean node feature std = 0.993234
Layer 1: mean node feature std = 0.315887
Layer 0: mean node feature std = 0.987658
Layer 1: mean node feature std = 0.314136
Layer 0: mean node feature std = 0.975334
Layer 1: mean node feature std = 0.310126
Layer 0: mean node feature std = 0.992309
Layer 1: mean node feature std = 0.315869
Layer 0: mean node feature std = 1.065853
Layer 1: mean node feature std = 0.340338
Epoch 133 | loss=1532.9969 | 1618.9540
Layer 0: mean node feature std = 1.032934
Layer 1: mean node feature std = 0.329485
Layer 0: mean node feature std = 0.991319
Layer 1: mean node feature std = 0.315780
Layer 0: mean node feature std = 0.985400
Layer 1: mean node feature std = 0.313779
Layer 0: mean node feature std = 0.992119
Layer 1: mean node feature std = 0.316166
Layer 0: mean node feature std = 1.012161
Layer 1: mean node feature std = 0.322789
Layer 0: mean node feature std = 0.990247
Layer 1: mean node feature std = 0.315455
Layer 0: mean node feature std = 0.995940
Layer 1: mean node feature std = 0.317427
Layer 0: mean node feature std = 0.967838
Layer 1: mean node feature std = 0.307989
Layer 0: mean node feature std = 0.987640
Layer 1: mean node feature std = 0.314568
Layer 0: mean node feature std = 1.019196
Layer 1: mean node feature std = 0.325118
Layer 0: mean node feature std = 0.986391
Layer 1: mean node feature std = 0.314201
Layer 0: mean node feature std = 0.996699
Layer 1: mean node feature std = 0.317680
Layer 0: mean node feature std = 0.961370
Layer 1: mean node feature std = 0.305845
Layer 0: mean node feature std = 0.987986
Layer 1: mean node feature std = 0.314751
Layer 0: mean node feature std = 1.027295
Layer 1: mean node feature std = 0.327948
Layer 0: mean node feature std = 0.992939
Layer 1: mean node feature std = 0.316516
Epoch 134 | loss=1497.6797 | 1579.9505
Layer 0: mean node feature std = 1.006934
Layer 1: mean node feature std = 0.321154
Layer 0: mean node feature std = 1.015023
Layer 1: mean node feature std = 0.323785
Layer 0: mean node feature std = 0.972084
Layer 1: mean node feature std = 0.309590
Layer 0: mean node feature std = 1.008813
Layer 1: mean node feature std = 0.322068
Layer 0: mean node feature std = 0.986118
Layer 1: mean node feature std = 0.314376
Layer 0: mean node feature std = 0.987510
Layer 1: mean node feature std = 0.314874
Layer 0: mean node feature std = 0.996064
Layer 1: mean node feature std = 0.317833
Layer 0: mean node feature std = 0.967114
Layer 1: mean node feature std = 0.308291
Layer 0: mean node feature std = 0.994110
Layer 1: mean node feature std = 0.317252
Layer 0: mean node feature std = 1.019491
Layer 1: mean node feature std = 0.325744
Layer 0: mean node feature std = 1.001580
Layer 1: mean node feature std = 0.319966
Layer 0: mean node feature std = 0.975948
Layer 1: mean node feature std = 0.311568
Layer 0: mean node feature std = 1.017565
Layer 1: mean node feature std = 0.325420
Layer 0: mean node feature std = 0.969867
Layer 1: mean node feature std = 0.309438
Layer 0: mean node feature std = 1.014653
Layer 1: mean node feature std = 0.324632
Layer 0: mean node feature std = 1.001795
Layer 1: mean node feature std = 0.320078
Epoch 135 | loss=1543.1590 | 1706.1502
Layer 0: mean node feature std = 1.014193
Layer 1: mean node feature std = 0.324335
Layer 0: mean node feature std = 1.004452
Layer 1: mean node feature std = 0.320984
Layer 0: mean node feature std = 1.005652
Layer 1: mean node feature std = 0.321513
Layer 0: mean node feature std = 0.984197
Layer 1: mean node feature std = 0.314277
Layer 0: mean node feature std = 0.998905
Layer 1: mean node feature std = 0.319312
Layer 0: mean node feature std = 0.972331
Layer 1: mean node feature std = 0.310408
Layer 0: mean node feature std = 1.013769
Layer 1: mean node feature std = 0.324450
Layer 0: mean node feature std = 0.997787
Layer 1: mean node feature std = 0.319181
Layer 0: mean node feature std = 0.980735
Layer 1: mean node feature std = 0.313464
Layer 0: mean node feature std = 0.978997
Layer 1: mean node feature std = 0.312857
Layer 0: mean node feature std = 1.019172
Layer 1: mean node feature std = 0.326406
Layer 0: mean node feature std = 0.984647
Layer 1: mean node feature std = 0.314918
Layer 0: mean node feature std = 0.999945
Layer 1: mean node feature std = 0.320092
Layer 0: mean node feature std = 1.021235
Layer 1: mean node feature std = 0.327263
Layer 0: mean node feature std = 0.965127
Layer 1: mean node feature std = 0.308433
Layer 0: mean node feature std = 0.957685
Layer 1: mean node feature std = 0.305929
Epoch 136 | loss=1518.6276 | 1700.0399
Layer 0: mean node feature std = 1.007544
Layer 1: mean node feature std = 0.322641
Layer 0: mean node feature std = 1.018712
Layer 1: mean node feature std = 0.326445
Layer 0: mean node feature std = 0.986311
Layer 1: mean node feature std = 0.315621
Layer 0: mean node feature std = 0.966567
Layer 1: mean node feature std = 0.308956
Layer 0: mean node feature std = 1.011813
Layer 1: mean node feature std = 0.324220
Layer 0: mean node feature std = 0.981962
Layer 1: mean node feature std = 0.314294
Layer 0: mean node feature std = 1.007883
Layer 1: mean node feature std = 0.322932
Layer 0: mean node feature std = 0.987200
Layer 1: mean node feature std = 0.316038
Layer 0: mean node feature std = 0.982647
Layer 1: mean node feature std = 0.314519
Layer 0: mean node feature std = 1.000837
Layer 1: mean node feature std = 0.320641
Layer 0: mean node feature std = 0.988745
Layer 1: mean node feature std = 0.316443
Layer 0: mean node feature std = 1.017433
Layer 1: mean node feature std = 0.326132
Layer 0: mean node feature std = 0.986243
Layer 1: mean node feature std = 0.315742
Layer 0: mean node feature std = 1.005419
Layer 1: mean node feature std = 0.322304
Layer 0: mean node feature std = 0.987572
Layer 1: mean node feature std = 0.316324
Layer 0: mean node feature std = 0.980380
Layer 1: mean node feature std = 0.314168
Epoch 137 | loss=1539.6004 | 1517.7553
Layer 0: mean node feature std = 1.011475
Layer 1: mean node feature std = 0.324457
Layer 0: mean node feature std = 0.998454
Layer 1: mean node feature std = 0.320256
Layer 0: mean node feature std = 0.973339
Layer 1: mean node feature std = 0.311931
Layer 0: mean node feature std = 0.980012
Layer 1: mean node feature std = 0.314278
Layer 0: mean node feature std = 0.968996
Layer 1: mean node feature std = 0.310656
Layer 0: mean node feature std = 0.989618
Layer 1: mean node feature std = 0.317696
Layer 0: mean node feature std = 1.002033
Layer 1: mean node feature std = 0.321966
Layer 0: mean node feature std = 1.003528
Layer 1: mean node feature std = 0.322480
Layer 0: mean node feature std = 1.018002
Layer 1: mean node feature std = 0.327420
Layer 0: mean node feature std = 1.000735
Layer 1: mean node feature std = 0.321599
Layer 0: mean node feature std = 1.000938
Layer 1: mean node feature std = 0.321719
Layer 0: mean node feature std = 1.005874
Layer 1: mean node feature std = 0.323368
Layer 0: mean node feature std = 0.982882
Layer 1: mean node feature std = 0.315877
Layer 0: mean node feature std = 1.013200
Layer 1: mean node feature std = 0.326073
Layer 0: mean node feature std = 0.988581
Layer 1: mean node feature std = 0.317685
Layer 0: mean node feature std = 0.976223
Layer 1: mean node feature std = 0.313581
Epoch 138 | loss=1519.1232 | 1574.8112
Layer 0: mean node feature std = 0.987191
Layer 1: mean node feature std = 0.317335
Layer 0: mean node feature std = 0.972858
Layer 1: mean node feature std = 0.312559
Layer 0: mean node feature std = 0.990213
Layer 1: mean node feature std = 0.318531
Layer 0: mean node feature std = 0.988667
Layer 1: mean node feature std = 0.318103
Layer 0: mean node feature std = 0.991495
Layer 1: mean node feature std = 0.319212
Layer 0: mean node feature std = 0.981570
Layer 1: mean node feature std = 0.315802
Layer 0: mean node feature std = 0.991617
Layer 1: mean node feature std = 0.319251
Layer 0: mean node feature std = 0.997531
Layer 1: mean node feature std = 0.321529
Layer 0: mean node feature std = 0.999348
Layer 1: mean node feature std = 0.322080
Layer 0: mean node feature std = 1.003693
Layer 1: mean node feature std = 0.323586
Layer 0: mean node feature std = 1.009089
Layer 1: mean node feature std = 0.325271
Layer 0: mean node feature std = 1.015878
Layer 1: mean node feature std = 0.327727
Layer 0: mean node feature std = 1.004502
Layer 1: mean node feature std = 0.323933
Layer 0: mean node feature std = 0.992965
Layer 1: mean node feature std = 0.320142
Layer 0: mean node feature std = 0.995147
Layer 1: mean node feature std = 0.320749
Layer 0: mean node feature std = 1.061050
Layer 1: mean node feature std = 0.343024
Epoch 139 | loss=1594.9187 | 1816.9394
Layer 0: mean node feature std = 1.014923
Layer 1: mean node feature std = 0.327502
Layer 0: mean node feature std = 0.994762
Layer 1: mean node feature std = 0.320851
Layer 0: mean node feature std = 0.982809
Layer 1: mean node feature std = 0.316890
Layer 0: mean node feature std = 0.998700
Layer 1: mean node feature std = 0.322260
Layer 0: mean node feature std = 0.984191
Layer 1: mean node feature std = 0.317571
Layer 0: mean node feature std = 0.999193
Layer 1: mean node feature std = 0.322735
Layer 0: mean node feature std = 0.996050
Layer 1: mean node feature std = 0.321800
Layer 0: mean node feature std = 1.011043
Layer 1: mean node feature std = 0.326760
Layer 0: mean node feature std = 0.976296
Layer 1: mean node feature std = 0.314938
Layer 0: mean node feature std = 1.003028
Layer 1: mean node feature std = 0.324019
Layer 0: mean node feature std = 1.011732
Layer 1: mean node feature std = 0.327008
Layer 0: mean node feature std = 1.021159
Layer 1: mean node feature std = 0.330020
Layer 0: mean node feature std = 0.982388
Layer 1: mean node feature std = 0.316971
Layer 0: mean node feature std = 0.987159
Layer 1: mean node feature std = 0.318635
Layer 0: mean node feature std = 0.976892
Layer 1: mean node feature std = 0.315056
Layer 0: mean node feature std = 0.962055
Layer 1: mean node feature std = 0.310093
Epoch 140 | loss=1523.6548 | 1724.0047
Layer 0: mean node feature std = 1.003563
Layer 1: mean node feature std = 0.323994
Layer 0: mean node feature std = 1.003462
Layer 1: mean node feature std = 0.323905
Layer 0: mean node feature std = 0.979549
Layer 1: mean node feature std = 0.315909
Layer 0: mean node feature std = 0.996341
Layer 1: mean node feature std = 0.321618
Layer 0: mean node feature std = 1.008633
Layer 1: mean node feature std = 0.325833
Layer 0: mean node feature std = 0.991581
Layer 1: mean node feature std = 0.320048
Layer 0: mean node feature std = 0.994674
Layer 1: mean node feature std = 0.321252
Layer 0: mean node feature std = 0.983320
Layer 1: mean node feature std = 0.317537
Layer 0: mean node feature std = 0.997206
Layer 1: mean node feature std = 0.322202
Layer 0: mean node feature std = 0.992709
Layer 1: mean node feature std = 0.320886
Layer 0: mean node feature std = 0.976658
Layer 1: mean node feature std = 0.315364
Layer 0: mean node feature std = 1.018172
Layer 1: mean node feature std = 0.329462
Layer 0: mean node feature std = 0.977323
Layer 1: mean node feature std = 0.315725
Layer 0: mean node feature std = 1.014369
Layer 1: mean node feature std = 0.328208
Layer 0: mean node feature std = 0.997689
Layer 1: mean node feature std = 0.322591
Layer 0: mean node feature std = 0.989129
Layer 1: mean node feature std = 0.319395
Epoch 141 | loss=1494.5270 | 1571.3182
Layer 0: mean node feature std = 1.016830
Layer 1: mean node feature std = 0.329148
Layer 0: mean node feature std = 1.006956
Layer 1: mean node feature std = 0.325667
Layer 0: mean node feature std = 1.007724
Layer 1: mean node feature std = 0.325968
Layer 0: mean node feature std = 1.018152
Layer 1: mean node feature std = 0.329327
Layer 0: mean node feature std = 1.001361
Layer 1: mean node feature std = 0.323598
Layer 0: mean node feature std = 1.005481
Layer 1: mean node feature std = 0.325201
Layer 0: mean node feature std = 0.987687
Layer 1: mean node feature std = 0.319148
Layer 0: mean node feature std = 0.999144
Layer 1: mean node feature std = 0.322944
Layer 0: mean node feature std = 0.970342
Layer 1: mean node feature std = 0.313248
Layer 0: mean node feature std = 1.009439
Layer 1: mean node feature std = 0.326602
Layer 0: mean node feature std = 0.974518
Layer 1: mean node feature std = 0.314757
Layer 0: mean node feature std = 0.980438
Layer 1: mean node feature std = 0.316782
Layer 0: mean node feature std = 0.994768
Layer 1: mean node feature std = 0.321773
Layer 0: mean node feature std = 0.979994
Layer 1: mean node feature std = 0.316920
Layer 0: mean node feature std = 0.994050
Layer 1: mean node feature std = 0.321682
Layer 0: mean node feature std = 0.927067
Layer 1: mean node feature std = 0.299019
Epoch 142 | loss=1538.9128 | 1799.2540
Layer 0: mean node feature std = 1.015982
Layer 1: mean node feature std = 0.329377
Layer 0: mean node feature std = 0.982744
Layer 1: mean node feature std = 0.318092
Layer 0: mean node feature std = 0.997695
Layer 1: mean node feature std = 0.323193
Layer 0: mean node feature std = 0.972077
Layer 1: mean node feature std = 0.314549
Layer 0: mean node feature std = 0.992232
Layer 1: mean node feature std = 0.321346
Layer 0: mean node feature std = 1.005940
Layer 1: mean node feature std = 0.325955
Layer 0: mean node feature std = 1.009827
Layer 1: mean node feature std = 0.327170
Layer 0: mean node feature std = 1.009237
Layer 1: mean node feature std = 0.326967
Layer 0: mean node feature std = 1.003162
Layer 1: mean node feature std = 0.325108
Layer 0: mean node feature std = 1.016952
Layer 1: mean node feature std = 0.329870
Layer 0: mean node feature std = 0.980979
Layer 1: mean node feature std = 0.317619
Layer 0: mean node feature std = 0.997247
Layer 1: mean node feature std = 0.323195
Layer 0: mean node feature std = 0.982139
Layer 1: mean node feature std = 0.318094
Layer 0: mean node feature std = 0.997954
Layer 1: mean node feature std = 0.323666
Layer 0: mean node feature std = 0.977891
Layer 1: mean node feature std = 0.316828
Layer 0: mean node feature std = 0.952807
Layer 1: mean node feature std = 0.308081
Epoch 143 | loss=1552.0174 | 2013.8147
Layer 0: mean node feature std = 0.959125
Layer 1: mean node feature std = 0.310542
Layer 0: mean node feature std = 1.037691
Layer 1: mean node feature std = 0.337134
Layer 0: mean node feature std = 0.993068
Layer 1: mean node feature std = 0.322202
Layer 0: mean node feature std = 1.014723
Layer 1: mean node feature std = 0.329656
Layer 0: mean node feature std = 0.991691
Layer 1: mean node feature std = 0.322018
Layer 0: mean node feature std = 1.002047
Layer 1: mean node feature std = 0.325507
Layer 0: mean node feature std = 1.018120
Layer 1: mean node feature std = 0.330971
Layer 0: mean node feature std = 0.992459
Layer 1: mean node feature std = 0.322300
Layer 0: mean node feature std = 1.012072
Layer 1: mean node feature std = 0.328947
Layer 0: mean node feature std = 1.003435
Layer 1: mean node feature std = 0.326109
Layer 0: mean node feature std = 0.954283
Layer 1: mean node feature std = 0.309330
Layer 0: mean node feature std = 0.966888
Layer 1: mean node feature std = 0.313681
Layer 0: mean node feature std = 1.005811
Layer 1: mean node feature std = 0.326829
Layer 0: mean node feature std = 1.007403
Layer 1: mean node feature std = 0.327355
Layer 0: mean node feature std = 0.982757
Layer 1: mean node feature std = 0.318989
Layer 0: mean node feature std = 0.955392
Layer 1: mean node feature std = 0.309693
Epoch 144 | loss=1536.9119 | 1780.1662
Layer 0: mean node feature std = 0.980692
Layer 1: mean node feature std = 0.318146
Layer 0: mean node feature std = 0.984706
Layer 1: mean node feature std = 0.319433
Layer 0: mean node feature std = 1.016494
Layer 1: mean node feature std = 0.330226
Layer 0: mean node feature std = 0.966237
Layer 1: mean node feature std = 0.313037
Layer 0: mean node feature std = 1.014226
Layer 1: mean node feature std = 0.329466
Layer 0: mean node feature std = 0.996175
Layer 1: mean node feature std = 0.323394
Layer 0: mean node feature std = 1.016881
Layer 1: mean node feature std = 0.330366
Layer 0: mean node feature std = 0.987891
Layer 1: mean node feature std = 0.320656
Layer 0: mean node feature std = 1.012572
Layer 1: mean node feature std = 0.329249
Layer 0: mean node feature std = 0.987777
Layer 1: mean node feature std = 0.320714
Layer 0: mean node feature std = 0.990104
Layer 1: mean node feature std = 0.321626
Layer 0: mean node feature std = 0.977179
Layer 1: mean node feature std = 0.317359
Layer 0: mean node feature std = 0.986811
Layer 1: mean node feature std = 0.320560
Layer 0: mean node feature std = 1.012087
Layer 1: mean node feature std = 0.329260
Layer 0: mean node feature std = 1.007882
Layer 1: mean node feature std = 0.327818
Layer 0: mean node feature std = 0.975978
Layer 1: mean node feature std = 0.317001
Epoch 145 | loss=1508.8216 | 1801.7467
Layer 0: mean node feature std = 1.010193
Layer 1: mean node feature std = 0.328644
Layer 0: mean node feature std = 1.000218
Layer 1: mean node feature std = 0.325163
Layer 0: mean node feature std = 1.010900
Layer 1: mean node feature std = 0.328773
Layer 0: mean node feature std = 0.989242
Layer 1: mean node feature std = 0.321482
Layer 0: mean node feature std = 0.980276
Layer 1: mean node feature std = 0.318501
Layer 0: mean node feature std = 1.003559
Layer 1: mean node feature std = 0.326384
Layer 0: mean node feature std = 0.986201
Layer 1: mean node feature std = 0.320495
Layer 0: mean node feature std = 0.992750
Layer 1: mean node feature std = 0.322643
Layer 0: mean node feature std = 0.971851
Layer 1: mean node feature std = 0.315675
Layer 0: mean node feature std = 0.998893
Layer 1: mean node feature std = 0.324768
Layer 0: mean node feature std = 0.997263
Layer 1: mean node feature std = 0.324348
Layer 0: mean node feature std = 0.982166
Layer 1: mean node feature std = 0.319264
Layer 0: mean node feature std = 1.014984
Layer 1: mean node feature std = 0.330475
Layer 0: mean node feature std = 0.992872
Layer 1: mean node feature std = 0.323116
Layer 0: mean node feature std = 0.999567
Layer 1: mean node feature std = 0.325439
Layer 0: mean node feature std = 1.012145
Layer 1: mean node feature std = 0.329580
Epoch 146 | loss=1534.8981 | 1778.0327
Layer 0: mean node feature std = 0.992083
Layer 1: mean node feature std = 0.323066
Layer 0: mean node feature std = 0.978905
Layer 1: mean node feature std = 0.318539
Layer 0: mean node feature std = 0.992989
Layer 1: mean node feature std = 0.323518
Layer 0: mean node feature std = 0.995246
Layer 1: mean node feature std = 0.324248
Layer 0: mean node feature std = 0.998745
Layer 1: mean node feature std = 0.325544
Layer 0: mean node feature std = 0.985799
Layer 1: mean node feature std = 0.321211
Layer 0: mean node feature std = 0.993507
Layer 1: mean node feature std = 0.323816
Layer 0: mean node feature std = 0.991764
Layer 1: mean node feature std = 0.323426
Layer 0: mean node feature std = 1.015667
Layer 1: mean node feature std = 0.331619
Layer 0: mean node feature std = 0.996626
Layer 1: mean node feature std = 0.325051
Layer 0: mean node feature std = 1.002856
Layer 1: mean node feature std = 0.327300
Layer 0: mean node feature std = 0.994712
Layer 1: mean node feature std = 0.324323
Layer 0: mean node feature std = 0.995285
Layer 1: mean node feature std = 0.324566
Layer 0: mean node feature std = 0.993175
Layer 1: mean node feature std = 0.323883
Layer 0: mean node feature std = 1.003361
Layer 1: mean node feature std = 0.327222
Layer 0: mean node feature std = 1.013276
Layer 1: mean node feature std = 0.330676
Epoch 147 | loss=1516.8653 | 1648.2521
Layer 0: mean node feature std = 0.988234
Layer 1: mean node feature std = 0.322114
Layer 0: mean node feature std = 1.013753
Layer 1: mean node feature std = 0.330927
Layer 0: mean node feature std = 0.990732
Layer 1: mean node feature std = 0.323115
Layer 0: mean node feature std = 1.007780
Layer 1: mean node feature std = 0.328987
Layer 0: mean node feature std = 0.992963
Layer 1: mean node feature std = 0.323942
Layer 0: mean node feature std = 0.997259
Layer 1: mean node feature std = 0.325575
Layer 0: mean node feature std = 0.984140
Layer 1: mean node feature std = 0.321099
Layer 0: mean node feature std = 1.004196
Layer 1: mean node feature std = 0.327985
Layer 0: mean node feature std = 1.031896
Layer 1: mean node feature std = 0.337508
Layer 0: mean node feature std = 1.007494
Layer 1: mean node feature std = 0.329357
Layer 0: mean node feature std = 0.974219
Layer 1: mean node feature std = 0.317806
Layer 0: mean node feature std = 1.006810
Layer 1: mean node feature std = 0.329114
Layer 0: mean node feature std = 0.965410
Layer 1: mean node feature std = 0.314992
Layer 0: mean node feature std = 0.974247
Layer 1: mean node feature std = 0.318061
Layer 0: mean node feature std = 1.005568
Layer 1: mean node feature std = 0.328768
Layer 0: mean node feature std = 0.938716
Layer 1: mean node feature std = 0.306020
Epoch 148 | loss=1542.9272 | 1541.8295
Layer 0: mean node feature std = 0.993843
Layer 1: mean node feature std = 0.324900
Layer 0: mean node feature std = 0.993790
Layer 1: mean node feature std = 0.324880
Layer 0: mean node feature std = 0.985868
Layer 1: mean node feature std = 0.322247
Layer 0: mean node feature std = 1.014346
Layer 1: mean node feature std = 0.332013
Layer 0: mean node feature std = 0.986695
Layer 1: mean node feature std = 0.322551
Layer 0: mean node feature std = 0.982096
Layer 1: mean node feature std = 0.320873
Layer 0: mean node feature std = 1.013056
Layer 1: mean node feature std = 0.331609
Layer 0: mean node feature std = 0.993853
Layer 1: mean node feature std = 0.325004
Layer 0: mean node feature std = 1.003589
Layer 1: mean node feature std = 0.328327
Layer 0: mean node feature std = 0.990620
Layer 1: mean node feature std = 0.323871
Layer 0: mean node feature std = 0.996682
Layer 1: mean node feature std = 0.325957
Layer 0: mean node feature std = 0.982007
Layer 1: mean node feature std = 0.321029
Layer 0: mean node feature std = 0.987413
Layer 1: mean node feature std = 0.322724
Layer 0: mean node feature std = 0.975779
Layer 1: mean node feature std = 0.318965
Layer 0: mean node feature std = 1.037277
Layer 1: mean node feature std = 0.340032
Layer 0: mean node feature std = 0.980255
Layer 1: mean node feature std = 0.320774
Epoch 149 | loss=1498.9703 | 1706.5167
Layer 0: mean node feature std = 1.018618
Layer 1: mean node feature std = 0.333759
Layer 0: mean node feature std = 0.992741
Layer 1: mean node feature std = 0.325014
Layer 0: mean node feature std = 0.993339
Layer 1: mean node feature std = 0.325226
Layer 0: mean node feature std = 1.006383
Layer 1: mean node feature std = 0.329716
Layer 0: mean node feature std = 1.004708
Layer 1: mean node feature std = 0.329246
Layer 0: mean node feature std = 0.998459
Layer 1: mean node feature std = 0.327054
Layer 0: mean node feature std = 0.998965
Layer 1: mean node feature std = 0.327180
Layer 0: mean node feature std = 0.998911
Layer 1: mean node feature std = 0.327260
Layer 0: mean node feature std = 0.989153
Layer 1: mean node feature std = 0.324003
Layer 0: mean node feature std = 0.998353
Layer 1: mean node feature std = 0.327145
Layer 0: mean node feature std = 0.971569
Layer 1: mean node feature std = 0.317967
Layer 0: mean node feature std = 0.987167
Layer 1: mean node feature std = 0.323509
Layer 0: mean node feature std = 1.001378
Layer 1: mean node feature std = 0.328233
Layer 0: mean node feature std = 0.992229
Layer 1: mean node feature std = 0.325228
Layer 0: mean node feature std = 0.985685
Layer 1: mean node feature std = 0.322918
Layer 0: mean node feature std = 0.976288
Layer 1: mean node feature std = 0.319744
Epoch 150 | loss=1615.0710 | 1531.4260
Layer 0: mean node feature std = 0.984086
Layer 1: mean node feature std = 0.322513
Layer 0: mean node feature std = 0.962602
Layer 1: mean node feature std = 0.315016
Layer 0: mean node feature std = 0.996843
Layer 1: mean node feature std = 0.326981
Layer 0: mean node feature std = 0.995959
Layer 1: mean node feature std = 0.326601
Layer 0: mean node feature std = 0.977928
Layer 1: mean node feature std = 0.320579
Layer 0: mean node feature std = 0.995100
Layer 1: mean node feature std = 0.326516
Layer 0: mean node feature std = 1.002473
Layer 1: mean node feature std = 0.329012
Layer 0: mean node feature std = 1.009168
Layer 1: mean node feature std = 0.331361
Layer 0: mean node feature std = 0.995854
Layer 1: mean node feature std = 0.326851
Layer 0: mean node feature std = 1.015420
Layer 1: mean node feature std = 0.333534
Layer 0: mean node feature std = 0.987453
Layer 1: mean node feature std = 0.323881
Layer 0: mean node feature std = 0.993863
Layer 1: mean node feature std = 0.326059
Layer 0: mean node feature std = 0.993672
Layer 1: mean node feature std = 0.326005
Layer 0: mean node feature std = 1.005740
Layer 1: mean node feature std = 0.330152
Layer 0: mean node feature std = 1.011694
Layer 1: mean node feature std = 0.332083
Layer 0: mean node feature std = 1.028560
Layer 1: mean node feature std = 0.337850
Epoch 151 | loss=1504.2408 | 1586.6250
Layer 0: mean node feature std = 0.997049
Layer 1: mean node feature std = 0.327223
Layer 0: mean node feature std = 1.012433
Layer 1: mean node feature std = 0.332621
Layer 0: mean node feature std = 0.996104
Layer 1: mean node feature std = 0.326916
Layer 0: mean node feature std = 1.004619
Layer 1: mean node feature std = 0.330028
Layer 0: mean node feature std = 0.990970
Layer 1: mean node feature std = 0.325285
Layer 0: mean node feature std = 1.018804
Layer 1: mean node feature std = 0.334895
Layer 0: mean node feature std = 0.995934
Layer 1: mean node feature std = 0.327145
Layer 0: mean node feature std = 0.990135
Layer 1: mean node feature std = 0.325150
Layer 0: mean node feature std = 0.987399
Layer 1: mean node feature std = 0.324339
Layer 0: mean node feature std = 0.988719
Layer 1: mean node feature std = 0.324763
Layer 0: mean node feature std = 0.974566
Layer 1: mean node feature std = 0.320049
Layer 0: mean node feature std = 0.975894
Layer 1: mean node feature std = 0.320531
Layer 0: mean node feature std = 1.001950
Layer 1: mean node feature std = 0.329585
Layer 0: mean node feature std = 1.000703
Layer 1: mean node feature std = 0.329268
Layer 0: mean node feature std = 0.990184
Layer 1: mean node feature std = 0.325696
Layer 0: mean node feature std = 1.041310
Layer 1: mean node feature std = 0.343333
Epoch 152 | loss=1495.9763 | 1572.4511
Layer 0: mean node feature std = 1.003013
Layer 1: mean node feature std = 0.330157
Layer 0: mean node feature std = 0.981050
Layer 1: mean node feature std = 0.322617
Layer 0: mean node feature std = 0.970243
Layer 1: mean node feature std = 0.318941
Layer 0: mean node feature std = 1.003589
Layer 1: mean node feature std = 0.330510
Layer 0: mean node feature std = 0.972968
Layer 1: mean node feature std = 0.319979
Layer 0: mean node feature std = 0.997769
Layer 1: mean node feature std = 0.328482
Layer 0: mean node feature std = 1.013754
Layer 1: mean node feature std = 0.333946
Layer 0: mean node feature std = 0.989377
Layer 1: mean node feature std = 0.325667
Layer 0: mean node feature std = 0.990232
Layer 1: mean node feature std = 0.325877
Layer 0: mean node feature std = 1.007210
Layer 1: mean node feature std = 0.331797
Layer 0: mean node feature std = 0.965359
Layer 1: mean node feature std = 0.317476
Layer 0: mean node feature std = 0.999189
Layer 1: mean node feature std = 0.329163
Layer 0: mean node feature std = 1.016311
Layer 1: mean node feature std = 0.335142
Layer 0: mean node feature std = 1.008084
Layer 1: mean node feature std = 0.332205
Layer 0: mean node feature std = 1.009693
Layer 1: mean node feature std = 0.332825
Layer 0: mean node feature std = 1.028645
Layer 1: mean node feature std = 0.339444
Epoch 153 | loss=1524.6323 | 1511.0392
Layer 0: mean node feature std = 0.996948
Layer 1: mean node feature std = 0.328588
Layer 0: mean node feature std = 1.016032
Layer 1: mean node feature std = 0.335279
Layer 0: mean node feature std = 0.986644
Layer 1: mean node feature std = 0.325129
Layer 0: mean node feature std = 1.014114
Layer 1: mean node feature std = 0.334599
Layer 0: mean node feature std = 0.976530
Layer 1: mean node feature std = 0.321628
Layer 0: mean node feature std = 1.005365
Layer 1: mean node feature std = 0.331704
Layer 0: mean node feature std = 0.984860
Layer 1: mean node feature std = 0.324692
Layer 0: mean node feature std = 1.003528
Layer 1: mean node feature std = 0.331190
Layer 0: mean node feature std = 0.981922
Layer 1: mean node feature std = 0.323625
Layer 0: mean node feature std = 0.989812
Layer 1: mean node feature std = 0.326580
Layer 0: mean node feature std = 1.016212
Layer 1: mean node feature std = 0.335656
Layer 0: mean node feature std = 1.009303
Layer 1: mean node feature std = 0.333368
Layer 0: mean node feature std = 0.974606
Layer 1: mean node feature std = 0.321398
Layer 0: mean node feature std = 0.966552
Layer 1: mean node feature std = 0.318668
Layer 0: mean node feature std = 1.004546
Layer 1: mean node feature std = 0.332005
Layer 0: mean node feature std = 1.033264
Layer 1: mean node feature std = 0.341880
Epoch 154 | loss=1645.0650 | 1692.7654
Layer 0: mean node feature std = 1.004171
Layer 1: mean node feature std = 0.332009
Layer 0: mean node feature std = 1.008974
Layer 1: mean node feature std = 0.333749
Layer 0: mean node feature std = 0.979125
Layer 1: mean node feature std = 0.323542
Layer 0: mean node feature std = 0.977826
Layer 1: mean node feature std = 0.323093
Layer 0: mean node feature std = 0.998841
Layer 1: mean node feature std = 0.330473
Layer 0: mean node feature std = 0.987379
Layer 1: mean node feature std = 0.326590
Layer 0: mean node feature std = 0.967417
Layer 1: mean node feature std = 0.319602
Layer 0: mean node feature std = 0.993415
Layer 1: mean node feature std = 0.328743
Layer 0: mean node feature std = 0.992450
Layer 1: mean node feature std = 0.328394
Layer 0: mean node feature std = 0.985904
Layer 1: mean node feature std = 0.326266
Layer 0: mean node feature std = 0.999823
Layer 1: mean node feature std = 0.331205
Layer 0: mean node feature std = 0.994000
Layer 1: mean node feature std = 0.329120
Layer 0: mean node feature std = 0.987438
Layer 1: mean node feature std = 0.326881
Layer 0: mean node feature std = 1.031480
Layer 1: mean node feature std = 0.342153
Layer 0: mean node feature std = 1.016846
Layer 1: mean node feature std = 0.337264
Layer 0: mean node feature std = 1.043308
Layer 1: mean node feature std = 0.346598
Epoch 155 | loss=1519.7198 | 1933.8298
Layer 0: mean node feature std = 0.995518
Layer 1: mean node feature std = 0.329887
Layer 0: mean node feature std = 0.994724
Layer 1: mean node feature std = 0.329668
Layer 0: mean node feature std = 0.983826
Layer 1: mean node feature std = 0.325912
Layer 0: mean node feature std = 0.995196
Layer 1: mean node feature std = 0.329866
Layer 0: mean node feature std = 0.982750
Layer 1: mean node feature std = 0.325696
Layer 0: mean node feature std = 0.977750
Layer 1: mean node feature std = 0.324020
Layer 0: mean node feature std = 1.035126
Layer 1: mean node feature std = 0.344030
Layer 0: mean node feature std = 1.008064
Layer 1: mean node feature std = 0.334639
Layer 0: mean node feature std = 0.969709
Layer 1: mean node feature std = 0.321384
Layer 0: mean node feature std = 0.999511
Layer 1: mean node feature std = 0.331703
Layer 0: mean node feature std = 1.005312
Layer 1: mean node feature std = 0.333658
Layer 0: mean node feature std = 1.020614
Layer 1: mean node feature std = 0.338897
Layer 0: mean node feature std = 1.009651
Layer 1: mean node feature std = 0.335305
Layer 0: mean node feature std = 0.957689
Layer 1: mean node feature std = 0.317336
Layer 0: mean node feature std = 0.991733
Layer 1: mean node feature std = 0.329118
Layer 0: mean node feature std = 1.032205
Layer 1: mean node feature std = 0.343334
Epoch 156 | loss=1521.4107 | 1538.0046
Layer 0: mean node feature std = 0.979255
Layer 1: mean node feature std = 0.324897
Layer 0: mean node feature std = 1.005660
Layer 1: mean node feature std = 0.334135
Layer 0: mean node feature std = 1.001044
Layer 1: mean node feature std = 0.332649
Layer 0: mean node feature std = 0.972784
Layer 1: mean node feature std = 0.322827
Layer 0: mean node feature std = 0.986194
Layer 1: mean node feature std = 0.327478
Layer 0: mean node feature std = 1.009491
Layer 1: mean node feature std = 0.335790
Layer 0: mean node feature std = 1.003977
Layer 1: mean node feature std = 0.333827
Layer 0: mean node feature std = 0.997237
Layer 1: mean node feature std = 0.331569
Layer 0: mean node feature std = 0.993074
Layer 1: mean node feature std = 0.330057
Layer 0: mean node feature std = 1.004288
Layer 1: mean node feature std = 0.333992
Layer 0: mean node feature std = 0.992402
Layer 1: mean node feature std = 0.329844
Layer 0: mean node feature std = 0.996092
Layer 1: mean node feature std = 0.331201
Layer 0: mean node feature std = 1.000897
Layer 1: mean node feature std = 0.332878
Layer 0: mean node feature std = 0.986346
Layer 1: mean node feature std = 0.327904
Layer 0: mean node feature std = 0.996100
Layer 1: mean node feature std = 0.331246
Layer 0: mean node feature std = 1.044630
Layer 1: mean node feature std = 0.348217
Epoch 157 | loss=1540.0592 | 1653.7670
Layer 0: mean node feature std = 0.995085
Layer 1: mean node feature std = 0.331142
Layer 0: mean node feature std = 0.978146
Layer 1: mean node feature std = 0.325135
Layer 0: mean node feature std = 0.974026
Layer 1: mean node feature std = 0.323834
Layer 0: mean node feature std = 1.014312
Layer 1: mean node feature std = 0.337945
Layer 0: mean node feature std = 1.006936
Layer 1: mean node feature std = 0.335556
Layer 0: mean node feature std = 0.984348
Layer 1: mean node feature std = 0.327515
Layer 0: mean node feature std = 1.003103
Layer 1: mean node feature std = 0.334206
Layer 0: mean node feature std = 0.999727
Layer 1: mean node feature std = 0.333129
Layer 0: mean node feature std = 1.004025
Layer 1: mean node feature std = 0.334659
Layer 0: mean node feature std = 1.009874
Layer 1: mean node feature std = 0.336636
Layer 0: mean node feature std = 1.003196
Layer 1: mean node feature std = 0.334533
Layer 0: mean node feature std = 0.975252
Layer 1: mean node feature std = 0.324712
Layer 0: mean node feature std = 0.990955
Layer 1: mean node feature std = 0.330249
Layer 0: mean node feature std = 0.994126
Layer 1: mean node feature std = 0.331479
Layer 0: mean node feature std = 1.007756
Layer 1: mean node feature std = 0.336383
Layer 0: mean node feature std = 0.959157
Layer 1: mean node feature std = 0.319478
Epoch 158 | loss=1525.5502 | 1693.6391
Layer 0: mean node feature std = 1.004046
Layer 1: mean node feature std = 0.335069
Layer 0: mean node feature std = 1.012991
Layer 1: mean node feature std = 0.338191
Layer 0: mean node feature std = 0.994009
Layer 1: mean node feature std = 0.331599
Layer 0: mean node feature std = 1.000341
Layer 1: mean node feature std = 0.333859
Layer 0: mean node feature std = 0.980306
Layer 1: mean node feature std = 0.326811
Layer 0: mean node feature std = 1.008189
Layer 1: mean node feature std = 0.336617
Layer 0: mean node feature std = 0.987648
Layer 1: mean node feature std = 0.329451
Layer 0: mean node feature std = 0.992446
Layer 1: mean node feature std = 0.331131
Layer 0: mean node feature std = 0.995707
Layer 1: mean node feature std = 0.332286
Layer 0: mean node feature std = 0.994617
Layer 1: mean node feature std = 0.332019
Layer 0: mean node feature std = 0.993700
Layer 1: mean node feature std = 0.331690
Layer 0: mean node feature std = 0.967956
Layer 1: mean node feature std = 0.322894
Layer 0: mean node feature std = 0.990709
Layer 1: mean node feature std = 0.330857
Layer 0: mean node feature std = 0.991670
Layer 1: mean node feature std = 0.331277
Layer 0: mean node feature std = 1.014959
Layer 1: mean node feature std = 0.339433
Layer 0: mean node feature std = 1.020879
Layer 1: mean node feature std = 0.341601
Epoch 159 | loss=1521.4899 | 1512.0754
Layer 0: mean node feature std = 1.023232
Layer 1: mean node feature std = 0.342359
Layer 0: mean node feature std = 0.975214
Layer 1: mean node feature std = 0.325606
Layer 0: mean node feature std = 0.986302
Layer 1: mean node feature std = 0.329422
Layer 0: mean node feature std = 1.022414
Layer 1: mean node feature std = 0.342017
Layer 0: mean node feature std = 0.972732
Layer 1: mean node feature std = 0.324628
Layer 0: mean node feature std = 1.026499
Layer 1: mean node feature std = 0.343523
Layer 0: mean node feature std = 1.009368
Layer 1: mean node feature std = 0.337431
Layer 0: mean node feature std = 0.998142
Layer 1: mean node feature std = 0.333653
Layer 0: mean node feature std = 0.988787
Layer 1: mean node feature std = 0.330493
Layer 0: mean node feature std = 0.968149
Layer 1: mean node feature std = 0.323366
Layer 0: mean node feature std = 0.989295
Layer 1: mean node feature std = 0.330688
Layer 0: mean node feature std = 0.982050
Layer 1: mean node feature std = 0.328163
Layer 0: mean node feature std = 0.982623
Layer 1: mean node feature std = 0.328542
Layer 0: mean node feature std = 1.007302
Layer 1: mean node feature std = 0.337101
Layer 0: mean node feature std = 1.006289
Layer 1: mean node feature std = 0.336841
Layer 0: mean node feature std = 0.972332
Layer 1: mean node feature std = 0.324998
Epoch 160 | loss=1486.0065 | 1577.8084
Layer 0: mean node feature std = 1.004611
Layer 1: mean node feature std = 0.336438
Layer 0: mean node feature std = 0.987593
Layer 1: mean node feature std = 0.330492
Layer 0: mean node feature std = 1.002314
Layer 1: mean node feature std = 0.335715
Layer 0: mean node feature std = 0.983739
Layer 1: mean node feature std = 0.329295
Layer 0: mean node feature std = 0.984102
Layer 1: mean node feature std = 0.329469
Layer 0: mean node feature std = 0.981303
Layer 1: mean node feature std = 0.328590
Layer 0: mean node feature std = 0.972816
Layer 1: mean node feature std = 0.325518
Layer 0: mean node feature std = 0.963824
Layer 1: mean node feature std = 0.322197
Layer 0: mean node feature std = 1.042763
Layer 1: mean node feature std = 0.350039
Layer 0: mean node feature std = 1.015898
Layer 1: mean node feature std = 0.340641
Layer 0: mean node feature std = 0.998618
Layer 1: mean node feature std = 0.334547
Layer 0: mean node feature std = 1.009387
Layer 1: mean node feature std = 0.338361
Layer 0: mean node feature std = 0.988685
Layer 1: mean node feature std = 0.331045
Layer 0: mean node feature std = 0.994512
Layer 1: mean node feature std = 0.333080
Layer 0: mean node feature std = 1.004150
Layer 1: mean node feature std = 0.336480
Layer 0: mean node feature std = 0.994113
Layer 1: mean node feature std = 0.333132
Epoch 161 | loss=1601.8237 | 2852.9951
Layer 0: mean node feature std = 0.989372
Layer 1: mean node feature std = 0.331445
Layer 0: mean node feature std = 0.984553
Layer 1: mean node feature std = 0.329687
Layer 0: mean node feature std = 0.975972
Layer 1: mean node feature std = 0.326699
Layer 0: mean node feature std = 1.003499
Layer 1: mean node feature std = 0.336613
Layer 0: mean node feature std = 0.995080
Layer 1: mean node feature std = 0.333732
Layer 0: mean node feature std = 0.984314
Layer 1: mean node feature std = 0.329959
Layer 0: mean node feature std = 1.004898
Layer 1: mean node feature std = 0.337220
Layer 0: mean node feature std = 1.009501
Layer 1: mean node feature std = 0.338901
Layer 0: mean node feature std = 0.995947
Layer 1: mean node feature std = 0.334111
Layer 0: mean node feature std = 0.991134
Layer 1: mean node feature std = 0.332452
Layer 0: mean node feature std = 0.990275
Layer 1: mean node feature std = 0.332174
Layer 0: mean node feature std = 1.020753
Layer 1: mean node feature std = 0.342870
Layer 0: mean node feature std = 1.004757
Layer 1: mean node feature std = 0.337244
Layer 0: mean node feature std = 0.991582
Layer 1: mean node feature std = 0.332750
Layer 0: mean node feature std = 0.995098
Layer 1: mean node feature std = 0.333819
Layer 0: mean node feature std = 0.981202
Layer 1: mean node feature std = 0.329124
Epoch 162 | loss=1537.4887 | 1493.3097
Layer 0: mean node feature std = 1.009302
Layer 1: mean node feature std = 0.338958
Layer 0: mean node feature std = 0.996235
Layer 1: mean node feature std = 0.334336
Layer 0: mean node feature std = 0.990202
Layer 1: mean node feature std = 0.332295
Layer 0: mean node feature std = 0.991011
Layer 1: mean node feature std = 0.332495
Layer 0: mean node feature std = 0.987888
Layer 1: mean node feature std = 0.331423
Layer 0: mean node feature std = 1.019537
Layer 1: mean node feature std = 0.342705
Layer 0: mean node feature std = 1.009831
Layer 1: mean node feature std = 0.339166
Layer 0: mean node feature std = 1.015638
Layer 1: mean node feature std = 0.341443
Layer 0: mean node feature std = 0.997313
Layer 1: mean node feature std = 0.335085
Layer 0: mean node feature std = 0.965120
Layer 1: mean node feature std = 0.323875
Layer 0: mean node feature std = 0.997097
Layer 1: mean node feature std = 0.335104
Layer 0: mean node feature std = 0.994494
Layer 1: mean node feature std = 0.334482
Layer 0: mean node feature std = 0.968085
Layer 1: mean node feature std = 0.325113
Layer 0: mean node feature std = 0.988700
Layer 1: mean node feature std = 0.332467
Layer 0: mean node feature std = 0.998459
Layer 1: mean node feature std = 0.335848
Layer 0: mean node feature std = 1.022924
Layer 1: mean node feature std = 0.344471
Epoch 163 | loss=1499.0102 | 1561.5908
Layer 0: mean node feature std = 1.014656
Layer 1: mean node feature std = 0.341700
Layer 0: mean node feature std = 0.999004
Layer 1: mean node feature std = 0.336215
Layer 0: mean node feature std = 0.982868
Layer 1: mean node feature std = 0.330625
Layer 0: mean node feature std = 1.010607
Layer 1: mean node feature std = 0.340395
Layer 0: mean node feature std = 1.013940
Layer 1: mean node feature std = 0.341508
Layer 0: mean node feature std = 0.989078
Layer 1: mean node feature std = 0.332849
Layer 0: mean node feature std = 0.984383
Layer 1: mean node feature std = 0.331192
Layer 0: mean node feature std = 0.997829
Layer 1: mean node feature std = 0.335991
Layer 0: mean node feature std = 0.995893
Layer 1: mean node feature std = 0.335340
Layer 0: mean node feature std = 1.026644
Layer 1: mean node feature std = 0.346344
Layer 0: mean node feature std = 0.985101
Layer 1: mean node feature std = 0.331701
Layer 0: mean node feature std = 0.988066
Layer 1: mean node feature std = 0.332867
Layer 0: mean node feature std = 0.980430
Layer 1: mean node feature std = 0.330314
Layer 0: mean node feature std = 0.997668
Layer 1: mean node feature std = 0.336298
Layer 0: mean node feature std = 0.967803
Layer 1: mean node feature std = 0.325724
Layer 0: mean node feature std = 0.995954
Layer 1: mean node feature std = 0.336028
Epoch 164 | loss=1494.9080 | 1496.5833
Layer 0: mean node feature std = 0.997614
Layer 1: mean node feature std = 0.336421
Layer 0: mean node feature std = 1.009841
Layer 1: mean node feature std = 0.340716
Layer 0: mean node feature std = 0.982887
Layer 1: mean node feature std = 0.331343
Layer 0: mean node feature std = 0.997440
Layer 1: mean node feature std = 0.336485
Layer 0: mean node feature std = 0.988962
Layer 1: mean node feature std = 0.333693
Layer 0: mean node feature std = 0.974895
Layer 1: mean node feature std = 0.328638
Layer 0: mean node feature std = 0.988883
Layer 1: mean node feature std = 0.333817
Layer 0: mean node feature std = 1.002822
Layer 1: mean node feature std = 0.338865
Layer 0: mean node feature std = 0.969821
Layer 1: mean node feature std = 0.327158
Layer 0: mean node feature std = 1.010617
Layer 1: mean node feature std = 0.341744
Layer 0: mean node feature std = 0.986851
Layer 1: mean node feature std = 0.333335
Layer 0: mean node feature std = 0.984836
Layer 1: mean node feature std = 0.332675
Layer 0: mean node feature std = 1.025918
Layer 1: mean node feature std = 0.347293
Layer 0: mean node feature std = 1.016762
Layer 1: mean node feature std = 0.344158
Layer 0: mean node feature std = 0.998272
Layer 1: mean node feature std = 0.337551
Layer 0: mean node feature std = 0.982870
Layer 1: mean node feature std = 0.332022
Epoch 165 | loss=1506.6588 | 2055.9906
Layer 0: mean node feature std = 0.961755
Layer 1: mean node feature std = 0.324654
Layer 0: mean node feature std = 0.998642
Layer 1: mean node feature std = 0.337854
Layer 0: mean node feature std = 1.000480
Layer 1: mean node feature std = 0.338670
Layer 0: mean node feature std = 0.994839
Layer 1: mean node feature std = 0.336618
Layer 0: mean node feature std = 1.012384
Layer 1: mean node feature std = 0.342840
Layer 0: mean node feature std = 1.004005
Layer 1: mean node feature std = 0.339921
Layer 0: mean node feature std = 1.009057
Layer 1: mean node feature std = 0.341621
Layer 0: mean node feature std = 0.997238
Layer 1: mean node feature std = 0.337595
Layer 0: mean node feature std = 1.016752
Layer 1: mean node feature std = 0.344567
Layer 0: mean node feature std = 1.002188
Layer 1: mean node feature std = 0.339500
Layer 0: mean node feature std = 0.985160
Layer 1: mean node feature std = 0.333610
Layer 0: mean node feature std = 0.989714
Layer 1: mean node feature std = 0.335069
Layer 0: mean node feature std = 0.994505
Layer 1: mean node feature std = 0.337153
Layer 0: mean node feature std = 0.989783
Layer 1: mean node feature std = 0.335364
Layer 0: mean node feature std = 0.978293
Layer 1: mean node feature std = 0.331278
Layer 0: mean node feature std = 0.991561
Layer 1: mean node feature std = 0.335761
Epoch 166 | loss=1541.6104 | 1800.2178
Layer 0: mean node feature std = 0.985678
Layer 1: mean node feature std = 0.333837
Layer 0: mean node feature std = 0.996802
Layer 1: mean node feature std = 0.337858
Layer 0: mean node feature std = 0.995300
Layer 1: mean node feature std = 0.337308
Layer 0: mean node feature std = 1.020219
Layer 1: mean node feature std = 0.346229
Layer 0: mean node feature std = 1.010668
Layer 1: mean node feature std = 0.342870
Layer 0: mean node feature std = 1.021412
Layer 1: mean node feature std = 0.346576
Layer 0: mean node feature std = 0.966458
Layer 1: mean node feature std = 0.327134
Layer 0: mean node feature std = 0.988843
Layer 1: mean node feature std = 0.335133
Layer 0: mean node feature std = 0.995409
Layer 1: mean node feature std = 0.337504
Layer 0: mean node feature std = 0.970653
Layer 1: mean node feature std = 0.328575
Layer 0: mean node feature std = 0.994231
Layer 1: mean node feature std = 0.337194
Layer 0: mean node feature std = 0.968645
Layer 1: mean node feature std = 0.328134
Layer 0: mean node feature std = 0.990554
Layer 1: mean node feature std = 0.335986
Layer 0: mean node feature std = 1.030755
Layer 1: mean node feature std = 0.350354
Layer 0: mean node feature std = 0.997502
Layer 1: mean node feature std = 0.338752
Layer 0: mean node feature std = 1.000431
Layer 1: mean node feature std = 0.339497
Epoch 167 | loss=1478.2523 | 1566.3050
Layer 0: mean node feature std = 0.996648
Layer 1: mean node feature std = 0.338439
Layer 0: mean node feature std = 0.981341
Layer 1: mean node feature std = 0.333104
Layer 0: mean node feature std = 0.987955
Layer 1: mean node feature std = 0.335486
Layer 0: mean node feature std = 1.021994
Layer 1: mean node feature std = 0.347547
Layer 0: mean node feature std = 1.008724
Layer 1: mean node feature std = 0.342902
Layer 0: mean node feature std = 0.977379
Layer 1: mean node feature std = 0.331770
Layer 0: mean node feature std = 0.972277
Layer 1: mean node feature std = 0.329935
Layer 0: mean node feature std = 0.989276
Layer 1: mean node feature std = 0.336085
Layer 0: mean node feature std = 0.987608
Layer 1: mean node feature std = 0.335460
Layer 0: mean node feature std = 0.996384
Layer 1: mean node feature std = 0.338531
Layer 0: mean node feature std = 1.023310
Layer 1: mean node feature std = 0.348154
Layer 0: mean node feature std = 1.000880
Layer 1: mean node feature std = 0.340236
Layer 0: mean node feature std = 1.005938
Layer 1: mean node feature std = 0.342107
Layer 0: mean node feature std = 0.971811
Layer 1: mean node feature std = 0.329945
Layer 0: mean node feature std = 1.021148
Layer 1: mean node feature std = 0.347691
Layer 0: mean node feature std = 0.949535
Layer 1: mean node feature std = 0.322284
Epoch 168 | loss=1502.0669 | 2518.3715
Layer 0: mean node feature std = 0.999609
Layer 1: mean node feature std = 0.340108
Layer 0: mean node feature std = 0.992462
Layer 1: mean node feature std = 0.337673
Layer 0: mean node feature std = 0.990031
Layer 1: mean node feature std = 0.336830
Layer 0: mean node feature std = 0.981143
Layer 1: mean node feature std = 0.333796
Layer 0: mean node feature std = 1.000837
Layer 1: mean node feature std = 0.340929
Layer 0: mean node feature std = 1.014436
Layer 1: mean node feature std = 0.345808
Layer 0: mean node feature std = 0.968591
Layer 1: mean node feature std = 0.329482
Layer 0: mean node feature std = 0.992920
Layer 1: mean node feature std = 0.338290
Layer 0: mean node feature std = 0.982773
Layer 1: mean node feature std = 0.334624
Layer 0: mean node feature std = 1.032250
Layer 1: mean node feature std = 0.352439
Layer 0: mean node feature std = 1.009653
Layer 1: mean node feature std = 0.344288
Layer 0: mean node feature std = 1.004531
Layer 1: mean node feature std = 0.342410
Layer 0: mean node feature std = 0.994909
Layer 1: mean node feature std = 0.339121
Layer 0: mean node feature std = 0.987823
Layer 1: mean node feature std = 0.336571
Layer 0: mean node feature std = 0.986616
Layer 1: mean node feature std = 0.336212
Layer 0: mean node feature std = 0.971337
Layer 1: mean node feature std = 0.330651
Epoch 169 | loss=1503.3824 | 1856.8060
Layer 0: mean node feature std = 0.992917
Layer 1: mean node feature std = 0.338452
Layer 0: mean node feature std = 1.004094
Layer 1: mean node feature std = 0.342441
Layer 0: mean node feature std = 0.997673
Layer 1: mean node feature std = 0.340168
Layer 0: mean node feature std = 0.981711
Layer 1: mean node feature std = 0.334578
Layer 0: mean node feature std = 1.014838
Layer 1: mean node feature std = 0.346425
Layer 0: mean node feature std = 1.005895
Layer 1: mean node feature std = 0.343358
Layer 0: mean node feature std = 1.005083
Layer 1: mean node feature std = 0.343105
Layer 0: mean node feature std = 0.977610
Layer 1: mean node feature std = 0.333389
Layer 0: mean node feature std = 1.010197
Layer 1: mean node feature std = 0.345062
Layer 0: mean node feature std = 0.978709
Layer 1: mean node feature std = 0.333863
Layer 0: mean node feature std = 0.978396
Layer 1: mean node feature std = 0.333894
Layer 0: mean node feature std = 1.013998
Layer 1: mean node feature std = 0.346660
Layer 0: mean node feature std = 0.985348
Layer 1: mean node feature std = 0.336321
Layer 0: mean node feature std = 0.966138
Layer 1: mean node feature std = 0.329545
Layer 0: mean node feature std = 1.011542
Layer 1: mean node feature std = 0.345791
Layer 0: mean node feature std = 1.048331
Layer 1: mean node feature std = 0.359046
Epoch 170 | loss=1566.0090 | 1845.3304
Layer 0: mean node feature std = 1.006146
Layer 1: mean node feature std = 0.343896
Layer 0: mean node feature std = 0.977744
Layer 1: mean node feature std = 0.333614
Layer 0: mean node feature std = 1.009854
Layer 1: mean node feature std = 0.345181
Layer 0: mean node feature std = 1.014137
Layer 1: mean node feature std = 0.346874
Layer 0: mean node feature std = 1.020230
Layer 1: mean node feature std = 0.348858
Layer 0: mean node feature std = 0.977432
Layer 1: mean node feature std = 0.333750
Layer 0: mean node feature std = 1.005063
Layer 1: mean node feature std = 0.343532
Layer 0: mean node feature std = 0.989266
Layer 1: mean node feature std = 0.338064
Layer 0: mean node feature std = 0.960321
Layer 1: mean node feature std = 0.327670
Layer 0: mean node feature std = 1.006050
Layer 1: mean node feature std = 0.344052
Layer 0: mean node feature std = 1.000583
Layer 1: mean node feature std = 0.342171
Layer 0: mean node feature std = 0.984643
Layer 1: mean node feature std = 0.336407
Layer 0: mean node feature std = 0.995688
Layer 1: mean node feature std = 0.340498
Layer 0: mean node feature std = 1.005074
Layer 1: mean node feature std = 0.343898
Layer 0: mean node feature std = 0.964624
Layer 1: mean node feature std = 0.329369
Layer 0: mean node feature std = 1.087228
Layer 1: mean node feature std = 0.373464
Epoch 171 | loss=1534.0170 | 1848.7047
Layer 0: mean node feature std = 1.002768
Layer 1: mean node feature std = 0.343187
Layer 0: mean node feature std = 0.997994
Layer 1: mean node feature std = 0.341651
Layer 0: mean node feature std = 1.003797
Layer 1: mean node feature std = 0.343647
Layer 0: mean node feature std = 0.984746
Layer 1: mean node feature std = 0.337027
Layer 0: mean node feature std = 0.996187
Layer 1: mean node feature std = 0.341159
Layer 0: mean node feature std = 1.025613
Layer 1: mean node feature std = 0.351684
Layer 0: mean node feature std = 0.981045
Layer 1: mean node feature std = 0.335733
Layer 0: mean node feature std = 1.013227
Layer 1: mean node feature std = 0.347478
Layer 0: mean node feature std = 0.977999
Layer 1: mean node feature std = 0.334630
Layer 0: mean node feature std = 0.989320
Layer 1: mean node feature std = 0.338897
Layer 0: mean node feature std = 1.010913
Layer 1: mean node feature std = 0.346610
Layer 0: mean node feature std = 0.992831
Layer 1: mean node feature std = 0.340191
Layer 0: mean node feature std = 0.994152
Layer 1: mean node feature std = 0.340702
Layer 0: mean node feature std = 0.977476
Layer 1: mean node feature std = 0.334788
Layer 0: mean node feature std = 0.984643
Layer 1: mean node feature std = 0.337409
Layer 0: mean node feature std = 1.002661
Layer 1: mean node feature std = 0.343856
Epoch 172 | loss=1553.5437 | 1675.1412
Layer 0: mean node feature std = 0.967719
Layer 1: mean node feature std = 0.331539
Layer 0: mean node feature std = 1.007083
Layer 1: mean node feature std = 0.345748
Layer 0: mean node feature std = 1.023802
Layer 1: mean node feature std = 0.351887
Layer 0: mean node feature std = 0.974832
Layer 1: mean node feature std = 0.334222
Layer 0: mean node feature std = 1.004199
Layer 1: mean node feature std = 0.344902
Layer 0: mean node feature std = 0.951954
Layer 1: mean node feature std = 0.326173
Layer 0: mean node feature std = 0.969151
Layer 1: mean node feature std = 0.332343
Layer 0: mean node feature std = 0.984884
Layer 1: mean node feature std = 0.338016
Layer 0: mean node feature std = 1.005430
Layer 1: mean node feature std = 0.345364
Layer 0: mean node feature std = 1.025163
Layer 1: mean node feature std = 0.352657
Layer 0: mean node feature std = 1.006164
Layer 1: mean node feature std = 0.346018
Layer 0: mean node feature std = 1.002718
Layer 1: mean node feature std = 0.344801
Layer 0: mean node feature std = 1.006542
Layer 1: mean node feature std = 0.346187
Layer 0: mean node feature std = 1.022880
Layer 1: mean node feature std = 0.352232
Layer 0: mean node feature std = 0.991810
Layer 1: mean node feature std = 0.341131
Layer 0: mean node feature std = 0.940694
Layer 1: mean node feature std = 0.322722
Epoch 173 | loss=1589.6000 | 1528.7464
Layer 0: mean node feature std = 0.963456
Layer 1: mean node feature std = 0.330891
Layer 0: mean node feature std = 1.015980
Layer 1: mean node feature std = 0.349898
Layer 0: mean node feature std = 0.999595
Layer 1: mean node feature std = 0.344087
Layer 0: mean node feature std = 0.997150
Layer 1: mean node feature std = 0.343267
Layer 0: mean node feature std = 0.979437
Layer 1: mean node feature std = 0.336792
Layer 0: mean node feature std = 1.001407
Layer 1: mean node feature std = 0.344742
Layer 0: mean node feature std = 0.980702
Layer 1: mean node feature std = 0.337306
Layer 0: mean node feature std = 0.997926
Layer 1: mean node feature std = 0.343689
Layer 0: mean node feature std = 1.017271
Layer 1: mean node feature std = 0.350684
Layer 0: mean node feature std = 0.995709
Layer 1: mean node feature std = 0.342947
Layer 0: mean node feature std = 0.990022
Layer 1: mean node feature std = 0.340829
Layer 0: mean node feature std = 1.002794
Layer 1: mean node feature std = 0.345609
Layer 0: mean node feature std = 0.992895
Layer 1: mean node feature std = 0.341962
Layer 0: mean node feature std = 0.996439
Layer 1: mean node feature std = 0.343478
Layer 0: mean node feature std = 0.999217
Layer 1: mean node feature std = 0.344427
Layer 0: mean node feature std = 1.017118
Layer 1: mean node feature std = 0.350795
Epoch 174 | loss=1486.7548 | 1486.8393
Layer 0: mean node feature std = 1.015204
Layer 1: mean node feature std = 0.350195
Layer 0: mean node feature std = 1.002396
Layer 1: mean node feature std = 0.345461
Layer 0: mean node feature std = 0.979213
Layer 1: mean node feature std = 0.337167
Layer 0: mean node feature std = 1.027630
Layer 1: mean node feature std = 0.354659
Layer 0: mean node feature std = 1.005855
Layer 1: mean node feature std = 0.346653
Layer 0: mean node feature std = 0.965122
Layer 1: mean node feature std = 0.332109
Layer 0: mean node feature std = 0.990269
Layer 1: mean node feature std = 0.341420
Layer 0: mean node feature std = 0.964890
Layer 1: mean node feature std = 0.332264
Layer 0: mean node feature std = 0.983121
Layer 1: mean node feature std = 0.338795
Layer 0: mean node feature std = 1.019318
Layer 1: mean node feature std = 0.351976
Layer 0: mean node feature std = 0.996235
Layer 1: mean node feature std = 0.343717
Layer 0: mean node feature std = 0.994023
Layer 1: mean node feature std = 0.343007
Layer 0: mean node feature std = 1.012088
Layer 1: mean node feature std = 0.349577
Layer 0: mean node feature std = 1.002126
Layer 1: mean node feature std = 0.346042
Layer 0: mean node feature std = 0.980951
Layer 1: mean node feature std = 0.338460
Layer 0: mean node feature std = 0.972095
Layer 1: mean node feature std = 0.335320
Epoch 175 | loss=1578.1512 | 1681.7092
Layer 0: mean node feature std = 0.991699
Layer 1: mean node feature std = 0.342486
Layer 0: mean node feature std = 1.002053
Layer 1: mean node feature std = 0.346085
Layer 0: mean node feature std = 1.016111
Layer 1: mean node feature std = 0.351286
Layer 0: mean node feature std = 1.012062
Layer 1: mean node feature std = 0.349765
Layer 0: mean node feature std = 1.001965
Layer 1: mean node feature std = 0.346106
Layer 0: mean node feature std = 1.001567
Layer 1: mean node feature std = 0.346004
Layer 0: mean node feature std = 0.974553
Layer 1: mean node feature std = 0.336308
Layer 0: mean node feature std = 1.007134
Layer 1: mean node feature std = 0.347935
Layer 0: mean node feature std = 0.995103
Layer 1: mean node feature std = 0.343581
Layer 0: mean node feature std = 0.994072
Layer 1: mean node feature std = 0.343186
Layer 0: mean node feature std = 0.974227
Layer 1: mean node feature std = 0.336095
Layer 0: mean node feature std = 1.019554
Layer 1: mean node feature std = 0.352539
Layer 0: mean node feature std = 0.990759
Layer 1: mean node feature std = 0.342191
Layer 0: mean node feature std = 0.988314
Layer 1: mean node feature std = 0.341391
Layer 0: mean node feature std = 0.962351
Layer 1: mean node feature std = 0.332050
Layer 0: mean node feature std = 1.008986
Layer 1: mean node feature std = 0.349089
Epoch 176 | loss=1537.7701 | 1497.7089
Layer 0: mean node feature std = 1.036082
Layer 1: mean node feature std = 0.358827
Layer 0: mean node feature std = 1.002710
Layer 1: mean node feature std = 0.346854
Layer 0: mean node feature std = 0.985277
Layer 1: mean node feature std = 0.340507
Layer 0: mean node feature std = 0.971675
Layer 1: mean node feature std = 0.335688
Layer 0: mean node feature std = 0.985925
Layer 1: mean node feature std = 0.340916
Layer 0: mean node feature std = 1.005831
Layer 1: mean node feature std = 0.348006
Layer 0: mean node feature std = 1.018942
Layer 1: mean node feature std = 0.352964
Layer 0: mean node feature std = 0.988118
Layer 1: mean node feature std = 0.341674
Layer 0: mean node feature std = 0.991023
Layer 1: mean node feature std = 0.342765
Layer 0: mean node feature std = 0.986099
Layer 1: mean node feature std = 0.340986
Layer 0: mean node feature std = 0.992889
Layer 1: mean node feature std = 0.343459
Layer 0: mean node feature std = 0.993794
Layer 1: mean node feature std = 0.343815
Layer 0: mean node feature std = 1.015252
Layer 1: mean node feature std = 0.351569
Layer 0: mean node feature std = 0.985115
Layer 1: mean node feature std = 0.340828
Layer 0: mean node feature std = 0.977879
Layer 1: mean node feature std = 0.338139
Layer 0: mean node feature std = 0.981860
Layer 1: mean node feature std = 0.339703
Epoch 177 | loss=1475.4937 | 1526.5253
Layer 0: mean node feature std = 0.979198
Layer 1: mean node feature std = 0.338699
Layer 0: mean node feature std = 0.989565
Layer 1: mean node feature std = 0.342433
Layer 0: mean node feature std = 0.988185
Layer 1: mean node feature std = 0.342007
Layer 0: mean node feature std = 1.021530
Layer 1: mean node feature std = 0.354106
Layer 0: mean node feature std = 1.003170
Layer 1: mean node feature std = 0.347564
Layer 0: mean node feature std = 1.011986
Layer 1: mean node feature std = 0.350889
Layer 0: mean node feature std = 0.989694
Layer 1: mean node feature std = 0.342825
Layer 0: mean node feature std = 1.024981
Layer 1: mean node feature std = 0.355681
Layer 0: mean node feature std = 1.002009
Layer 1: mean node feature std = 0.347523
Layer 0: mean node feature std = 0.990863
Layer 1: mean node feature std = 0.343574
Layer 0: mean node feature std = 0.988465
Layer 1: mean node feature std = 0.342740
Layer 0: mean node feature std = 0.961096
Layer 1: mean node feature std = 0.332704
Layer 0: mean node feature std = 1.009927
Layer 1: mean node feature std = 0.350726
Layer 0: mean node feature std = 1.004956
Layer 1: mean node feature std = 0.348933
Layer 0: mean node feature std = 0.977773
Layer 1: mean node feature std = 0.339090
Layer 0: mean node feature std = 0.945676
Layer 1: mean node feature std = 0.327497
Epoch 178 | loss=1524.4323 | 2212.4559
Layer 0: mean node feature std = 1.004711
Layer 1: mean node feature std = 0.349060
Layer 0: mean node feature std = 0.966319
Layer 1: mean node feature std = 0.335021
Layer 0: mean node feature std = 0.978053
Layer 1: mean node feature std = 0.339298
Layer 0: mean node feature std = 0.973204
Layer 1: mean node feature std = 0.337502
Layer 0: mean node feature std = 1.003614
Layer 1: mean node feature std = 0.348578
Layer 0: mean node feature std = 1.020756
Layer 1: mean node feature std = 0.354902
Layer 0: mean node feature std = 0.993891
Layer 1: mean node feature std = 0.345057
Layer 0: mean node feature std = 1.004538
Layer 1: mean node feature std = 0.349128
Layer 0: mean node feature std = 0.970803
Layer 1: mean node feature std = 0.336755
Layer 0: mean node feature std = 1.002465
Layer 1: mean node feature std = 0.348358
Layer 0: mean node feature std = 1.006502
Layer 1: mean node feature std = 0.349883
Layer 0: mean node feature std = 1.009599
Layer 1: mean node feature std = 0.351268
Layer 0: mean node feature std = 1.015836
Layer 1: mean node feature std = 0.353509
Layer 0: mean node feature std = 0.965787
Layer 1: mean node feature std = 0.335316
Layer 0: mean node feature std = 1.021168
Layer 1: mean node feature std = 0.355445
Layer 0: mean node feature std = 0.978477
Layer 1: mean node feature std = 0.339814
Epoch 179 | loss=1478.3735 | 2345.1068
Layer 0: mean node feature std = 1.017700
Layer 1: mean node feature std = 0.354523
Layer 0: mean node feature std = 1.019523
Layer 1: mean node feature std = 0.355064
Layer 0: mean node feature std = 1.032766
Layer 1: mean node feature std = 0.359964
Layer 0: mean node feature std = 0.990179
Layer 1: mean node feature std = 0.344347
Layer 0: mean node feature std = 1.014045
Layer 1: mean node feature std = 0.353228
Layer 0: mean node feature std = 0.979496
Layer 1: mean node feature std = 0.340656
Layer 0: mean node feature std = 0.994017
Layer 1: mean node feature std = 0.345913
Layer 0: mean node feature std = 0.971888
Layer 1: mean node feature std = 0.337984
Layer 0: mean node feature std = 0.999272
Layer 1: mean node feature std = 0.347968
Layer 0: mean node feature std = 0.995641
Layer 1: mean node feature std = 0.346653
Layer 0: mean node feature std = 0.990610
Layer 1: mean node feature std = 0.344764
Layer 0: mean node feature std = 0.983479
Layer 1: mean node feature std = 0.342277
Layer 0: mean node feature std = 0.972210
Layer 1: mean node feature std = 0.338255
Layer 0: mean node feature std = 0.983547
Layer 1: mean node feature std = 0.342312
Layer 0: mean node feature std = 0.987733
Layer 1: mean node feature std = 0.343921
Layer 0: mean node feature std = 1.005888
Layer 1: mean node feature std = 0.350606
Epoch 180 | loss=1530.9687 | 1551.3063
Layer 0: mean node feature std = 0.971717
Layer 1: mean node feature std = 0.338297
Layer 0: mean node feature std = 0.964196
Layer 1: mean node feature std = 0.335712
Layer 0: mean node feature std = 1.031480
Layer 1: mean node feature std = 0.360521
Layer 0: mean node feature std = 0.993761
Layer 1: mean node feature std = 0.346687
Layer 0: mean node feature std = 0.998264
Layer 1: mean node feature std = 0.348560
Layer 0: mean node feature std = 1.006397
Layer 1: mean node feature std = 0.351387
Layer 0: mean node feature std = 1.005968
Layer 1: mean node feature std = 0.351371
Layer 0: mean node feature std = 1.002803
Layer 1: mean node feature std = 0.350258
Layer 0: mean node feature std = 0.981487
Layer 1: mean node feature std = 0.342449
Layer 0: mean node feature std = 0.986471
Layer 1: mean node feature std = 0.344375
Layer 0: mean node feature std = 1.008022
Layer 1: mean node feature std = 0.352147
Layer 0: mean node feature std = 1.000424
Layer 1: mean node feature std = 0.349464
Layer 0: mean node feature std = 1.007133
Layer 1: mean node feature std = 0.351764
Layer 0: mean node feature std = 0.989226
Layer 1: mean node feature std = 0.345239
Layer 0: mean node feature std = 0.987235
Layer 1: mean node feature std = 0.344629
Layer 0: mean node feature std = 0.992675
Layer 1: mean node feature std = 0.346561
Epoch 181 | loss=1547.9977 | 1658.3183
Layer 0: mean node feature std = 1.009684
Layer 1: mean node feature std = 0.353022
Layer 0: mean node feature std = 1.000037
Layer 1: mean node feature std = 0.349467
Layer 0: mean node feature std = 0.981253
Layer 1: mean node feature std = 0.342719
Layer 0: mean node feature std = 0.991099
Layer 1: mean node feature std = 0.346497
Layer 0: mean node feature std = 1.008745
Layer 1: mean node feature std = 0.353003
Layer 0: mean node feature std = 0.975767
Layer 1: mean node feature std = 0.341036
Layer 0: mean node feature std = 0.982326
Layer 1: mean node feature std = 0.343442
Layer 0: mean node feature std = 0.999663
Layer 1: mean node feature std = 0.349966
Layer 0: mean node feature std = 0.993870
Layer 1: mean node feature std = 0.347916
Layer 0: mean node feature std = 1.004198
Layer 1: mean node feature std = 0.351933
Layer 0: mean node feature std = 0.986885
Layer 1: mean node feature std = 0.345507
Layer 0: mean node feature std = 0.995834
Layer 1: mean node feature std = 0.348891
Layer 0: mean node feature std = 1.013517
Layer 1: mean node feature std = 0.355421
Layer 0: mean node feature std = 0.993005
Layer 1: mean node feature std = 0.347757
Layer 0: mean node feature std = 1.003406
Layer 1: mean node feature std = 0.351760
Layer 0: mean node feature std = 0.967580
Layer 1: mean node feature std = 0.338357
Epoch 182 | loss=1542.6213 | 1661.9211
Layer 0: mean node feature std = 0.996421
Layer 1: mean node feature std = 0.349124
Layer 0: mean node feature std = 1.005756
Layer 1: mean node feature std = 0.352562
Layer 0: mean node feature std = 0.979910
Layer 1: mean node feature std = 0.343108
Layer 0: mean node feature std = 0.991395
Layer 1: mean node feature std = 0.347084
Layer 0: mean node feature std = 0.998617
Layer 1: mean node feature std = 0.349936
Layer 0: mean node feature std = 0.974051
Layer 1: mean node feature std = 0.340974
Layer 0: mean node feature std = 0.993463
Layer 1: mean node feature std = 0.348249
Layer 0: mean node feature std = 0.994677
Layer 1: mean node feature std = 0.348711
Layer 0: mean node feature std = 0.983758
Layer 1: mean node feature std = 0.344718
Layer 0: mean node feature std = 1.013756
Layer 1: mean node feature std = 0.355713
Layer 0: mean node feature std = 1.018335
Layer 1: mean node feature std = 0.357481
Layer 0: mean node feature std = 1.001085
Layer 1: mean node feature std = 0.351108
Layer 0: mean node feature std = 0.984220
Layer 1: mean node feature std = 0.345028
Layer 0: mean node feature std = 0.996020
Layer 1: mean node feature std = 0.349369
Layer 0: mean node feature std = 0.990820
Layer 1: mean node feature std = 0.347572
Layer 0: mean node feature std = 1.058274
Layer 1: mean node feature std = 0.372643
Epoch 183 | loss=1595.8671 | 1791.0354
Layer 0: mean node feature std = 0.999400
Layer 1: mean node feature std = 0.350677
Layer 0: mean node feature std = 1.006353
Layer 1: mean node feature std = 0.353304
Layer 0: mean node feature std = 0.974971
Layer 1: mean node feature std = 0.341844
Layer 0: mean node feature std = 1.004584
Layer 1: mean node feature std = 0.352829
Layer 0: mean node feature std = 0.988996
Layer 1: mean node feature std = 0.347110
Layer 0: mean node feature std = 1.002445
Layer 1: mean node feature std = 0.352039
Layer 0: mean node feature std = 0.999425
Layer 1: mean node feature std = 0.350963
Layer 0: mean node feature std = 0.986347
Layer 1: mean node feature std = 0.346165
Layer 0: mean node feature std = 0.990425
Layer 1: mean node feature std = 0.347794
Layer 0: mean node feature std = 0.976153
Layer 1: mean node feature std = 0.342779
Layer 0: mean node feature std = 1.025493
Layer 1: mean node feature std = 0.360825
Layer 0: mean node feature std = 0.977597
Layer 1: mean node feature std = 0.343200
Layer 0: mean node feature std = 0.999056
Layer 1: mean node feature std = 0.351424
Layer 0: mean node feature std = 0.999514
Layer 1: mean node feature std = 0.351440
Layer 0: mean node feature std = 0.997988
Layer 1: mean node feature std = 0.350954
Layer 0: mean node feature std = 1.023801
Layer 1: mean node feature std = 0.360519
Epoch 184 | loss=1496.1567 | 1583.1485
Layer 0: mean node feature std = 1.011745
Layer 1: mean node feature std = 0.355958
Layer 0: mean node feature std = 1.002922
Layer 1: mean node feature std = 0.352820
Layer 0: mean node feature std = 0.978741
Layer 1: mean node feature std = 0.343957
Layer 0: mean node feature std = 1.003700
Layer 1: mean node feature std = 0.353374
Layer 0: mean node feature std = 0.985616
Layer 1: mean node feature std = 0.346770
Layer 0: mean node feature std = 0.983073
Layer 1: mean node feature std = 0.345813
Layer 0: mean node feature std = 1.013216
Layer 1: mean node feature std = 0.356991
Layer 0: mean node feature std = 0.982844
Layer 1: mean node feature std = 0.345788
Layer 0: mean node feature std = 1.005960
Layer 1: mean node feature std = 0.354370
Layer 0: mean node feature std = 0.996765
Layer 1: mean node feature std = 0.351105
Layer 0: mean node feature std = 0.990042
Layer 1: mean node feature std = 0.348742
Layer 0: mean node feature std = 0.994623
Layer 1: mean node feature std = 0.350482
Layer 0: mean node feature std = 0.990027
Layer 1: mean node feature std = 0.348845
Layer 0: mean node feature std = 0.996722
Layer 1: mean node feature std = 0.351373
Layer 0: mean node feature std = 0.988356
Layer 1: mean node feature std = 0.348371
Layer 0: mean node feature std = 1.047249
Layer 1: mean node feature std = 0.369998
Epoch 185 | loss=1493.4549 | 2241.2486
Layer 0: mean node feature std = 0.986439
Layer 1: mean node feature std = 0.347610
Layer 0: mean node feature std = 1.012499
Layer 1: mean node feature std = 0.357256
Layer 0: mean node feature std = 0.997673
Layer 1: mean node feature std = 0.351888
Layer 0: mean node feature std = 1.004192
Layer 1: mean node feature std = 0.354175
Layer 0: mean node feature std = 0.992672
Layer 1: mean node feature std = 0.349995
Layer 0: mean node feature std = 0.964354
Layer 1: mean node feature std = 0.339666
Layer 0: mean node feature std = 0.969253
Layer 1: mean node feature std = 0.341508
Layer 0: mean node feature std = 0.998186
Layer 1: mean node feature std = 0.352406
Layer 0: mean node feature std = 0.990855
Layer 1: mean node feature std = 0.349605
Layer 0: mean node feature std = 1.032084
Layer 1: mean node feature std = 0.365075
Layer 0: mean node feature std = 0.991248
Layer 1: mean node feature std = 0.349868
Layer 0: mean node feature std = 1.009782
Layer 1: mean node feature std = 0.356939
Layer 0: mean node feature std = 0.981362
Layer 1: mean node feature std = 0.346416
Layer 0: mean node feature std = 1.010083
Layer 1: mean node feature std = 0.357103
Layer 0: mean node feature std = 0.990835
Layer 1: mean node feature std = 0.350048
Layer 0: mean node feature std = 1.009033
Layer 1: mean node feature std = 0.356807
Epoch 186 | loss=1515.5459 | 1637.1891
Layer 0: mean node feature std = 1.020814
Layer 1: mean node feature std = 0.361191
Layer 0: mean node feature std = 0.968760
Layer 1: mean node feature std = 0.342008
Layer 0: mean node feature std = 1.035265
Layer 1: mean node feature std = 0.366577
Layer 0: mean node feature std = 0.981925
Layer 1: mean node feature std = 0.346882
Layer 0: mean node feature std = 1.019945
Layer 1: mean node feature std = 0.360906
Layer 0: mean node feature std = 0.983365
Layer 1: mean node feature std = 0.347536
Layer 0: mean node feature std = 0.980802
Layer 1: mean node feature std = 0.346400
Layer 0: mean node feature std = 0.987250
Layer 1: mean node feature std = 0.348923
Layer 0: mean node feature std = 0.993408
Layer 1: mean node feature std = 0.351320
Layer 0: mean node feature std = 0.973418
Layer 1: mean node feature std = 0.344067
Layer 0: mean node feature std = 1.002970
Layer 1: mean node feature std = 0.354919
Layer 0: mean node feature std = 1.013845
Layer 1: mean node feature std = 0.359098
Layer 0: mean node feature std = 0.992167
Layer 1: mean node feature std = 0.351060
Layer 0: mean node feature std = 0.995756
Layer 1: mean node feature std = 0.352386
Layer 0: mean node feature std = 0.992782
Layer 1: mean node feature std = 0.351490
Layer 0: mean node feature std = 0.950606
Layer 1: mean node feature std = 0.335742
Epoch 187 | loss=1553.4061 | 1484.6095
Layer 0: mean node feature std = 1.002115
Layer 1: mean node feature std = 0.355098
Layer 0: mean node feature std = 0.984071
Layer 1: mean node feature std = 0.348332
Layer 0: mean node feature std = 1.019299
Layer 1: mean node feature std = 0.361409
Layer 0: mean node feature std = 0.982049
Layer 1: mean node feature std = 0.347646
Layer 0: mean node feature std = 0.993867
Layer 1: mean node feature std = 0.352023
Layer 0: mean node feature std = 0.988290
Layer 1: mean node feature std = 0.350116
Layer 0: mean node feature std = 0.994176
Layer 1: mean node feature std = 0.352254
Layer 0: mean node feature std = 0.988695
Layer 1: mean node feature std = 0.350343
Layer 0: mean node feature std = 1.013734
Layer 1: mean node feature std = 0.359647
Layer 0: mean node feature std = 0.999209
Layer 1: mean node feature std = 0.354450
Layer 0: mean node feature std = 0.996076
Layer 1: mean node feature std = 0.353312
Layer 0: mean node feature std = 0.979960
Layer 1: mean node feature std = 0.347359
Layer 0: mean node feature std = 1.014367
Layer 1: mean node feature std = 0.360131
Layer 0: mean node feature std = 0.983195
Layer 1: mean node feature std = 0.348681
Layer 0: mean node feature std = 0.998145
Layer 1: mean node feature std = 0.354149
Layer 0: mean node feature std = 0.978465
Layer 1: mean node feature std = 0.346698
Epoch 188 | loss=1458.6593 | 1620.2214
Layer 0: mean node feature std = 0.986804
Layer 1: mean node feature std = 0.349953
Layer 0: mean node feature std = 0.972100
Layer 1: mean node feature std = 0.344681
Layer 0: mean node feature std = 1.004860
Layer 1: mean node feature std = 0.356814
Layer 0: mean node feature std = 0.992164
Layer 1: mean node feature std = 0.352257
Layer 0: mean node feature std = 1.005111
Layer 1: mean node feature std = 0.357118
Layer 0: mean node feature std = 0.997289
Layer 1: mean node feature std = 0.354201
Layer 0: mean node feature std = 1.005037
Layer 1: mean node feature std = 0.357208
Layer 0: mean node feature std = 0.991825
Layer 1: mean node feature std = 0.352140
Layer 0: mean node feature std = 1.005216
Layer 1: mean node feature std = 0.357372
Layer 0: mean node feature std = 0.981575
Layer 1: mean node feature std = 0.348630
Layer 0: mean node feature std = 0.992334
Layer 1: mean node feature std = 0.352640
Layer 0: mean node feature std = 1.013689
Layer 1: mean node feature std = 0.360542
Layer 0: mean node feature std = 0.996207
Layer 1: mean node feature std = 0.354188
Layer 0: mean node feature std = 0.984872
Layer 1: mean node feature std = 0.349914
Layer 0: mean node feature std = 1.008598
Layer 1: mean node feature std = 0.358794
Layer 0: mean node feature std = 0.976161
Layer 1: mean node feature std = 0.346420
Epoch 189 | loss=1471.1443 | 1661.2199
Layer 0: mean node feature std = 1.013734
Layer 1: mean node feature std = 0.360830
Layer 0: mean node feature std = 0.996297
Layer 1: mean node feature std = 0.354180
Layer 0: mean node feature std = 1.008180
Layer 1: mean node feature std = 0.358599
Layer 0: mean node feature std = 0.996478
Layer 1: mean node feature std = 0.354195
Layer 0: mean node feature std = 0.992628
Layer 1: mean node feature std = 0.352876
Layer 0: mean node feature std = 0.993036
Layer 1: mean node feature std = 0.353003
Layer 0: mean node feature std = 0.985842
Layer 1: mean node feature std = 0.350393
Layer 0: mean node feature std = 0.984023
Layer 1: mean node feature std = 0.349769
Layer 0: mean node feature std = 0.990367
Layer 1: mean node feature std = 0.352092
Layer 0: mean node feature std = 0.984499
Layer 1: mean node feature std = 0.350143
Layer 0: mean node feature std = 0.981850
Layer 1: mean node feature std = 0.349129
Layer 0: mean node feature std = 1.009027
Layer 1: mean node feature std = 0.359240
Layer 0: mean node feature std = 0.991600
Layer 1: mean node feature std = 0.352909
Layer 0: mean node feature std = 1.002629
Layer 1: mean node feature std = 0.357247
Layer 0: mean node feature std = 0.994240
Layer 1: mean node feature std = 0.354047
Layer 0: mean node feature std = 1.046824
Layer 1: mean node feature std = 0.373608
Epoch 190 | loss=1496.5193 | 1560.6058
Layer 0: mean node feature std = 1.021750
Layer 1: mean node feature std = 0.364312
Layer 0: mean node feature std = 0.989965
Layer 1: mean node feature std = 0.352528
Layer 0: mean node feature std = 0.971714
Layer 1: mean node feature std = 0.345873
Layer 0: mean node feature std = 0.991105
Layer 1: mean node feature std = 0.353077
Layer 0: mean node feature std = 0.978987
Layer 1: mean node feature std = 0.348561
Layer 0: mean node feature std = 0.978352
Layer 1: mean node feature std = 0.348244
Layer 0: mean node feature std = 0.995522
Layer 1: mean node feature std = 0.354659
Layer 0: mean node feature std = 1.004020
Layer 1: mean node feature std = 0.357991
Layer 0: mean node feature std = 0.989929
Layer 1: mean node feature std = 0.352717
Layer 0: mean node feature std = 1.004745
Layer 1: mean node feature std = 0.358279
Layer 0: mean node feature std = 0.992481
Layer 1: mean node feature std = 0.353744
Layer 0: mean node feature std = 0.990153
Layer 1: mean node feature std = 0.352803
Layer 0: mean node feature std = 0.994159
Layer 1: mean node feature std = 0.354299
Layer 0: mean node feature std = 1.015241
Layer 1: mean node feature std = 0.362308
Layer 0: mean node feature std = 1.008786
Layer 1: mean node feature std = 0.360056
Layer 0: mean node feature std = 1.033600
Layer 1: mean node feature std = 0.369715
Epoch 191 | loss=1536.3098 | 1661.2504
Layer 0: mean node feature std = 0.990675
Layer 1: mean node feature std = 0.353367
Layer 0: mean node feature std = 0.979422
Layer 1: mean node feature std = 0.349259
Layer 0: mean node feature std = 1.009054
Layer 1: mean node feature std = 0.360539
Layer 0: mean node feature std = 0.996261
Layer 1: mean node feature std = 0.355738
Layer 0: mean node feature std = 1.009575
Layer 1: mean node feature std = 0.360873
Layer 0: mean node feature std = 0.967898
Layer 1: mean node feature std = 0.345229
Layer 0: mean node feature std = 0.985954
Layer 1: mean node feature std = 0.352144
Layer 0: mean node feature std = 0.988250
Layer 1: mean node feature std = 0.352832
Layer 0: mean node feature std = 0.970920
Layer 1: mean node feature std = 0.346442
Layer 0: mean node feature std = 1.017912
Layer 1: mean node feature std = 0.363984
Layer 0: mean node feature std = 1.004831
Layer 1: mean node feature std = 0.359088
Layer 0: mean node feature std = 0.990254
Layer 1: mean node feature std = 0.353709
Layer 0: mean node feature std = 1.027658
Layer 1: mean node feature std = 0.367724
Layer 0: mean node feature std = 1.012403
Layer 1: mean node feature std = 0.362296
Layer 0: mean node feature std = 0.984525
Layer 1: mean node feature std = 0.351862
Layer 0: mean node feature std = 0.987295
Layer 1: mean node feature std = 0.352815
Epoch 192 | loss=1481.5268 | 1493.2796
Layer 0: mean node feature std = 1.006775
Layer 1: mean node feature std = 0.360249
Layer 0: mean node feature std = 1.000579
Layer 1: mean node feature std = 0.357961
Layer 0: mean node feature std = 0.991031
Layer 1: mean node feature std = 0.354611
Layer 0: mean node feature std = 1.032959
Layer 1: mean node feature std = 0.370066
Layer 0: mean node feature std = 0.979565
Layer 1: mean node feature std = 0.350191
Layer 0: mean node feature std = 1.001703
Layer 1: mean node feature std = 0.358599
Layer 0: mean node feature std = 1.007826
Layer 1: mean node feature std = 0.360883
Layer 0: mean node feature std = 0.994057
Layer 1: mean node feature std = 0.355866
Layer 0: mean node feature std = 0.982150
Layer 1: mean node feature std = 0.351566
Layer 0: mean node feature std = 1.004272
Layer 1: mean node feature std = 0.359858
Layer 0: mean node feature std = 0.984136
Layer 1: mean node feature std = 0.352432
Layer 0: mean node feature std = 1.006135
Layer 1: mean node feature std = 0.360734
Layer 0: mean node feature std = 0.981093
Layer 1: mean node feature std = 0.351309
Layer 0: mean node feature std = 0.976730
Layer 1: mean node feature std = 0.349481
Layer 0: mean node feature std = 0.998911
Layer 1: mean node feature std = 0.357992
Layer 0: mean node feature std = 0.921532
Layer 1: mean node feature std = 0.329100
Epoch 193 | loss=1481.4604 | 1639.1216
Layer 0: mean node feature std = 0.974089
Layer 1: mean node feature std = 0.348645
Layer 0: mean node feature std = 0.990558
Layer 1: mean node feature std = 0.354874
Layer 0: mean node feature std = 0.987097
Layer 1: mean node feature std = 0.353568
Layer 0: mean node feature std = 0.988592
Layer 1: mean node feature std = 0.354209
Layer 0: mean node feature std = 1.024219
Layer 1: mean node feature std = 0.367691
Layer 0: mean node feature std = 0.982205
Layer 1: mean node feature std = 0.351908
Layer 0: mean node feature std = 0.998118
Layer 1: mean node feature std = 0.357873
Layer 0: mean node feature std = 0.973324
Layer 1: mean node feature std = 0.348635
Layer 0: mean node feature std = 0.998568
Layer 1: mean node feature std = 0.358195
Layer 0: mean node feature std = 0.999195
Layer 1: mean node feature std = 0.358595
Layer 0: mean node feature std = 1.012272
Layer 1: mean node feature std = 0.363467
Layer 0: mean node feature std = 1.026280
Layer 1: mean node feature std = 0.368909
Layer 0: mean node feature std = 1.003279
Layer 1: mean node feature std = 0.360389
Layer 0: mean node feature std = 0.965615
Layer 1: mean node feature std = 0.346253
Layer 0: mean node feature std = 1.000946
Layer 1: mean node feature std = 0.359594
Layer 0: mean node feature std = 1.047210
Layer 1: mean node feature std = 0.376940
Epoch 194 | loss=1498.0083 | 2110.7648
Layer 0: mean node feature std = 0.989750
Layer 1: mean node feature std = 0.355360
Layer 0: mean node feature std = 1.000363
Layer 1: mean node feature std = 0.359381
Layer 0: mean node feature std = 0.989248
Layer 1: mean node feature std = 0.355122
Layer 0: mean node feature std = 0.980020
Layer 1: mean node feature std = 0.351675
Layer 0: mean node feature std = 1.001810
Layer 1: mean node feature std = 0.360011
Layer 0: mean node feature std = 0.997906
Layer 1: mean node feature std = 0.358320
Layer 0: mean node feature std = 1.011136
Layer 1: mean node feature std = 0.363321
Layer 0: mean node feature std = 1.030062
Layer 1: mean node feature std = 0.370367
Layer 0: mean node feature std = 1.024008
Layer 1: mean node feature std = 0.368210
Layer 0: mean node feature std = 0.997967
Layer 1: mean node feature std = 0.358462
Layer 0: mean node feature std = 0.977425
Layer 1: mean node feature std = 0.350824
Layer 0: mean node feature std = 0.972792
Layer 1: mean node feature std = 0.349000
Layer 0: mean node feature std = 0.997469
Layer 1: mean node feature std = 0.358427
Layer 0: mean node feature std = 0.984944
Layer 1: mean node feature std = 0.353750
Layer 0: mean node feature std = 0.998577
Layer 1: mean node feature std = 0.359042
Layer 0: mean node feature std = 0.891912
Layer 1: mean node feature std = 0.319011
Epoch 195 | loss=1497.2254 | 1726.2769
Layer 0: mean node feature std = 1.006062
Layer 1: mean node feature std = 0.361967
Layer 0: mean node feature std = 1.008040
Layer 1: mean node feature std = 0.362663
Layer 0: mean node feature std = 0.977581
Layer 1: mean node feature std = 0.351072
Layer 0: mean node feature std = 1.005842
Layer 1: mean node feature std = 0.361847
Layer 0: mean node feature std = 0.995944
Layer 1: mean node feature std = 0.358384
Layer 0: mean node feature std = 0.976066
Layer 1: mean node feature std = 0.350926
Layer 0: mean node feature std = 0.988850
Layer 1: mean node feature std = 0.355778
Layer 0: mean node feature std = 1.003083
Layer 1: mean node feature std = 0.361144
Layer 0: mean node feature std = 0.961917
Layer 1: mean node feature std = 0.345635
Layer 0: mean node feature std = 0.998958
Layer 1: mean node feature std = 0.359728
Layer 0: mean node feature std = 1.012077
Layer 1: mean node feature std = 0.364535
Layer 0: mean node feature std = 0.986777
Layer 1: mean node feature std = 0.355031
Layer 0: mean node feature std = 1.021041
Layer 1: mean node feature std = 0.368128
Layer 0: mean node feature std = 1.017393
Layer 1: mean node feature std = 0.366760
Layer 0: mean node feature std = 0.975513
Layer 1: mean node feature std = 0.350930
Layer 0: mean node feature std = 0.989678
Layer 1: mean node feature std = 0.356207
Epoch 196 | loss=1518.6952 | 1635.0433
Layer 0: mean node feature std = 0.986732
Layer 1: mean node feature std = 0.355131
Layer 0: mean node feature std = 0.999213
Layer 1: mean node feature std = 0.359842
Layer 0: mean node feature std = 1.009456
Layer 1: mean node feature std = 0.364108
Layer 0: mean node feature std = 1.003229
Layer 1: mean node feature std = 0.361702
Layer 0: mean node feature std = 0.975820
Layer 1: mean node feature std = 0.351398
Layer 0: mean node feature std = 1.006212
Layer 1: mean node feature std = 0.363066
Layer 0: mean node feature std = 0.985943
Layer 1: mean node feature std = 0.355331
Layer 0: mean node feature std = 0.995246
Layer 1: mean node feature std = 0.359046
Layer 0: mean node feature std = 1.017740
Layer 1: mean node feature std = 0.367714
Layer 0: mean node feature std = 1.018548
Layer 1: mean node feature std = 0.367990
Layer 0: mean node feature std = 0.977532
Layer 1: mean node feature std = 0.352533
Layer 0: mean node feature std = 0.987190
Layer 1: mean node feature std = 0.356209
Layer 0: mean node feature std = 0.993936
Layer 1: mean node feature std = 0.358805
Layer 0: mean node feature std = 0.974406
Layer 1: mean node feature std = 0.351454
Layer 0: mean node feature std = 1.005360
Layer 1: mean node feature std = 0.363384
Layer 0: mean node feature std = 0.982120
Layer 1: mean node feature std = 0.354499
Epoch 197 | loss=1482.2248 | 1550.2606
Layer 0: mean node feature std = 1.001050
Layer 1: mean node feature std = 0.361681
Layer 0: mean node feature std = 0.994493
Layer 1: mean node feature std = 0.359276
Layer 0: mean node feature std = 0.962026
Layer 1: mean node feature std = 0.346934
Layer 0: mean node feature std = 0.985852
Layer 1: mean node feature std = 0.355959
Layer 0: mean node feature std = 0.995158
Layer 1: mean node feature std = 0.359465
Layer 0: mean node feature std = 0.993970
Layer 1: mean node feature std = 0.359092
Layer 0: mean node feature std = 0.998471
Layer 1: mean node feature std = 0.360860
Layer 0: mean node feature std = 1.008482
Layer 1: mean node feature std = 0.364615
Layer 0: mean node feature std = 1.011944
Layer 1: mean node feature std = 0.366141
Layer 0: mean node feature std = 0.988779
Layer 1: mean node feature std = 0.357428
Layer 0: mean node feature std = 0.985096
Layer 1: mean node feature std = 0.355995
Layer 0: mean node feature std = 1.023051
Layer 1: mean node feature std = 0.370623
Layer 0: mean node feature std = 0.987692
Layer 1: mean node feature std = 0.357217
Layer 0: mean node feature std = 0.993140
Layer 1: mean node feature std = 0.359171
Layer 0: mean node feature std = 0.998050
Layer 1: mean node feature std = 0.361133
Layer 0: mean node feature std = 1.031765
Layer 1: mean node feature std = 0.373852
Epoch 198 | loss=1526.3124 | 1560.2785
Layer 0: mean node feature std = 1.001724
Layer 1: mean node feature std = 0.362619
Layer 0: mean node feature std = 0.999501
Layer 1: mean node feature std = 0.361774
Layer 0: mean node feature std = 0.962160
Layer 1: mean node feature std = 0.347710
Layer 0: mean node feature std = 1.004672
Layer 1: mean node feature std = 0.363874
Layer 0: mean node feature std = 1.007331
Layer 1: mean node feature std = 0.365053
Layer 0: mean node feature std = 0.987777
Layer 1: mean node feature std = 0.357591
Layer 0: mean node feature std = 1.002841
Layer 1: mean node feature std = 0.363439
Layer 0: mean node feature std = 1.022421
Layer 1: mean node feature std = 0.370879
Layer 0: mean node feature std = 0.993092
Layer 1: mean node feature std = 0.359856
Layer 0: mean node feature std = 0.982663
Layer 1: mean node feature std = 0.355975
Layer 0: mean node feature std = 0.995559
Layer 1: mean node feature std = 0.360841
Layer 0: mean node feature std = 0.971188
Layer 1: mean node feature std = 0.351560
Layer 0: mean node feature std = 1.014145
Layer 1: mean node feature std = 0.367846
Layer 0: mean node feature std = 1.013556
Layer 1: mean node feature std = 0.367876
Layer 0: mean node feature std = 0.977659
Layer 1: mean node feature std = 0.354023
Layer 0: mean node feature std = 0.983587
Layer 1: mean node feature std = 0.356491
Epoch 199 | loss=1482.4463 | 1643.3057
Layer 0: mean node feature std = 1.017422
Layer 1: mean node feature std = 0.369383
Layer 0: mean node feature std = 0.976316
Layer 1: mean node feature std = 0.353925
Layer 0: mean node feature std = 0.962780
Layer 1: mean node feature std = 0.348780
Layer 0: mean node feature std = 1.022550
Layer 1: mean node feature std = 0.371563
Layer 0: mean node feature std = 1.014095
Layer 1: mean node feature std = 0.368370
Layer 0: mean node feature std = 0.968245
Layer 1: mean node feature std = 0.351105
Layer 0: mean node feature std = 1.002889
Layer 1: mean node feature std = 0.364182
Layer 0: mean node feature std = 0.988977
Layer 1: mean node feature std = 0.358899
Layer 0: mean node feature std = 0.984693
Layer 1: mean node feature std = 0.357303
Layer 0: mean node feature std = 0.987086
Layer 1: mean node feature std = 0.358365
Layer 0: mean node feature std = 0.984421
Layer 1: mean node feature std = 0.357249
Layer 0: mean node feature std = 0.996564
Layer 1: mean node feature std = 0.361986
Layer 0: mean node feature std = 1.014439
Layer 1: mean node feature std = 0.368809
Layer 0: mean node feature std = 1.028345
Layer 1: mean node feature std = 0.374198
Layer 0: mean node feature std = 0.980974
Layer 1: mean node feature std = 0.356135
Layer 0: mean node feature std = 1.018210
Layer 1: mean node feature std = 0.370454
Epoch 200 | loss=1543.9895 | 1592.7382
Layer 0: mean node feature std = 0.991486
Layer 1: mean node feature std = 0.360305
Layer 0: mean node feature std = 1.002246
Layer 1: mean node feature std = 0.364428
Layer 0: mean node feature std = 0.982319
Layer 1: mean node feature std = 0.356973
Layer 0: mean node feature std = 1.011083
Layer 1: mean node feature std = 0.367916
Layer 0: mean node feature std = 0.985331
Layer 1: mean node feature std = 0.358232
Layer 0: mean node feature std = 0.994843
Layer 1: mean node feature std = 0.361877
Layer 0: mean node feature std = 1.030046
Layer 1: mean node feature std = 0.375354
Layer 0: mean node feature std = 0.980465
Layer 1: mean node feature std = 0.356415
Layer 0: mean node feature std = 0.991754
Layer 1: mean node feature std = 0.360833
Layer 0: mean node feature std = 0.993295
Layer 1: mean node feature std = 0.361322
Layer 0: mean node feature std = 1.018167
Layer 1: mean node feature std = 0.370954
Layer 0: mean node feature std = 0.983591
Layer 1: mean node feature std = 0.357710
Layer 0: mean node feature std = 0.988275
Layer 1: mean node feature std = 0.359616
Layer 0: mean node feature std = 0.985108
Layer 1: mean node feature std = 0.358398
Layer 0: mean node feature std = 0.991294
Layer 1: mean node feature std = 0.360784
Layer 0: mean node feature std = 1.020839
Layer 1: mean node feature std = 0.371916
Epoch 201 | loss=1544.6820 | 1544.1457
Layer 0: mean node feature std = 0.961911
Layer 1: mean node feature std = 0.349696
Layer 0: mean node feature std = 0.996181
Layer 1: mean node feature std = 0.362976
Layer 0: mean node feature std = 1.049757
Layer 1: mean node feature std = 0.383402
Layer 0: mean node feature std = 1.010255
Layer 1: mean node feature std = 0.368475
Layer 0: mean node feature std = 1.018931
Layer 1: mean node feature std = 0.371898
Layer 0: mean node feature std = 0.976838
Layer 1: mean node feature std = 0.355860
Layer 0: mean node feature std = 0.994659
Layer 1: mean node feature std = 0.362819
Layer 0: mean node feature std = 1.005612
Layer 1: mean node feature std = 0.367120
Layer 0: mean node feature std = 1.006823
Layer 1: mean node feature std = 0.367688
Layer 0: mean node feature std = 0.994815
Layer 1: mean node feature std = 0.363191
Layer 0: mean node feature std = 0.982808
Layer 1: mean node feature std = 0.358701
Layer 0: mean node feature std = 0.970722
Layer 1: mean node feature std = 0.354163
Layer 0: mean node feature std = 0.988795
Layer 1: mean node feature std = 0.361105
Layer 0: mean node feature std = 0.974073
Layer 1: mean node feature std = 0.355292
Layer 0: mean node feature std = 1.003255
Layer 1: mean node feature std = 0.366654
Layer 0: mean node feature std = 0.988147
Layer 1: mean node feature std = 0.360909
Epoch 202 | loss=1504.6345 | 1517.1596
Layer 0: mean node feature std = 0.989092
Layer 1: mean node feature std = 0.361187
Layer 0: mean node feature std = 0.984544
Layer 1: mean node feature std = 0.359714
Layer 0: mean node feature std = 1.010851
Layer 1: mean node feature std = 0.369868
Layer 0: mean node feature std = 1.013231
Layer 1: mean node feature std = 0.370876
Layer 0: mean node feature std = 0.986057
Layer 1: mean node feature std = 0.360508
Layer 0: mean node feature std = 1.005299
Layer 1: mean node feature std = 0.367859
Layer 0: mean node feature std = 1.020018
Layer 1: mean node feature std = 0.373694
Layer 0: mean node feature std = 0.984141
Layer 1: mean node feature std = 0.359867
Layer 0: mean node feature std = 0.992045
Layer 1: mean node feature std = 0.362904
Layer 0: mean node feature std = 0.966251
Layer 1: mean node feature std = 0.353013
Layer 0: mean node feature std = 0.982905
Layer 1: mean node feature std = 0.359371
Layer 0: mean node feature std = 1.022285
Layer 1: mean node feature std = 0.374528
Layer 0: mean node feature std = 0.997495
Layer 1: mean node feature std = 0.365042
Layer 0: mean node feature std = 0.984158
Layer 1: mean node feature std = 0.359683
Layer 0: mean node feature std = 0.989483
Layer 1: mean node feature std = 0.361816
Layer 0: mean node feature std = 1.028553
Layer 1: mean node feature std = 0.376966
Epoch 203 | loss=1478.3979 | 1794.1275
Layer 0: mean node feature std = 0.989170
Layer 1: mean node feature std = 0.361796
Layer 0: mean node feature std = 0.979340
Layer 1: mean node feature std = 0.358167
Layer 0: mean node feature std = 1.000582
Layer 1: mean node feature std = 0.366489
Layer 0: mean node feature std = 0.976483
Layer 1: mean node feature std = 0.357199
Layer 0: mean node feature std = 1.000709
Layer 1: mean node feature std = 0.366754
Layer 0: mean node feature std = 1.007694
Layer 1: mean node feature std = 0.369529
Layer 0: mean node feature std = 0.993694
Layer 1: mean node feature std = 0.364212
Layer 0: mean node feature std = 1.009452
Layer 1: mean node feature std = 0.370403
Layer 0: mean node feature std = 0.960049
Layer 1: mean node feature std = 0.351532
Layer 0: mean node feature std = 1.028278
Layer 1: mean node feature std = 0.377905
Layer 0: mean node feature std = 0.992348
Layer 1: mean node feature std = 0.363967
Layer 0: mean node feature std = 1.002263
Layer 1: mean node feature std = 0.367935
Layer 0: mean node feature std = 0.965336
Layer 1: mean node feature std = 0.353812
Layer 0: mean node feature std = 1.004707
Layer 1: mean node feature std = 0.368894
Layer 0: mean node feature std = 1.011118
Layer 1: mean node feature std = 0.371452
Layer 0: mean node feature std = 1.063934
Layer 1: mean node feature std = 0.391758
Epoch 204 | loss=1463.5376 | 1594.6916
Layer 0: mean node feature std = 1.001383
Layer 1: mean node feature std = 0.367641
Layer 0: mean node feature std = 1.018837
Layer 1: mean node feature std = 0.374270
Layer 0: mean node feature std = 0.981441
Layer 1: mean node feature std = 0.359937
Layer 0: mean node feature std = 1.005780
Layer 1: mean node feature std = 0.369131
Layer 0: mean node feature std = 0.970989
Layer 1: mean node feature std = 0.355770
Layer 0: mean node feature std = 0.997421
Layer 1: mean node feature std = 0.366101
Layer 0: mean node feature std = 0.959835
Layer 1: mean node feature std = 0.351643
Layer 0: mean node feature std = 1.016134
Layer 1: mean node feature std = 0.373273
Layer 0: mean node feature std = 1.019604
Layer 1: mean node feature std = 0.374756
Layer 0: mean node feature std = 1.023712
Layer 1: mean node feature std = 0.376493
Layer 0: mean node feature std = 0.986178
Layer 1: mean node feature std = 0.362046
Layer 0: mean node feature std = 1.002885
Layer 1: mean node feature std = 0.368482
Layer 0: mean node feature std = 0.996047
Layer 1: mean node feature std = 0.366051
Layer 0: mean node feature std = 0.986978
Layer 1: mean node feature std = 0.362565
Layer 0: mean node feature std = 0.966842
Layer 1: mean node feature std = 0.354943
Layer 0: mean node feature std = 0.995437
Layer 1: mean node feature std = 0.365521
Epoch 205 | loss=1555.4843 | 1517.2764
Layer 0: mean node feature std = 0.995974
Layer 1: mean node feature std = 0.366214
Layer 0: mean node feature std = 1.027191
Layer 1: mean node feature std = 0.378113
Layer 0: mean node feature std = 0.984336
Layer 1: mean node feature std = 0.361594
Layer 0: mean node feature std = 0.959989
Layer 1: mean node feature std = 0.352265
Layer 0: mean node feature std = 1.004956
Layer 1: mean node feature std = 0.369674
Layer 0: mean node feature std = 1.004613
Layer 1: mean node feature std = 0.369472
Layer 0: mean node feature std = 0.982829
Layer 1: mean node feature std = 0.361105
Layer 0: mean node feature std = 1.002703
Layer 1: mean node feature std = 0.368854
Layer 0: mean node feature std = 1.002243
Layer 1: mean node feature std = 0.368826
Layer 0: mean node feature std = 1.003789
Layer 1: mean node feature std = 0.369500
Layer 0: mean node feature std = 1.006779
Layer 1: mean node feature std = 0.370489
Layer 0: mean node feature std = 0.976513
Layer 1: mean node feature std = 0.358940
Layer 0: mean node feature std = 0.997752
Layer 1: mean node feature std = 0.367115
Layer 0: mean node feature std = 0.988753
Layer 1: mean node feature std = 0.363692
Layer 0: mean node feature std = 0.994835
Layer 1: mean node feature std = 0.366009
Layer 0: mean node feature std = 0.999755
Layer 1: mean node feature std = 0.367638
Epoch 206 | loss=1530.5640 | 1563.2368
Layer 0: mean node feature std = 1.011911
Layer 1: mean node feature std = 0.372711
Layer 0: mean node feature std = 0.989881
Layer 1: mean node feature std = 0.364368
Layer 0: mean node feature std = 0.993757
Layer 1: mean node feature std = 0.366085
Layer 0: mean node feature std = 1.012215
Layer 1: mean node feature std = 0.373199
Layer 0: mean node feature std = 0.987985
Layer 1: mean node feature std = 0.363899
Layer 0: mean node feature std = 1.000956
Layer 1: mean node feature std = 0.369154
Layer 0: mean node feature std = 0.998187
Layer 1: mean node feature std = 0.368206
Layer 0: mean node feature std = 0.985038
Layer 1: mean node feature std = 0.363015
Layer 0: mean node feature std = 0.973401
Layer 1: mean node feature std = 0.358658
Layer 0: mean node feature std = 1.008839
Layer 1: mean node feature std = 0.372310
Layer 0: mean node feature std = 0.987753
Layer 1: mean node feature std = 0.364248
Layer 0: mean node feature std = 0.981692
Layer 1: mean node feature std = 0.361969
Layer 0: mean node feature std = 1.002289
Layer 1: mean node feature std = 0.369763
Layer 0: mean node feature std = 0.995959
Layer 1: mean node feature std = 0.367423
Layer 0: mean node feature std = 1.016907
Layer 1: mean node feature std = 0.375432
Layer 0: mean node feature std = 0.927681
Layer 1: mean node feature std = 0.341152
Epoch 207 | loss=1667.2417 | 1522.3431
Layer 0: mean node feature std = 0.994493
Layer 1: mean node feature std = 0.366845
Layer 0: mean node feature std = 0.981747
Layer 1: mean node feature std = 0.361845
Layer 0: mean node feature std = 0.994513
Layer 1: mean node feature std = 0.366912
Layer 0: mean node feature std = 0.998233
Layer 1: mean node feature std = 0.368327
Layer 0: mean node feature std = 1.028414
Layer 1: mean node feature std = 0.380166
Layer 0: mean node feature std = 0.973327
Layer 1: mean node feature std = 0.358626
Layer 0: mean node feature std = 1.013132
Layer 1: mean node feature std = 0.374198
Layer 0: mean node feature std = 1.014764
Layer 1: mean node feature std = 0.374787
Layer 0: mean node feature std = 0.972060
Layer 1: mean node feature std = 0.358279
Layer 0: mean node feature std = 1.022586
Layer 1: mean node feature std = 0.377750
Layer 0: mean node feature std = 0.981592
Layer 1: mean node feature std = 0.362165
Layer 0: mean node feature std = 0.999610
Layer 1: mean node feature std = 0.369076
Layer 0: mean node feature std = 0.988363
Layer 1: mean node feature std = 0.364834
Layer 0: mean node feature std = 0.975946
Layer 1: mean node feature std = 0.359966
Layer 0: mean node feature std = 0.987147
Layer 1: mean node feature std = 0.364283
Layer 0: mean node feature std = 1.038846
Layer 1: mean node feature std = 0.384099
Epoch 208 | loss=1558.2274 | 1713.7035
Layer 0: mean node feature std = 1.015267
Layer 1: mean node feature std = 0.375316
Layer 0: mean node feature std = 1.013053
Layer 1: mean node feature std = 0.374632
Layer 0: mean node feature std = 0.992188
Layer 1: mean node feature std = 0.366709
Layer 0: mean node feature std = 1.005127
Layer 1: mean node feature std = 0.371787
Layer 0: mean node feature std = 1.008995
Layer 1: mean node feature std = 0.373290
Layer 0: mean node feature std = 0.952369
Layer 1: mean node feature std = 0.351482
Layer 0: mean node feature std = 1.011586
Layer 1: mean node feature std = 0.374563
Layer 0: mean node feature std = 0.982356
Layer 1: mean node feature std = 0.363188
Layer 0: mean node feature std = 0.981827
Layer 1: mean node feature std = 0.363137
Layer 0: mean node feature std = 1.012786
Layer 1: mean node feature std = 0.375218
Layer 0: mean node feature std = 0.987952
Layer 1: mean node feature std = 0.365564
Layer 0: mean node feature std = 0.988307
Layer 1: mean node feature std = 0.365723
Layer 0: mean node feature std = 1.008462
Layer 1: mean node feature std = 0.373688
Layer 0: mean node feature std = 0.985862
Layer 1: mean node feature std = 0.364849
Layer 0: mean node feature std = 0.990675
Layer 1: mean node feature std = 0.366790
Layer 0: mean node feature std = 0.980793
Layer 1: mean node feature std = 0.362988
Epoch 209 | loss=1443.1423 | 1880.7758
Layer 0: mean node feature std = 0.970513
Layer 1: mean node feature std = 0.358904
Layer 0: mean node feature std = 0.988241
Layer 1: mean node feature std = 0.365845
Layer 0: mean node feature std = 1.002135
Layer 1: mean node feature std = 0.371390
Layer 0: mean node feature std = 0.988363
Layer 1: mean node feature std = 0.366125
Layer 0: mean node feature std = 0.988784
Layer 1: mean node feature std = 0.366252
Layer 0: mean node feature std = 0.991419
Layer 1: mean node feature std = 0.367448
Layer 0: mean node feature std = 0.985657
Layer 1: mean node feature std = 0.365156
Layer 0: mean node feature std = 1.013186
Layer 1: mean node feature std = 0.375873
Layer 0: mean node feature std = 1.022645
Layer 1: mean node feature std = 0.379633
Layer 0: mean node feature std = 0.995315
Layer 1: mean node feature std = 0.369004
Layer 0: mean node feature std = 0.993851
Layer 1: mean node feature std = 0.368444
Layer 0: mean node feature std = 0.981744
Layer 1: mean node feature std = 0.363761
Layer 0: mean node feature std = 1.009128
Layer 1: mean node feature std = 0.374607
Layer 0: mean node feature std = 0.992722
Layer 1: mean node feature std = 0.368201
Layer 0: mean node feature std = 1.000872
Layer 1: mean node feature std = 0.371300
Layer 0: mean node feature std = 1.046049
Layer 1: mean node feature std = 0.389133
Epoch 210 | loss=1473.8646 | 1499.7545
Layer 0: mean node feature std = 0.980005
Layer 1: mean node feature std = 0.363318
Layer 0: mean node feature std = 0.986097
Layer 1: mean node feature std = 0.365700
Layer 0: mean node feature std = 1.024136
Layer 1: mean node feature std = 0.380528
Layer 0: mean node feature std = 0.986182
Layer 1: mean node feature std = 0.365780
Layer 0: mean node feature std = 0.955936
Layer 1: mean node feature std = 0.353995
Layer 0: mean node feature std = 0.977047
Layer 1: mean node feature std = 0.362293
Layer 0: mean node feature std = 0.992070
Layer 1: mean node feature std = 0.368238
Layer 0: mean node feature std = 1.003235
Layer 1: mean node feature std = 0.372541
Layer 0: mean node feature std = 1.003777
Layer 1: mean node feature std = 0.372787
Layer 0: mean node feature std = 0.965523
Layer 1: mean node feature std = 0.357970
Layer 0: mean node feature std = 1.013380
Layer 1: mean node feature std = 0.376679
Layer 0: mean node feature std = 1.046130
Layer 1: mean node feature std = 0.389441
Layer 0: mean node feature std = 1.011742
Layer 1: mean node feature std = 0.376079
Layer 0: mean node feature std = 0.998208
Layer 1: mean node feature std = 0.370810
Layer 0: mean node feature std = 0.988580
Layer 1: mean node feature std = 0.367173
Layer 0: mean node feature std = 1.006188
Layer 1: mean node feature std = 0.374393
Epoch 211 | loss=1450.6280 | 1610.1475
Layer 0: mean node feature std = 0.966434
Layer 1: mean node feature std = 0.358593
Layer 0: mean node feature std = 1.014920
Layer 1: mean node feature std = 0.377720
Layer 0: mean node feature std = 1.019838
Layer 1: mean node feature std = 0.379480
Layer 0: mean node feature std = 0.985729
Layer 1: mean node feature std = 0.366156
Layer 0: mean node feature std = 1.012919
Layer 1: mean node feature std = 0.376801
Layer 0: mean node feature std = 1.016988
Layer 1: mean node feature std = 0.378408
Layer 0: mean node feature std = 0.992323
Layer 1: mean node feature std = 0.368834
Layer 0: mean node feature std = 0.988392
Layer 1: mean node feature std = 0.367531
Layer 0: mean node feature std = 1.001476
Layer 1: mean node feature std = 0.372518
Layer 0: mean node feature std = 0.980596
Layer 1: mean node feature std = 0.364358
Layer 0: mean node feature std = 0.966412
Layer 1: mean node feature std = 0.358950
Layer 0: mean node feature std = 0.977339
Layer 1: mean node feature std = 0.363292
Layer 0: mean node feature std = 0.978275
Layer 1: mean node feature std = 0.363895
Layer 0: mean node feature std = 1.021027
Layer 1: mean node feature std = 0.380651
Layer 0: mean node feature std = 1.007195
Layer 1: mean node feature std = 0.375235
Layer 0: mean node feature std = 1.017852
Layer 1: mean node feature std = 0.379420
Epoch 212 | loss=1430.5642 | 1785.4123
Layer 0: mean node feature std = 0.983856
Layer 1: mean node feature std = 0.366095
Layer 0: mean node feature std = 1.006964
Layer 1: mean node feature std = 0.375173
Layer 0: mean node feature std = 1.016977
Layer 1: mean node feature std = 0.378991
Layer 0: mean node feature std = 0.989379
Layer 1: mean node feature std = 0.368271
Layer 0: mean node feature std = 1.012891
Layer 1: mean node feature std = 0.377432
Layer 0: mean node feature std = 0.977954
Layer 1: mean node feature std = 0.363816
Layer 0: mean node feature std = 0.996954
Layer 1: mean node feature std = 0.371347
Layer 0: mean node feature std = 0.996416
Layer 1: mean node feature std = 0.371210
Layer 0: mean node feature std = 1.011236
Layer 1: mean node feature std = 0.377102
Layer 0: mean node feature std = 1.000090
Layer 1: mean node feature std = 0.372824
Layer 0: mean node feature std = 0.996226
Layer 1: mean node feature std = 0.371291
Layer 0: mean node feature std = 0.966078
Layer 1: mean node feature std = 0.359681
Layer 0: mean node feature std = 1.013585
Layer 1: mean node feature std = 0.378256
Layer 0: mean node feature std = 0.979944
Layer 1: mean node feature std = 0.365253
Layer 0: mean node feature std = 0.998431
Layer 1: mean node feature std = 0.372517
Layer 0: mean node feature std = 0.926555
Layer 1: mean node feature std = 0.344301
Epoch 213 | loss=1438.1728 | 1481.3209
Layer 0: mean node feature std = 0.984597
Layer 1: mean node feature std = 0.367162
Layer 0: mean node feature std = 1.013549
Layer 1: mean node feature std = 0.378633
Layer 0: mean node feature std = 0.997027
Layer 1: mean node feature std = 0.372021
Layer 0: mean node feature std = 1.000634
Layer 1: mean node feature std = 0.373537
Layer 0: mean node feature std = 1.017823
Layer 1: mean node feature std = 0.380170
Layer 0: mean node feature std = 1.007491
Layer 1: mean node feature std = 0.376238
Layer 0: mean node feature std = 1.018921
Layer 1: mean node feature std = 0.380710
Layer 0: mean node feature std = 0.960499
Layer 1: mean node feature std = 0.357865
Layer 0: mean node feature std = 0.983631
Layer 1: mean node feature std = 0.367115
Layer 0: mean node feature std = 0.971682
Layer 1: mean node feature std = 0.362353
Layer 0: mean node feature std = 0.971596
Layer 1: mean node feature std = 0.362426
Layer 0: mean node feature std = 1.003645
Layer 1: mean node feature std = 0.374920
Layer 0: mean node feature std = 1.008302
Layer 1: mean node feature std = 0.376968
Layer 0: mean node feature std = 0.983923
Layer 1: mean node feature std = 0.367408
Layer 0: mean node feature std = 1.003586
Layer 1: mean node feature std = 0.375169
Layer 0: mean node feature std = 1.033630
Layer 1: mean node feature std = 0.386904
Epoch 214 | loss=1499.1140 | 1491.8501
Layer 0: mean node feature std = 0.980110
Layer 1: mean node feature std = 0.365972
Layer 0: mean node feature std = 1.003361
Layer 1: mean node feature std = 0.375178
Layer 0: mean node feature std = 0.990865
Layer 1: mean node feature std = 0.370353
Layer 0: mean node feature std = 1.007290
Layer 1: mean node feature std = 0.376690
Layer 0: mean node feature std = 1.000145
Layer 1: mean node feature std = 0.373870
Layer 0: mean node feature std = 0.982506
Layer 1: mean node feature std = 0.367001
Layer 0: mean node feature std = 0.970066
Layer 1: mean node feature std = 0.362116
Layer 0: mean node feature std = 1.017294
Layer 1: mean node feature std = 0.380648
Layer 0: mean node feature std = 0.977641
Layer 1: mean node feature std = 0.365291
Layer 0: mean node feature std = 1.023858
Layer 1: mean node feature std = 0.383356
Layer 0: mean node feature std = 0.984235
Layer 1: mean node feature std = 0.367903
Layer 0: mean node feature std = 0.995991
Layer 1: mean node feature std = 0.372601
Layer 0: mean node feature std = 1.015100
Layer 1: mean node feature std = 0.380141
Layer 0: mean node feature std = 0.969388
Layer 1: mean node feature std = 0.362261
Layer 0: mean node feature std = 1.003922
Layer 1: mean node feature std = 0.375802
Layer 0: mean node feature std = 1.060996
Layer 1: mean node feature std = 0.398444
Epoch 215 | loss=1510.5330 | 1498.6203
Layer 0: mean node feature std = 0.975323
Layer 1: mean node feature std = 0.364850
Layer 0: mean node feature std = 0.995379
Layer 1: mean node feature std = 0.372706
Layer 0: mean node feature std = 0.992068
Layer 1: mean node feature std = 0.371465
Layer 0: mean node feature std = 1.010900
Layer 1: mean node feature std = 0.378966
Layer 0: mean node feature std = 1.000714
Layer 1: mean node feature std = 0.375022
Layer 0: mean node feature std = 1.009143
Layer 1: mean node feature std = 0.378214
Layer 0: mean node feature std = 0.987744
Layer 1: mean node feature std = 0.369839
Layer 0: mean node feature std = 1.023707
Layer 1: mean node feature std = 0.384215
Layer 0: mean node feature std = 0.967911
Layer 1: mean node feature std = 0.362348
Layer 0: mean node feature std = 1.008854
Layer 1: mean node feature std = 0.378429
Layer 0: mean node feature std = 1.042958
Layer 1: mean node feature std = 0.391929
Layer 0: mean node feature std = 0.975059
Layer 1: mean node feature std = 0.365326
Layer 0: mean node feature std = 0.993931
Layer 1: mean node feature std = 0.372717
Layer 0: mean node feature std = 0.977123
Layer 1: mean node feature std = 0.366140
Layer 0: mean node feature std = 0.970057
Layer 1: mean node feature std = 0.363542
Layer 0: mean node feature std = 1.012466
Layer 1: mean node feature std = 0.380331
Epoch 216 | loss=1478.6656 | 1478.0195
Layer 0: mean node feature std = 0.992970
Layer 1: mean node feature std = 0.372693
Layer 0: mean node feature std = 0.982583
Layer 1: mean node feature std = 0.368478
Layer 0: mean node feature std = 1.017814
Layer 1: mean node feature std = 0.382418
Layer 0: mean node feature std = 0.984895
Layer 1: mean node feature std = 0.369726
Layer 0: mean node feature std = 0.987298
Layer 1: mean node feature std = 0.370530
Layer 0: mean node feature std = 1.001574
Layer 1: mean node feature std = 0.376280
Layer 0: mean node feature std = 0.988582
Layer 1: mean node feature std = 0.371367
Layer 0: mean node feature std = 0.986956
Layer 1: mean node feature std = 0.370659
Layer 0: mean node feature std = 1.008165
Layer 1: mean node feature std = 0.378919
Layer 0: mean node feature std = 0.981791
Layer 1: mean node feature std = 0.368664
Layer 0: mean node feature std = 1.008815
Layer 1: mean node feature std = 0.379381
Layer 0: mean node feature std = 1.016418
Layer 1: mean node feature std = 0.382378
Layer 0: mean node feature std = 0.984231
Layer 1: mean node feature std = 0.369738
Layer 0: mean node feature std = 0.988144
Layer 1: mean node feature std = 0.371449
Layer 0: mean node feature std = 1.004802
Layer 1: mean node feature std = 0.378034
Layer 0: mean node feature std = 0.990253
Layer 1: mean node feature std = 0.372463
Epoch 217 | loss=1525.3307 | 2285.4476
Layer 0: mean node feature std = 1.003646
Layer 1: mean node feature std = 0.377565
Layer 0: mean node feature std = 0.989771
Layer 1: mean node feature std = 0.372121
Layer 0: mean node feature std = 0.992739
Layer 1: mean node feature std = 0.373349
Layer 0: mean node feature std = 1.029176
Layer 1: mean node feature std = 0.387734
Layer 0: mean node feature std = 0.999528
Layer 1: mean node feature std = 0.376003
Layer 0: mean node feature std = 0.991965
Layer 1: mean node feature std = 0.373117
Layer 0: mean node feature std = 1.007796
Layer 1: mean node feature std = 0.379388
Layer 0: mean node feature std = 0.969114
Layer 1: mean node feature std = 0.364103
Layer 0: mean node feature std = 0.977064
Layer 1: mean node feature std = 0.367252
Layer 0: mean node feature std = 1.014471
Layer 1: mean node feature std = 0.382046
Layer 0: mean node feature std = 0.986029
Layer 1: mean node feature std = 0.370913
Layer 0: mean node feature std = 1.003684
Layer 1: mean node feature std = 0.377946
Layer 0: mean node feature std = 1.016242
Layer 1: mean node feature std = 0.382999
Layer 0: mean node feature std = 0.959666
Layer 1: mean node feature std = 0.360779
Layer 0: mean node feature std = 0.988899
Layer 1: mean node feature std = 0.372115
Layer 0: mean node feature std = 1.018251
Layer 1: mean node feature std = 0.383434
Epoch 218 | loss=1490.9821 | 1624.3679
Layer 0: mean node feature std = 1.012798
Layer 1: mean node feature std = 0.381706
Layer 0: mean node feature std = 0.989028
Layer 1: mean node feature std = 0.372465
Layer 0: mean node feature std = 0.991933
Layer 1: mean node feature std = 0.373754
Layer 0: mean node feature std = 0.972222
Layer 1: mean node feature std = 0.365860
Layer 0: mean node feature std = 0.984305
Layer 1: mean node feature std = 0.370718
Layer 0: mean node feature std = 0.982239
Layer 1: mean node feature std = 0.369928
Layer 0: mean node feature std = 0.978883
Layer 1: mean node feature std = 0.368762
Layer 0: mean node feature std = 1.010504
Layer 1: mean node feature std = 0.381286
Layer 0: mean node feature std = 0.999214
Layer 1: mean node feature std = 0.376903
Layer 0: mean node feature std = 0.996574
Layer 1: mean node feature std = 0.375926
Layer 0: mean node feature std = 1.003921
Layer 1: mean node feature std = 0.378983
Layer 0: mean node feature std = 0.999367
Layer 1: mean node feature std = 0.377096
Layer 0: mean node feature std = 1.018568
Layer 1: mean node feature std = 0.384688
Layer 0: mean node feature std = 0.965435
Layer 1: mean node feature std = 0.363754
Layer 0: mean node feature std = 1.028085
Layer 1: mean node feature std = 0.388676
Layer 0: mean node feature std = 1.000717
Layer 1: mean node feature std = 0.377602
Epoch 219 | loss=1533.8559 | 1622.9386
Layer 0: mean node feature std = 0.976218
Layer 1: mean node feature std = 0.368166
Layer 0: mean node feature std = 0.998814
Layer 1: mean node feature std = 0.377184
Layer 0: mean node feature std = 0.982586
Layer 1: mean node feature std = 0.370959
Layer 0: mean node feature std = 1.013422
Layer 1: mean node feature std = 0.383242
Layer 0: mean node feature std = 1.030823
Layer 1: mean node feature std = 0.390121
Layer 0: mean node feature std = 0.999362
Layer 1: mean node feature std = 0.377858
Layer 0: mean node feature std = 1.001664
Layer 1: mean node feature std = 0.378792
Layer 0: mean node feature std = 0.997594
Layer 1: mean node feature std = 0.377404
Layer 0: mean node feature std = 0.977367
Layer 1: mean node feature std = 0.369262
Layer 0: mean node feature std = 0.980648
Layer 1: mean node feature std = 0.370740
Layer 0: mean node feature std = 0.978914
Layer 1: mean node feature std = 0.370053
Layer 0: mean node feature std = 0.980032
Layer 1: mean node feature std = 0.370614
Layer 0: mean node feature std = 1.010105
Layer 1: mean node feature std = 0.382516
Layer 0: mean node feature std = 0.981588
Layer 1: mean node feature std = 0.371313
Layer 0: mean node feature std = 1.024958
Layer 1: mean node feature std = 0.388667
Layer 0: mean node feature std = 0.995285
Layer 1: mean node feature std = 0.376841
Epoch 220 | loss=1451.2481 | 1497.9503
Layer 0: mean node feature std = 0.998599
Layer 1: mean node feature std = 0.378190
Layer 0: mean node feature std = 0.975792
Layer 1: mean node feature std = 0.369102
Layer 0: mean node feature std = 1.013764
Layer 1: mean node feature std = 0.384297
Layer 0: mean node feature std = 0.988606
Layer 1: mean node feature std = 0.374034
Layer 0: mean node feature std = 1.004397
Layer 1: mean node feature std = 0.380445
Layer 0: mean node feature std = 0.988934
Layer 1: mean node feature std = 0.374318
Layer 0: mean node feature std = 0.988539
Layer 1: mean node feature std = 0.374181
Layer 0: mean node feature std = 1.002896
Layer 1: mean node feature std = 0.379950
Layer 0: mean node feature std = 1.007133
Layer 1: mean node feature std = 0.381500
Layer 0: mean node feature std = 0.977173
Layer 1: mean node feature std = 0.369724
Layer 0: mean node feature std = 0.982320
Layer 1: mean node feature std = 0.371791
Layer 0: mean node feature std = 0.995281
Layer 1: mean node feature std = 0.377040
Layer 0: mean node feature std = 1.022018
Layer 1: mean node feature std = 0.387594
Layer 0: mean node feature std = 1.006281
Layer 1: mean node feature std = 0.381487
Layer 0: mean node feature std = 0.987184
Layer 1: mean node feature std = 0.374082
Layer 0: mean node feature std = 0.969562
Layer 1: mean node feature std = 0.367127
Epoch 221 | loss=1467.0943 | 1522.6274
Layer 0: mean node feature std = 0.990133
Layer 1: mean node feature std = 0.375385
Layer 0: mean node feature std = 0.986027
Layer 1: mean node feature std = 0.373766
Layer 0: mean node feature std = 0.988895
Layer 1: mean node feature std = 0.374960
Layer 0: mean node feature std = 1.036431
Layer 1: mean node feature std = 0.393788
Layer 0: mean node feature std = 0.984774
Layer 1: mean node feature std = 0.373426
Layer 0: mean node feature std = 0.989453
Layer 1: mean node feature std = 0.375141
Layer 0: mean node feature std = 0.989860
Layer 1: mean node feature std = 0.375337
Layer 0: mean node feature std = 0.975093
Layer 1: mean node feature std = 0.369420
Layer 0: mean node feature std = 0.998179
Layer 1: mean node feature std = 0.378533
Layer 0: mean node feature std = 0.958472
Layer 1: mean node feature std = 0.362855
Layer 0: mean node feature std = 0.997547
Layer 1: mean node feature std = 0.378484
Layer 0: mean node feature std = 1.008057
Layer 1: mean node feature std = 0.382737
Layer 0: mean node feature std = 1.006150
Layer 1: mean node feature std = 0.381881
Layer 0: mean node feature std = 1.024266
Layer 1: mean node feature std = 0.389331
Layer 0: mean node feature std = 0.999041
Layer 1: mean node feature std = 0.379213
Layer 0: mean node feature std = 1.004441
Layer 1: mean node feature std = 0.381333
Epoch 222 | loss=1485.8371 | 1567.6064
Layer 0: mean node feature std = 0.984080
Layer 1: mean node feature std = 0.373445
Layer 0: mean node feature std = 1.011242
Layer 1: mean node feature std = 0.384316
Layer 0: mean node feature std = 0.988421
Layer 1: mean node feature std = 0.375458
Layer 0: mean node feature std = 0.992473
Layer 1: mean node feature std = 0.377125
Layer 0: mean node feature std = 0.994919
Layer 1: mean node feature std = 0.378208
Layer 0: mean node feature std = 1.000710
Layer 1: mean node feature std = 0.380467
Layer 0: mean node feature std = 1.025825
Layer 1: mean node feature std = 0.390407
Layer 0: mean node feature std = 1.006823
Layer 1: mean node feature std = 0.382943
Layer 0: mean node feature std = 0.979290
Layer 1: mean node feature std = 0.371944
Layer 0: mean node feature std = 0.976317
Layer 1: mean node feature std = 0.370730
Layer 0: mean node feature std = 0.981700
Layer 1: mean node feature std = 0.372956
Layer 0: mean node feature std = 0.991572
Layer 1: mean node feature std = 0.376853
Layer 0: mean node feature std = 0.977479
Layer 1: mean node feature std = 0.371298
Layer 0: mean node feature std = 1.008432
Layer 1: mean node feature std = 0.383699
Layer 0: mean node feature std = 1.006605
Layer 1: mean node feature std = 0.383077
Layer 0: mean node feature std = 1.039049
Layer 1: mean node feature std = 0.395848
Epoch 223 | loss=1429.4434 | 1810.8147
Layer 0: mean node feature std = 1.020855
Layer 1: mean node feature std = 0.388576
Layer 0: mean node feature std = 0.965579
Layer 1: mean node feature std = 0.366602
Layer 0: mean node feature std = 0.981857
Layer 1: mean node feature std = 0.373125
Layer 0: mean node feature std = 0.986743
Layer 1: mean node feature std = 0.374995
Layer 0: mean node feature std = 0.981992
Layer 1: mean node feature std = 0.373179
Layer 0: mean node feature std = 0.997867
Layer 1: mean node feature std = 0.379592
Layer 0: mean node feature std = 0.999443
Layer 1: mean node feature std = 0.380203
Layer 0: mean node feature std = 0.988085
Layer 1: mean node feature std = 0.375860
Layer 0: mean node feature std = 1.009476
Layer 1: mean node feature std = 0.384556
Layer 0: mean node feature std = 1.012286
Layer 1: mean node feature std = 0.385637
Layer 0: mean node feature std = 1.000457
Layer 1: mean node feature std = 0.380985
Layer 0: mean node feature std = 1.000197
Layer 1: mean node feature std = 0.381102
Layer 0: mean node feature std = 1.000975
Layer 1: mean node feature std = 0.381422
Layer 0: mean node feature std = 1.005436
Layer 1: mean node feature std = 0.383174
Layer 0: mean node feature std = 0.995063
Layer 1: mean node feature std = 0.379138
Layer 0: mean node feature std = 0.930128
Layer 1: mean node feature std = 0.353154
Epoch 224 | loss=1459.3384 | 1468.2841
Layer 0: mean node feature std = 1.016714
Layer 1: mean node feature std = 0.387838
Layer 0: mean node feature std = 1.014524
Layer 1: mean node feature std = 0.386919
Layer 0: mean node feature std = 1.008448
Layer 1: mean node feature std = 0.384592
Layer 0: mean node feature std = 0.979508
Layer 1: mean node feature std = 0.373033
Layer 0: mean node feature std = 1.007063
Layer 1: mean node feature std = 0.383974
Layer 0: mean node feature std = 0.969141
Layer 1: mean node feature std = 0.368942
Layer 0: mean node feature std = 0.984007
Layer 1: mean node feature std = 0.374827
Layer 0: mean node feature std = 0.982127
Layer 1: mean node feature std = 0.374046
Layer 0: mean node feature std = 0.996436
Layer 1: mean node feature std = 0.379875
Layer 0: mean node feature std = 1.004192
Layer 1: mean node feature std = 0.383014
Layer 0: mean node feature std = 0.990013
Layer 1: mean node feature std = 0.377559
Layer 0: mean node feature std = 1.017476
Layer 1: mean node feature std = 0.388497
Layer 0: mean node feature std = 1.001647
Layer 1: mean node feature std = 0.382387
Layer 0: mean node feature std = 0.990967
Layer 1: mean node feature std = 0.377953
Layer 0: mean node feature std = 0.983776
Layer 1: mean node feature std = 0.375233
Layer 0: mean node feature std = 0.931586
Layer 1: mean node feature std = 0.354409
Epoch 225 | loss=1513.4480 | 2540.5204
Layer 0: mean node feature std = 1.000622
Layer 1: mean node feature std = 0.382061
Layer 0: mean node feature std = 1.014059
Layer 1: mean node feature std = 0.387630
Layer 0: mean node feature std = 0.996687
Layer 1: mean node feature std = 0.380447
Layer 0: mean node feature std = 0.987513
Layer 1: mean node feature std = 0.376963
Layer 0: mean node feature std = 0.997669
Layer 1: mean node feature std = 0.381087
Layer 0: mean node feature std = 1.003948
Layer 1: mean node feature std = 0.383488
Layer 0: mean node feature std = 0.981695
Layer 1: mean node feature std = 0.374639
Layer 0: mean node feature std = 1.009859
Layer 1: mean node feature std = 0.385742
Layer 0: mean node feature std = 0.996061
Layer 1: mean node feature std = 0.380328
Layer 0: mean node feature std = 0.986575
Layer 1: mean node feature std = 0.376624
Layer 0: mean node feature std = 0.991725
Layer 1: mean node feature std = 0.378791
Layer 0: mean node feature std = 1.018139
Layer 1: mean node feature std = 0.389354
Layer 0: mean node feature std = 1.010864
Layer 1: mean node feature std = 0.386494
Layer 0: mean node feature std = 0.974036
Layer 1: mean node feature std = 0.371861
Layer 0: mean node feature std = 0.959469
Layer 1: mean node feature std = 0.365880
Layer 0: mean node feature std = 1.022886
Layer 1: mean node feature std = 0.391610
Epoch 226 | loss=1471.0407 | 1608.1635
Layer 0: mean node feature std = 0.983000
Layer 1: mean node feature std = 0.375445
Layer 0: mean node feature std = 1.008891
Layer 1: mean node feature std = 0.385857
Layer 0: mean node feature std = 0.983080
Layer 1: mean node feature std = 0.375816
Layer 0: mean node feature std = 1.018114
Layer 1: mean node feature std = 0.389742
Layer 0: mean node feature std = 1.006861
Layer 1: mean node feature std = 0.385372
Layer 0: mean node feature std = 1.022480
Layer 1: mean node feature std = 0.391788
Layer 0: mean node feature std = 1.003336
Layer 1: mean node feature std = 0.384254
Layer 0: mean node feature std = 0.957627
Layer 1: mean node feature std = 0.365872
Layer 0: mean node feature std = 0.993508
Layer 1: mean node feature std = 0.380377
Layer 0: mean node feature std = 0.982054
Layer 1: mean node feature std = 0.375916
Layer 0: mean node feature std = 0.986894
Layer 1: mean node feature std = 0.377817
Layer 0: mean node feature std = 0.978526
Layer 1: mean node feature std = 0.374565
Layer 0: mean node feature std = 0.994470
Layer 1: mean node feature std = 0.381095
Layer 0: mean node feature std = 1.008374
Layer 1: mean node feature std = 0.386784
Layer 0: mean node feature std = 1.001788
Layer 1: mean node feature std = 0.384115
Layer 0: mean node feature std = 1.022434
Layer 1: mean node feature std = 0.392624
Epoch 227 | loss=1449.0427 | 1544.5388
Layer 0: mean node feature std = 0.949611
Layer 1: mean node feature std = 0.363108
Layer 0: mean node feature std = 1.011999
Layer 1: mean node feature std = 0.388102
Layer 0: mean node feature std = 0.995765
Layer 1: mean node feature std = 0.381681
Layer 0: mean node feature std = 1.012530
Layer 1: mean node feature std = 0.388568
Layer 0: mean node feature std = 1.006370
Layer 1: mean node feature std = 0.385891
Layer 0: mean node feature std = 1.007903
Layer 1: mean node feature std = 0.386524
Layer 0: mean node feature std = 1.003647
Layer 1: mean node feature std = 0.385004
Layer 0: mean node feature std = 0.987664
Layer 1: mean node feature std = 0.378466
Layer 0: mean node feature std = 0.990320
Layer 1: mean node feature std = 0.379635
Layer 0: mean node feature std = 1.015767
Layer 1: mean node feature std = 0.389961
Layer 0: mean node feature std = 0.982694
Layer 1: mean node feature std = 0.376731
Layer 0: mean node feature std = 1.029304
Layer 1: mean node feature std = 0.395450
Layer 0: mean node feature std = 0.997308
Layer 1: mean node feature std = 0.382840
Layer 0: mean node feature std = 0.975933
Layer 1: mean node feature std = 0.374234
Layer 0: mean node feature std = 0.971676
Layer 1: mean node feature std = 0.372499
Layer 0: mean node feature std = 0.971845
Layer 1: mean node feature std = 0.372750
Epoch 228 | loss=1423.2754 | 1748.1155
Layer 0: mean node feature std = 1.026482
Layer 1: mean node feature std = 0.394729
Layer 0: mean node feature std = 0.984223
Layer 1: mean node feature std = 0.377710
Layer 0: mean node feature std = 1.005206
Layer 1: mean node feature std = 0.386183
Layer 0: mean node feature std = 0.991190
Layer 1: mean node feature std = 0.380647
Layer 0: mean node feature std = 0.986114
Layer 1: mean node feature std = 0.378534
Layer 0: mean node feature std = 0.986666
Layer 1: mean node feature std = 0.378636
Layer 0: mean node feature std = 0.952184
Layer 1: mean node feature std = 0.364906
Layer 0: mean node feature std = 0.984719
Layer 1: mean node feature std = 0.377894
Layer 0: mean node feature std = 0.999677
Layer 1: mean node feature std = 0.383976
Layer 0: mean node feature std = 0.985413
Layer 1: mean node feature std = 0.378376
Layer 0: mean node feature std = 1.021046
Layer 1: mean node feature std = 0.392813
Layer 0: mean node feature std = 1.012971
Layer 1: mean node feature std = 0.389499
Layer 0: mean node feature std = 0.993052
Layer 1: mean node feature std = 0.381729
Layer 0: mean node feature std = 1.004102
Layer 1: mean node feature std = 0.386134
Layer 0: mean node feature std = 1.002481
Layer 1: mean node feature std = 0.385492
Layer 0: mean node feature std = 0.987650
Layer 1: mean node feature std = 0.379542
Epoch 229 | loss=1464.4182 | 1540.0155
Layer 0: mean node feature std = 1.012641
Layer 1: mean node feature std = 0.389793
Layer 0: mean node feature std = 0.991759
Layer 1: mean node feature std = 0.381597
Layer 0: mean node feature std = 0.997057
Layer 1: mean node feature std = 0.383732
Layer 0: mean node feature std = 0.973312
Layer 1: mean node feature std = 0.374310
Layer 0: mean node feature std = 1.009354
Layer 1: mean node feature std = 0.388848
Layer 0: mean node feature std = 0.989125
Layer 1: mean node feature std = 0.380746
Layer 0: mean node feature std = 0.996111
Layer 1: mean node feature std = 0.383597
Layer 0: mean node feature std = 0.987787
Layer 1: mean node feature std = 0.380171
Layer 0: mean node feature std = 1.002837
Layer 1: mean node feature std = 0.386245
Layer 0: mean node feature std = 1.000863
Layer 1: mean node feature std = 0.385584
Layer 0: mean node feature std = 0.982037
Layer 1: mean node feature std = 0.377956
Layer 0: mean node feature std = 0.983849
Layer 1: mean node feature std = 0.378852
Layer 0: mean node feature std = 0.983213
Layer 1: mean node feature std = 0.378465
Layer 0: mean node feature std = 1.023006
Layer 1: mean node feature std = 0.394711
Layer 0: mean node feature std = 0.999571
Layer 1: mean node feature std = 0.385408
Layer 0: mean node feature std = 1.003672
Layer 1: mean node feature std = 0.386788
Epoch 230 | loss=1468.9803 | 1815.9362
Layer 0: mean node feature std = 0.972588
Layer 1: mean node feature std = 0.374578
Layer 0: mean node feature std = 0.993136
Layer 1: mean node feature std = 0.382998
Layer 0: mean node feature std = 0.996414
Layer 1: mean node feature std = 0.384552
Layer 0: mean node feature std = 1.009403
Layer 1: mean node feature std = 0.389698
Layer 0: mean node feature std = 0.993317
Layer 1: mean node feature std = 0.383199
Layer 0: mean node feature std = 0.987503
Layer 1: mean node feature std = 0.380870
Layer 0: mean node feature std = 1.007392
Layer 1: mean node feature std = 0.389066
Layer 0: mean node feature std = 0.975986
Layer 1: mean node feature std = 0.376275
Layer 0: mean node feature std = 0.987249
Layer 1: mean node feature std = 0.380952
Layer 0: mean node feature std = 1.018481
Layer 1: mean node feature std = 0.393625
Layer 0: mean node feature std = 0.972569
Layer 1: mean node feature std = 0.374971
Layer 0: mean node feature std = 1.012307
Layer 1: mean node feature std = 0.391128
Layer 0: mean node feature std = 1.013775
Layer 1: mean node feature std = 0.391665
Layer 0: mean node feature std = 0.995121
Layer 1: mean node feature std = 0.384293
Layer 0: mean node feature std = 0.992103
Layer 1: mean node feature std = 0.382991
Layer 0: mean node feature std = 1.031288
Layer 1: mean node feature std = 0.398942
Epoch 231 | loss=1523.7512 | 1514.0175
Layer 0: mean node feature std = 0.986326
Layer 1: mean node feature std = 0.380927
Layer 0: mean node feature std = 0.966470
Layer 1: mean node feature std = 0.372939
Layer 0: mean node feature std = 1.019674
Layer 1: mean node feature std = 0.394573
Layer 0: mean node feature std = 0.996137
Layer 1: mean node feature std = 0.385276
Layer 0: mean node feature std = 1.013504
Layer 1: mean node feature std = 0.392453
Layer 0: mean node feature std = 1.004754
Layer 1: mean node feature std = 0.388875
Layer 0: mean node feature std = 1.001811
Layer 1: mean node feature std = 0.387818
Layer 0: mean node feature std = 0.979654
Layer 1: mean node feature std = 0.378757
Layer 0: mean node feature std = 1.019626
Layer 1: mean node feature std = 0.395161
Layer 0: mean node feature std = 0.981577
Layer 1: mean node feature std = 0.379805
Layer 0: mean node feature std = 1.006743
Layer 1: mean node feature std = 0.390033
Layer 0: mean node feature std = 0.982866
Layer 1: mean node feature std = 0.380426
Layer 0: mean node feature std = 0.983320
Layer 1: mean node feature std = 0.380640
Layer 0: mean node feature std = 0.991105
Layer 1: mean node feature std = 0.383879
Layer 0: mean node feature std = 1.003415
Layer 1: mean node feature std = 0.388844
Layer 0: mean node feature std = 0.979886
Layer 1: mean node feature std = 0.379044
Epoch 232 | loss=1418.2359 | 1895.0811
Layer 0: mean node feature std = 0.972527
Layer 1: mean node feature std = 0.376383
Layer 0: mean node feature std = 1.006645
Layer 1: mean node feature std = 0.390264
Layer 0: mean node feature std = 0.999907
Layer 1: mean node feature std = 0.387558
Layer 0: mean node feature std = 0.990669
Layer 1: mean node feature std = 0.383840
Layer 0: mean node feature std = 0.957590
Layer 1: mean node feature std = 0.370468
Layer 0: mean node feature std = 0.999985
Layer 1: mean node feature std = 0.387516
Layer 0: mean node feature std = 1.010211
Layer 1: mean node feature std = 0.391642
Layer 0: mean node feature std = 1.004956
Layer 1: mean node feature std = 0.389639
Layer 0: mean node feature std = 0.976543
Layer 1: mean node feature std = 0.378190
Layer 0: mean node feature std = 1.022590
Layer 1: mean node feature std = 0.396729
Layer 0: mean node feature std = 0.991054
Layer 1: mean node feature std = 0.383945
Layer 0: mean node feature std = 0.993407
Layer 1: mean node feature std = 0.385046
Layer 0: mean node feature std = 1.005567
Layer 1: mean node feature std = 0.390153
Layer 0: mean node feature std = 1.001679
Layer 1: mean node feature std = 0.388592
Layer 0: mean node feature std = 0.995865
Layer 1: mean node feature std = 0.386337
Layer 0: mean node feature std = 1.021430
Layer 1: mean node feature std = 0.396739
Epoch 233 | loss=1504.9005 | 1485.0961
Layer 0: mean node feature std = 1.002653
Layer 1: mean node feature std = 0.388997
Layer 0: mean node feature std = 0.990257
Layer 1: mean node feature std = 0.384121
Layer 0: mean node feature std = 0.971810
Layer 1: mean node feature std = 0.376670
Layer 0: mean node feature std = 0.996715
Layer 1: mean node feature std = 0.386835
Layer 0: mean node feature std = 0.999100
Layer 1: mean node feature std = 0.388031
Layer 0: mean node feature std = 0.985450
Layer 1: mean node feature std = 0.382510
Layer 0: mean node feature std = 0.981472
Layer 1: mean node feature std = 0.380850
Layer 0: mean node feature std = 0.990264
Layer 1: mean node feature std = 0.384588
Layer 0: mean node feature std = 0.993965
Layer 1: mean node feature std = 0.386199
Layer 0: mean node feature std = 0.993111
Layer 1: mean node feature std = 0.385820
Layer 0: mean node feature std = 1.014214
Layer 1: mean node feature std = 0.394410
Layer 0: mean node feature std = 0.978758
Layer 1: mean node feature std = 0.380039
Layer 0: mean node feature std = 1.024053
Layer 1: mean node feature std = 0.398563
Layer 0: mean node feature std = 1.003165
Layer 1: mean node feature std = 0.389949
Layer 0: mean node feature std = 1.009191
Layer 1: mean node feature std = 0.392525
Layer 0: mean node feature std = 0.994840
Layer 1: mean node feature std = 0.386622
Epoch 234 | loss=1473.1684 | 1683.7465
Layer 0: mean node feature std = 0.991735
Layer 1: mean node feature std = 0.385418
Layer 0: mean node feature std = 1.015140
Layer 1: mean node feature std = 0.395133
Layer 0: mean node feature std = 0.970432
Layer 1: mean node feature std = 0.376888
Layer 0: mean node feature std = 0.993163
Layer 1: mean node feature std = 0.386310
Layer 0: mean node feature std = 0.982739
Layer 1: mean node feature std = 0.382028
Layer 0: mean node feature std = 0.990343
Layer 1: mean node feature std = 0.385047
Layer 0: mean node feature std = 1.003326
Layer 1: mean node feature std = 0.390574
Layer 0: mean node feature std = 1.003894
Layer 1: mean node feature std = 0.390779
Layer 0: mean node feature std = 1.017418
Layer 1: mean node feature std = 0.396201
Layer 0: mean node feature std = 0.996959
Layer 1: mean node feature std = 0.388089
Layer 0: mean node feature std = 1.005467
Layer 1: mean node feature std = 0.391501
Layer 0: mean node feature std = 0.995812
Layer 1: mean node feature std = 0.387542
Layer 0: mean node feature std = 0.991554
Layer 1: mean node feature std = 0.385822
Layer 0: mean node feature std = 0.968776
Layer 1: mean node feature std = 0.376396
Layer 0: mean node feature std = 0.999362
Layer 1: mean node feature std = 0.389099
Layer 0: mean node feature std = 1.037814
Layer 1: mean node feature std = 0.404935
Epoch 235 | loss=1490.2602 | 1986.2816
Layer 0: mean node feature std = 0.993753
Layer 1: mean node feature std = 0.387026
Layer 0: mean node feature std = 1.010770
Layer 1: mean node feature std = 0.393910
Layer 0: mean node feature std = 0.990130
Layer 1: mean node feature std = 0.385453
Layer 0: mean node feature std = 0.981872
Layer 1: mean node feature std = 0.382260
Layer 0: mean node feature std = 0.997469
Layer 1: mean node feature std = 0.388593
Layer 0: mean node feature std = 0.990323
Layer 1: mean node feature std = 0.385647
Layer 0: mean node feature std = 1.011559
Layer 1: mean node feature std = 0.394366
Layer 0: mean node feature std = 1.032598
Layer 1: mean node feature std = 0.403083
Layer 0: mean node feature std = 1.001642
Layer 1: mean node feature std = 0.390421
Layer 0: mean node feature std = 0.990995
Layer 1: mean node feature std = 0.385945
Layer 0: mean node feature std = 0.983388
Layer 1: mean node feature std = 0.383133
Layer 0: mean node feature std = 0.993413
Layer 1: mean node feature std = 0.387155
Layer 0: mean node feature std = 0.993098
Layer 1: mean node feature std = 0.387114
Layer 0: mean node feature std = 0.979865
Layer 1: mean node feature std = 0.381833
Layer 0: mean node feature std = 0.976489
Layer 1: mean node feature std = 0.380367
Layer 0: mean node feature std = 1.031176
Layer 1: mean node feature std = 0.403109
Epoch 236 | loss=1417.2102 | 1615.0553
Layer 0: mean node feature std = 0.980790
Layer 1: mean node feature std = 0.382196
Layer 0: mean node feature std = 0.997934
Layer 1: mean node feature std = 0.389231
Layer 0: mean node feature std = 1.001699
Layer 1: mean node feature std = 0.390579
Layer 0: mean node feature std = 0.987476
Layer 1: mean node feature std = 0.385001
Layer 0: mean node feature std = 0.976306
Layer 1: mean node feature std = 0.380385
Layer 0: mean node feature std = 1.007825
Layer 1: mean node feature std = 0.393430
Layer 0: mean node feature std = 0.982014
Layer 1: mean node feature std = 0.382956
Layer 0: mean node feature std = 0.972713
Layer 1: mean node feature std = 0.379185
Layer 0: mean node feature std = 0.998437
Layer 1: mean node feature std = 0.389981
Layer 0: mean node feature std = 0.991268
Layer 1: mean node feature std = 0.386899
Layer 0: mean node feature std = 1.008702
Layer 1: mean node feature std = 0.394063
Layer 0: mean node feature std = 1.013593
Layer 1: mean node feature std = 0.396275
Layer 0: mean node feature std = 1.016694
Layer 1: mean node feature std = 0.397625
Layer 0: mean node feature std = 1.017300
Layer 1: mean node feature std = 0.397880
Layer 0: mean node feature std = 0.975263
Layer 1: mean node feature std = 0.380579
Layer 0: mean node feature std = 1.027723
Layer 1: mean node feature std = 0.402107
Epoch 237 | loss=1461.8480 | 1652.9466
Layer 0: mean node feature std = 0.989663
Layer 1: mean node feature std = 0.386645
Layer 0: mean node feature std = 0.982337
Layer 1: mean node feature std = 0.383738
Layer 0: mean node feature std = 1.007732
Layer 1: mean node feature std = 0.394102
Layer 0: mean node feature std = 1.024519
Layer 1: mean node feature std = 0.401016
Layer 0: mean node feature std = 0.975834
Layer 1: mean node feature std = 0.381087
Layer 0: mean node feature std = 0.999642
Layer 1: mean node feature std = 0.391032
Layer 0: mean node feature std = 0.970826
Layer 1: mean node feature std = 0.379074
Layer 0: mean node feature std = 1.023544
Layer 1: mean node feature std = 0.400887
Layer 0: mean node feature std = 0.990270
Layer 1: mean node feature std = 0.387225
Layer 0: mean node feature std = 0.975417
Layer 1: mean node feature std = 0.381181
Layer 0: mean node feature std = 1.009036
Layer 1: mean node feature std = 0.395126
Layer 0: mean node feature std = 1.007558
Layer 1: mean node feature std = 0.394445
Layer 0: mean node feature std = 1.002279
Layer 1: mean node feature std = 0.392364
Layer 0: mean node feature std = 0.998685
Layer 1: mean node feature std = 0.391029
Layer 0: mean node feature std = 0.974871
Layer 1: mean node feature std = 0.381182
Layer 0: mean node feature std = 1.005319
Layer 1: mean node feature std = 0.393877
Epoch 238 | loss=1434.1477 | 1493.9707
Layer 0: mean node feature std = 0.998810
Layer 1: mean node feature std = 0.391161
Layer 0: mean node feature std = 1.014245
Layer 1: mean node feature std = 0.397574
Layer 0: mean node feature std = 1.010094
Layer 1: mean node feature std = 0.396078
Layer 0: mean node feature std = 0.993465
Layer 1: mean node feature std = 0.389207
Layer 0: mean node feature std = 0.977386
Layer 1: mean node feature std = 0.382566
Layer 0: mean node feature std = 0.991831
Layer 1: mean node feature std = 0.388627
Layer 0: mean node feature std = 0.975933
Layer 1: mean node feature std = 0.382159
Layer 0: mean node feature std = 1.003724
Layer 1: mean node feature std = 0.393727
Layer 0: mean node feature std = 1.003143
Layer 1: mean node feature std = 0.393244
Layer 0: mean node feature std = 1.020971
Layer 1: mean node feature std = 0.400708
Layer 0: mean node feature std = 0.990078
Layer 1: mean node feature std = 0.388013
Layer 0: mean node feature std = 0.985215
Layer 1: mean node feature std = 0.386177
Layer 0: mean node feature std = 1.005671
Layer 1: mean node feature std = 0.394577
Layer 0: mean node feature std = 0.981582
Layer 1: mean node feature std = 0.384705
Layer 0: mean node feature std = 0.980158
Layer 1: mean node feature std = 0.384296
Layer 0: mean node feature std = 1.004829
Layer 1: mean node feature std = 0.394491
Epoch 239 | loss=1452.6207 | 2346.9574
Layer 0: mean node feature std = 1.034637
Layer 1: mean node feature std = 0.406718
Layer 0: mean node feature std = 0.994833
Layer 1: mean node feature std = 0.390355
Layer 0: mean node feature std = 0.988585
Layer 1: mean node feature std = 0.387986
Layer 0: mean node feature std = 1.008957
Layer 1: mean node feature std = 0.396445
Layer 0: mean node feature std = 0.980095
Layer 1: mean node feature std = 0.384484
Layer 0: mean node feature std = 0.971523
Layer 1: mean node feature std = 0.381113
Layer 0: mean node feature std = 1.001817
Layer 1: mean node feature std = 0.393736
Layer 0: mean node feature std = 1.011320
Layer 1: mean node feature std = 0.397669
Layer 0: mean node feature std = 0.975385
Layer 1: mean node feature std = 0.382955
Layer 0: mean node feature std = 0.998042
Layer 1: mean node feature std = 0.392229
Layer 0: mean node feature std = 1.000127
Layer 1: mean node feature std = 0.393198
Layer 0: mean node feature std = 1.007032
Layer 1: mean node feature std = 0.395989
Layer 0: mean node feature std = 0.979498
Layer 1: mean node feature std = 0.384817
Layer 0: mean node feature std = 1.004644
Layer 1: mean node feature std = 0.395250
Layer 0: mean node feature std = 0.975510
Layer 1: mean node feature std = 0.383038
Layer 0: mean node feature std = 1.006433
Layer 1: mean node feature std = 0.396177
Epoch 240 | loss=1454.1665 | 1535.0384
Layer 0: mean node feature std = 1.013304
Layer 1: mean node feature std = 0.398908
Layer 0: mean node feature std = 0.994848
Layer 1: mean node feature std = 0.391249
Layer 0: mean node feature std = 0.984063
Layer 1: mean node feature std = 0.386694
Layer 0: mean node feature std = 0.982976
Layer 1: mean node feature std = 0.386471
Layer 0: mean node feature std = 1.019880
Layer 1: mean node feature std = 0.401561
Layer 0: mean node feature std = 0.990691
Layer 1: mean node feature std = 0.389563
Layer 0: mean node feature std = 0.997215
Layer 1: mean node feature std = 0.392419
Layer 0: mean node feature std = 0.998797
Layer 1: mean node feature std = 0.393131
Layer 0: mean node feature std = 0.971452
Layer 1: mean node feature std = 0.381916
Layer 0: mean node feature std = 0.964030
Layer 1: mean node feature std = 0.378808
Layer 0: mean node feature std = 1.008143
Layer 1: mean node feature std = 0.397113
Layer 0: mean node feature std = 0.987728
Layer 1: mean node feature std = 0.388718
Layer 0: mean node feature std = 1.015982
Layer 1: mean node feature std = 0.400550
Layer 0: mean node feature std = 1.012447
Layer 1: mean node feature std = 0.399007
Layer 0: mean node feature std = 0.985124
Layer 1: mean node feature std = 0.387801
Layer 0: mean node feature std = 1.034825
Layer 1: mean node feature std = 0.408200
Epoch 241 | loss=1469.5361 | 1728.7165
Layer 0: mean node feature std = 1.003511
Layer 1: mean node feature std = 0.395535
Layer 0: mean node feature std = 0.975415
Layer 1: mean node feature std = 0.383928
Layer 0: mean node feature std = 1.012380
Layer 1: mean node feature std = 0.399322
Layer 0: mean node feature std = 0.983911
Layer 1: mean node feature std = 0.387628
Layer 0: mean node feature std = 0.972916
Layer 1: mean node feature std = 0.383015
Layer 0: mean node feature std = 0.978112
Layer 1: mean node feature std = 0.385214
Layer 0: mean node feature std = 1.021476
Layer 1: mean node feature std = 0.403156
Layer 0: mean node feature std = 1.006994
Layer 1: mean node feature std = 0.397145
Layer 0: mean node feature std = 1.031617
Layer 1: mean node feature std = 0.407416
Layer 0: mean node feature std = 0.975458
Layer 1: mean node feature std = 0.384207
Layer 0: mean node feature std = 0.993569
Layer 1: mean node feature std = 0.391706
Layer 0: mean node feature std = 0.988855
Layer 1: mean node feature std = 0.389826
Layer 0: mean node feature std = 0.975501
Layer 1: mean node feature std = 0.384371
Layer 0: mean node feature std = 0.995244
Layer 1: mean node feature std = 0.392600
Layer 0: mean node feature std = 1.017258
Layer 1: mean node feature std = 0.401822
Layer 0: mean node feature std = 1.005294
Layer 1: mean node feature std = 0.396785
Epoch 242 | loss=1466.6256 | 1868.5909
Layer 0: mean node feature std = 0.992290
Layer 1: mean node feature std = 0.391580
Layer 0: mean node feature std = 1.007443
Layer 1: mean node feature std = 0.397940
Layer 0: mean node feature std = 1.003549
Layer 1: mean node feature std = 0.396354
Layer 0: mean node feature std = 0.982235
Layer 1: mean node feature std = 0.387378
Layer 0: mean node feature std = 1.003375
Layer 1: mean node feature std = 0.396301
Layer 0: mean node feature std = 0.987390
Layer 1: mean node feature std = 0.389707
Layer 0: mean node feature std = 0.995492
Layer 1: mean node feature std = 0.393076
Layer 0: mean node feature std = 0.997631
Layer 1: mean node feature std = 0.393941
Layer 0: mean node feature std = 0.975060
Layer 1: mean node feature std = 0.384622
Layer 0: mean node feature std = 0.987719
Layer 1: mean node feature std = 0.390080
Layer 0: mean node feature std = 0.977555
Layer 1: mean node feature std = 0.385842
Layer 0: mean node feature std = 1.024051
Layer 1: mean node feature std = 0.405215
Layer 0: mean node feature std = 0.979412
Layer 1: mean node feature std = 0.386664
Layer 0: mean node feature std = 1.026917
Layer 1: mean node feature std = 0.406338
Layer 0: mean node feature std = 0.997774
Layer 1: mean node feature std = 0.394301
Layer 0: mean node feature std = 0.975023
Layer 1: mean node feature std = 0.384978
Epoch 243 | loss=1462.8752 | 1480.0842
Layer 0: mean node feature std = 0.986086
Layer 1: mean node feature std = 0.389643
Layer 0: mean node feature std = 1.006698
Layer 1: mean node feature std = 0.398261
Layer 0: mean node feature std = 1.017338
Layer 1: mean node feature std = 0.402622
Layer 0: mean node feature std = 0.999111
Layer 1: mean node feature std = 0.395015
Layer 0: mean node feature std = 0.985686
Layer 1: mean node feature std = 0.389694
Layer 0: mean node feature std = 0.981944
Layer 1: mean node feature std = 0.388103
Layer 0: mean node feature std = 0.989271
Layer 1: mean node feature std = 0.391246
Layer 0: mean node feature std = 1.014997
Layer 1: mean node feature std = 0.402037
Layer 0: mean node feature std = 0.988816
Layer 1: mean node feature std = 0.391161
Layer 0: mean node feature std = 0.983858
Layer 1: mean node feature std = 0.389170
Layer 0: mean node feature std = 0.985972
Layer 1: mean node feature std = 0.390033
Layer 0: mean node feature std = 1.001180
Layer 1: mean node feature std = 0.396382
Layer 0: mean node feature std = 0.993342
Layer 1: mean node feature std = 0.393027
Layer 0: mean node feature std = 1.023779
Layer 1: mean node feature std = 0.405692
Layer 0: mean node feature std = 0.980191
Layer 1: mean node feature std = 0.387663
Layer 0: mean node feature std = 0.973021
Layer 1: mean node feature std = 0.384699
Epoch 244 | loss=1423.0132 | 1714.0305
Layer 0: mean node feature std = 0.986477
Layer 1: mean node feature std = 0.390299
Layer 0: mean node feature std = 0.999687
Layer 1: mean node feature std = 0.395781
Layer 0: mean node feature std = 0.984348
Layer 1: mean node feature std = 0.389761
Layer 0: mean node feature std = 0.968654
Layer 1: mean node feature std = 0.383099
Layer 0: mean node feature std = 1.008480
Layer 1: mean node feature std = 0.399864
Layer 0: mean node feature std = 0.999453
Layer 1: mean node feature std = 0.396044
Layer 0: mean node feature std = 1.027252
Layer 1: mean node feature std = 0.407933
Layer 0: mean node feature std = 1.008196
Layer 1: mean node feature std = 0.399891
Layer 0: mean node feature std = 1.012084
Layer 1: mean node feature std = 0.401656
Layer 0: mean node feature std = 1.008821
Layer 1: mean node feature std = 0.400381
Layer 0: mean node feature std = 1.016226
Layer 1: mean node feature std = 0.403497
Layer 0: mean node feature std = 0.983872
Layer 1: mean node feature std = 0.389972
Layer 0: mean node feature std = 0.999070
Layer 1: mean node feature std = 0.396448
Layer 0: mean node feature std = 0.955782
Layer 1: mean node feature std = 0.378491
Layer 0: mean node feature std = 0.977526
Layer 1: mean node feature std = 0.387624
Layer 0: mean node feature std = 0.985500
Layer 1: mean node feature std = 0.390733
Epoch 245 | loss=1427.1268 | 1433.2851
Layer 0: mean node feature std = 1.004234
Layer 1: mean node feature std = 0.398690
Layer 0: mean node feature std = 0.976071
Layer 1: mean node feature std = 0.387013
Layer 0: mean node feature std = 1.021064
Layer 1: mean node feature std = 0.405908
Layer 0: mean node feature std = 0.995498
Layer 1: mean node feature std = 0.395116
Layer 0: mean node feature std = 0.965072
Layer 1: mean node feature std = 0.382591
Layer 0: mean node feature std = 0.989032
Layer 1: mean node feature std = 0.392511
Layer 0: mean node feature std = 0.999671
Layer 1: mean node feature std = 0.397000
Layer 0: mean node feature std = 0.986479
Layer 1: mean node feature std = 0.391644
Layer 0: mean node feature std = 0.988727
Layer 1: mean node feature std = 0.392386
Layer 0: mean node feature std = 0.967867
Layer 1: mean node feature std = 0.383859
Layer 0: mean node feature std = 1.006082
Layer 1: mean node feature std = 0.399977
Layer 0: mean node feature std = 1.036971
Layer 1: mean node feature std = 0.412945
Layer 0: mean node feature std = 1.002796
Layer 1: mean node feature std = 0.398621
Layer 0: mean node feature std = 0.998771
Layer 1: mean node feature std = 0.397094
Layer 0: mean node feature std = 0.987992
Layer 1: mean node feature std = 0.392683
Layer 0: mean node feature std = 1.036708
Layer 1: mean node feature std = 0.413227
Epoch 246 | loss=1493.3824 | 1489.8217
Layer 0: mean node feature std = 0.989566
Layer 1: mean node feature std = 0.393402
Layer 0: mean node feature std = 0.991331
Layer 1: mean node feature std = 0.394146
Layer 0: mean node feature std = 1.009802
Layer 1: mean node feature std = 0.401933
Layer 0: mean node feature std = 0.985420
Layer 1: mean node feature std = 0.391765
Layer 0: mean node feature std = 0.993800
Layer 1: mean node feature std = 0.395260
Layer 0: mean node feature std = 1.006746
Layer 1: mean node feature std = 0.400658
Layer 0: mean node feature std = 0.985998
Layer 1: mean node feature std = 0.392074
Layer 0: mean node feature std = 0.968229
Layer 1: mean node feature std = 0.384625
Layer 0: mean node feature std = 0.996652
Layer 1: mean node feature std = 0.396344
Layer 0: mean node feature std = 0.993445
Layer 1: mean node feature std = 0.395104
Layer 0: mean node feature std = 0.989742
Layer 1: mean node feature std = 0.393807
Layer 0: mean node feature std = 1.014884
Layer 1: mean node feature std = 0.404188
Layer 0: mean node feature std = 1.025784
Layer 1: mean node feature std = 0.408768
Layer 0: mean node feature std = 0.978283
Layer 1: mean node feature std = 0.389144
Layer 0: mean node feature std = 1.002198
Layer 1: mean node feature std = 0.399137
Layer 0: mean node feature std = 1.007100
Layer 1: mean node feature std = 0.400899
Epoch 247 | loss=1515.5681 | 1476.7932
Layer 0: mean node feature std = 1.008729
Layer 1: mean node feature std = 0.401982
Layer 0: mean node feature std = 0.980668
Layer 1: mean node feature std = 0.390268
Layer 0: mean node feature std = 0.955028
Layer 1: mean node feature std = 0.379571
Layer 0: mean node feature std = 1.023710
Layer 1: mean node feature std = 0.408567
Layer 0: mean node feature std = 1.001009
Layer 1: mean node feature std = 0.398946
Layer 0: mean node feature std = 1.010622
Layer 1: mean node feature std = 0.402954
Layer 0: mean node feature std = 0.975179
Layer 1: mean node feature std = 0.388324
Layer 0: mean node feature std = 1.032981
Layer 1: mean node feature std = 0.412458
Layer 0: mean node feature std = 0.991450
Layer 1: mean node feature std = 0.395160
Layer 0: mean node feature std = 1.014712
Layer 1: mean node feature std = 0.404771
Layer 0: mean node feature std = 0.991900
Layer 1: mean node feature std = 0.395361
Layer 0: mean node feature std = 0.974276
Layer 1: mean node feature std = 0.387857
Layer 0: mean node feature std = 0.995927
Layer 1: mean node feature std = 0.397030
Layer 0: mean node feature std = 0.974363
Layer 1: mean node feature std = 0.388215
Layer 0: mean node feature std = 0.990906
Layer 1: mean node feature std = 0.395057
Layer 0: mean node feature std = 1.062670
Layer 1: mean node feature std = 0.425155
Epoch 248 | loss=1456.7960 | 1512.3272
Layer 0: mean node feature std = 0.982326
Layer 1: mean node feature std = 0.391770
Layer 0: mean node feature std = 0.976623
Layer 1: mean node feature std = 0.389289
Layer 0: mean node feature std = 0.994999
Layer 1: mean node feature std = 0.397044
Layer 0: mean node feature std = 1.007220
Layer 1: mean node feature std = 0.402230
Layer 0: mean node feature std = 0.978193
Layer 1: mean node feature std = 0.390134
Layer 0: mean node feature std = 1.001485
Layer 1: mean node feature std = 0.400017
Layer 0: mean node feature std = 1.018331
Layer 1: mean node feature std = 0.407032
Layer 0: mean node feature std = 0.988902
Layer 1: mean node feature std = 0.394630
Layer 0: mean node feature std = 1.001526
Layer 1: mean node feature std = 0.400076
Layer 0: mean node feature std = 1.002537
Layer 1: mean node feature std = 0.400534
Layer 0: mean node feature std = 0.993860
Layer 1: mean node feature std = 0.397043
Layer 0: mean node feature std = 1.004978
Layer 1: mean node feature std = 0.401722
Layer 0: mean node feature std = 1.000170
Layer 1: mean node feature std = 0.399758
Layer 0: mean node feature std = 0.975992
Layer 1: mean node feature std = 0.389742
Layer 0: mean node feature std = 0.994141
Layer 1: mean node feature std = 0.397197
Layer 0: mean node feature std = 1.063610
Layer 1: mean node feature std = 0.426782
Epoch 249 | loss=1437.0074 | 1544.7545
Layer 0: mean node feature std = 1.000452
Layer 1: mean node feature std = 0.400109
Layer 0: mean node feature std = 0.984780
Layer 1: mean node feature std = 0.393445
Layer 0: mean node feature std = 0.991769
Layer 1: mean node feature std = 0.396330
Layer 0: mean node feature std = 0.943470
Layer 1: mean node feature std = 0.376254
Layer 0: mean node feature std = 0.986397
Layer 1: mean node feature std = 0.394414
Layer 0: mean node feature std = 1.011802
Layer 1: mean node feature std = 0.405085
Layer 0: mean node feature std = 0.982126
Layer 1: mean node feature std = 0.392713
Layer 0: mean node feature std = 1.011602
Layer 1: mean node feature std = 0.405150
Layer 0: mean node feature std = 0.990347
Layer 1: mean node feature std = 0.396354
Layer 0: mean node feature std = 1.014315
Layer 1: mean node feature std = 0.406495
Layer 0: mean node feature std = 1.015436
Layer 1: mean node feature std = 0.406804
Layer 0: mean node feature std = 0.997889
Layer 1: mean node feature std = 0.399631
Layer 0: mean node feature std = 1.012973
Layer 1: mean node feature std = 0.406006
Layer 0: mean node feature std = 0.989790
Layer 1: mean node feature std = 0.396218
Layer 0: mean node feature std = 0.997997
Layer 1: mean node feature std = 0.399841
Layer 0: mean node feature std = 1.010999
Layer 1: mean node feature std = 0.405330
Epoch 250 | loss=1415.8527 | 1479.0632
Layer 0: mean node feature std = 1.009294
Layer 1: mean node feature std = 0.404392
Layer 0: mean node feature std = 1.008244
Layer 1: mean node feature std = 0.404153
Layer 0: mean node feature std = 1.000972
Layer 1: mean node feature std = 0.401046
Layer 0: mean node feature std = 0.983961
Layer 1: mean node feature std = 0.393907
Layer 0: mean node feature std = 0.986245
Layer 1: mean node feature std = 0.395029
Layer 0: mean node feature std = 1.003730
Layer 1: mean node feature std = 0.402377
Layer 0: mean node feature std = 0.983292
Layer 1: mean node feature std = 0.393920
Layer 0: mean node feature std = 0.982753
Layer 1: mean node feature std = 0.393625
Layer 0: mean node feature std = 0.964894
Layer 1: mean node feature std = 0.386179
Layer 0: mean node feature std = 1.015567
Layer 1: mean node feature std = 0.407350
Layer 0: mean node feature std = 0.970611
Layer 1: mean node feature std = 0.388641
Layer 0: mean node feature std = 1.038102
Layer 1: mean node feature std = 0.417283
Layer 0: mean node feature std = 0.970367
Layer 1: mean node feature std = 0.388694
Layer 0: mean node feature std = 1.011648
Layer 1: mean node feature std = 0.406153
Layer 0: mean node feature std = 1.001446
Layer 1: mean node feature std = 0.402204
Layer 0: mean node feature std = 1.011124
Layer 1: mean node feature std = 0.405854
Epoch 251 | loss=1453.1706 | 1733.6482
Layer 0: mean node feature std = 1.020058
Layer 1: mean node feature std = 0.409948
Layer 0: mean node feature std = 1.020607
Layer 1: mean node feature std = 0.410211
Layer 0: mean node feature std = 1.026766
Layer 1: mean node feature std = 0.412850
Layer 0: mean node feature std = 0.988506
Layer 1: mean node feature std = 0.396703
Layer 0: mean node feature std = 0.988005
Layer 1: mean node feature std = 0.396358
Layer 0: mean node feature std = 0.980454
Layer 1: mean node feature std = 0.393177
Layer 0: mean node feature std = 0.982385
Layer 1: mean node feature std = 0.394121
Layer 0: mean node feature std = 1.022634
Layer 1: mean node feature std = 0.411174
Layer 0: mean node feature std = 1.006519
Layer 1: mean node feature std = 0.404166
Layer 0: mean node feature std = 0.967493
Layer 1: mean node feature std = 0.387855
Layer 0: mean node feature std = 0.960774
Layer 1: mean node feature std = 0.384899
Layer 0: mean node feature std = 0.986957
Layer 1: mean node feature std = 0.396127
Layer 0: mean node feature std = 0.995915
Layer 1: mean node feature std = 0.400060
Layer 0: mean node feature std = 1.008390
Layer 1: mean node feature std = 0.405275
Layer 0: mean node feature std = 0.987836
Layer 1: mean node feature std = 0.396744
Layer 0: mean node feature std = 0.946186
Layer 1: mean node feature std = 0.378994
Epoch 252 | loss=1414.4782 | 1899.7260
Layer 0: mean node feature std = 0.975124
Layer 1: mean node feature std = 0.391295
Layer 0: mean node feature std = 1.036307
Layer 1: mean node feature std = 0.417456
Layer 0: mean node feature std = 0.983152
Layer 1: mean node feature std = 0.394793
Layer 0: mean node feature std = 0.978093
Layer 1: mean node feature std = 0.392849
Layer 0: mean node feature std = 1.005316
Layer 1: mean node feature std = 0.404344
Layer 0: mean node feature std = 1.006644
Layer 1: mean node feature std = 0.404972
Layer 0: mean node feature std = 0.989419
Layer 1: mean node feature std = 0.397681
Layer 0: mean node feature std = 1.009491
Layer 1: mean node feature std = 0.406301
Layer 0: mean node feature std = 1.000102
Layer 1: mean node feature std = 0.402397
Layer 0: mean node feature std = 0.968634
Layer 1: mean node feature std = 0.389132
Layer 0: mean node feature std = 0.998471
Layer 1: mean node feature std = 0.401692
Layer 0: mean node feature std = 0.983832
Layer 1: mean node feature std = 0.395617
Layer 0: mean node feature std = 0.986353
Layer 1: mean node feature std = 0.396605
Layer 0: mean node feature std = 1.011689
Layer 1: mean node feature std = 0.407466
Layer 0: mean node feature std = 0.995217
Layer 1: mean node feature std = 0.400486
Layer 0: mean node feature std = 1.028615
Layer 1: mean node feature std = 0.414755
Epoch 253 | loss=1441.8871 | 1456.4154
Layer 0: mean node feature std = 0.999862
Layer 1: mean node feature std = 0.402539
Layer 0: mean node feature std = 1.006830
Layer 1: mean node feature std = 0.405547
Layer 0: mean node feature std = 0.995896
Layer 1: mean node feature std = 0.400982
Layer 0: mean node feature std = 0.999764
Layer 1: mean node feature std = 0.402601
Layer 0: mean node feature std = 0.999063
Layer 1: mean node feature std = 0.402361
Layer 0: mean node feature std = 0.994958
Layer 1: mean node feature std = 0.400617
Layer 0: mean node feature std = 0.991814
Layer 1: mean node feature std = 0.399458
Layer 0: mean node feature std = 1.007777
Layer 1: mean node feature std = 0.406299
Layer 0: mean node feature std = 0.991079
Layer 1: mean node feature std = 0.399402
Layer 0: mean node feature std = 1.003862
Layer 1: mean node feature std = 0.404992
Layer 0: mean node feature std = 1.025548
Layer 1: mean node feature std = 0.414196
Layer 0: mean node feature std = 0.963521
Layer 1: mean node feature std = 0.387813
Layer 0: mean node feature std = 0.984774
Layer 1: mean node feature std = 0.397018
Layer 0: mean node feature std = 0.972274
Layer 1: mean node feature std = 0.391734
Layer 0: mean node feature std = 1.009422
Layer 1: mean node feature std = 0.407473
Layer 0: mean node feature std = 0.929417
Layer 1: mean node feature std = 0.373827
Epoch 254 | loss=1427.3188 | 1649.9266
Layer 0: mean node feature std = 0.999499
Layer 1: mean node feature std = 0.403424
Layer 0: mean node feature std = 0.980613
Layer 1: mean node feature std = 0.395347
Layer 0: mean node feature std = 1.020621
Layer 1: mean node feature std = 0.412439
Layer 0: mean node feature std = 1.025083
Layer 1: mean node feature std = 0.414512
Layer 0: mean node feature std = 0.981729
Layer 1: mean node feature std = 0.395981
Layer 0: mean node feature std = 0.998723
Layer 1: mean node feature std = 0.403231
Layer 0: mean node feature std = 0.989030
Layer 1: mean node feature std = 0.399224
Layer 0: mean node feature std = 0.988134
Layer 1: mean node feature std = 0.398959
Layer 0: mean node feature std = 1.007744
Layer 1: mean node feature std = 0.407338
Layer 0: mean node feature std = 1.000918
Layer 1: mean node feature std = 0.404496
Layer 0: mean node feature std = 0.991054
Layer 1: mean node feature std = 0.400393
Layer 0: mean node feature std = 0.990096
Layer 1: mean node feature std = 0.399994
Layer 0: mean node feature std = 0.964121
Layer 1: mean node feature std = 0.389039
Layer 0: mean node feature std = 1.031410
Layer 1: mean node feature std = 0.417867
Layer 0: mean node feature std = 0.974846
Layer 1: mean node feature std = 0.393852
Layer 0: mean node feature std = 0.944481
Layer 1: mean node feature std = 0.381041
Epoch 255 | loss=1439.2069 | 1545.3988
Layer 0: mean node feature std = 0.978020
Layer 1: mean node feature std = 0.395196
Layer 0: mean node feature std = 1.015405
Layer 1: mean node feature std = 0.411112
Layer 0: mean node feature std = 0.959081
Layer 1: mean node feature std = 0.387107
Layer 0: mean node feature std = 0.989782
Layer 1: mean node feature std = 0.400199
Layer 0: mean node feature std = 1.027416
Layer 1: mean node feature std = 0.416384
Layer 0: mean node feature std = 0.999349
Layer 1: mean node feature std = 0.404611
Layer 0: mean node feature std = 0.980425
Layer 1: mean node feature std = 0.396395
Layer 0: mean node feature std = 0.971196
Layer 1: mean node feature std = 0.392566
Layer 0: mean node feature std = 0.992825
Layer 1: mean node feature std = 0.401793
Layer 0: mean node feature std = 1.015974
Layer 1: mean node feature std = 0.411803
Layer 0: mean node feature std = 1.000703
Layer 1: mean node feature std = 0.405252
Layer 0: mean node feature std = 0.993575
Layer 1: mean node feature std = 0.402308
Layer 0: mean node feature std = 0.999435
Layer 1: mean node feature std = 0.404821
Layer 0: mean node feature std = 1.019889
Layer 1: mean node feature std = 0.413603
Layer 0: mean node feature std = 0.992019
Layer 1: mean node feature std = 0.401783
Layer 0: mean node feature std = 0.989942
Layer 1: mean node feature std = 0.400888
Epoch 256 | loss=1424.5947 | 1453.6904
Layer 0: mean node feature std = 1.020083
Layer 1: mean node feature std = 0.413735
Layer 0: mean node feature std = 0.992571
Layer 1: mean node feature std = 0.402175
Layer 0: mean node feature std = 1.014786
Layer 1: mean node feature std = 0.411652
Layer 0: mean node feature std = 0.973028
Layer 1: mean node feature std = 0.393728
Layer 0: mean node feature std = 1.006428
Layer 1: mean node feature std = 0.407904
Layer 0: mean node feature std = 0.987068
Layer 1: mean node feature std = 0.399887
Layer 0: mean node feature std = 0.975980
Layer 1: mean node feature std = 0.395038
Layer 0: mean node feature std = 1.014079
Layer 1: mean node feature std = 0.411562
Layer 0: mean node feature std = 0.979102
Layer 1: mean node feature std = 0.396597
Layer 0: mean node feature std = 0.990489
Layer 1: mean node feature std = 0.401571
Layer 0: mean node feature std = 0.999934
Layer 1: mean node feature std = 0.405670
Layer 0: mean node feature std = 0.992587
Layer 1: mean node feature std = 0.402611
Layer 0: mean node feature std = 1.010300
Layer 1: mean node feature std = 0.410260
Layer 0: mean node feature std = 1.008877
Layer 1: mean node feature std = 0.409641
Layer 0: mean node feature std = 0.970408
Layer 1: mean node feature std = 0.393345
Layer 0: mean node feature std = 0.986605
Layer 1: mean node feature std = 0.400358
Epoch 257 | loss=1515.0176 | 1760.6579
Layer 0: mean node feature std = 1.003073
Layer 1: mean node feature std = 0.407303
Layer 0: mean node feature std = 0.999222
Layer 1: mean node feature std = 0.405779
Layer 0: mean node feature std = 1.024808
Layer 1: mean node feature std = 0.416565
Layer 0: mean node feature std = 0.982619
Layer 1: mean node feature std = 0.398585
Layer 0: mean node feature std = 0.988337
Layer 1: mean node feature std = 0.401306
Layer 0: mean node feature std = 0.986187
Layer 1: mean node feature std = 0.400271
Layer 0: mean node feature std = 0.988733
Layer 1: mean node feature std = 0.401358
Layer 0: mean node feature std = 0.975677
Layer 1: mean node feature std = 0.395914
Layer 0: mean node feature std = 0.999001
Layer 1: mean node feature std = 0.405803
Layer 0: mean node feature std = 0.998825
Layer 1: mean node feature std = 0.405799
Layer 0: mean node feature std = 1.006600
Layer 1: mean node feature std = 0.409188
Layer 0: mean node feature std = 0.985638
Layer 1: mean node feature std = 0.400250
Layer 0: mean node feature std = 0.993592
Layer 1: mean node feature std = 0.403586
Layer 0: mean node feature std = 0.969000
Layer 1: mean node feature std = 0.392960
Layer 0: mean node feature std = 1.031524
Layer 1: mean node feature std = 0.420079
Layer 0: mean node feature std = 1.001992
Layer 1: mean node feature std = 0.407439
Epoch 258 | loss=1493.3605 | 1476.6332
Layer 0: mean node feature std = 0.986576
Layer 1: mean node feature std = 0.400827
Layer 0: mean node feature std = 0.983681
Layer 1: mean node feature std = 0.399643
Layer 0: mean node feature std = 0.998835
Layer 1: mean node feature std = 0.406098
Layer 0: mean node feature std = 1.001820
Layer 1: mean node feature std = 0.407583
Layer 0: mean node feature std = 0.992053
Layer 1: mean node feature std = 0.403312
Layer 0: mean node feature std = 1.002353
Layer 1: mean node feature std = 0.407901
Layer 0: mean node feature std = 0.987193
Layer 1: mean node feature std = 0.401355
Layer 0: mean node feature std = 1.000940
Layer 1: mean node feature std = 0.407320
Layer 0: mean node feature std = 1.014251
Layer 1: mean node feature std = 0.412772
Layer 0: mean node feature std = 0.990091
Layer 1: mean node feature std = 0.402683
Layer 0: mean node feature std = 0.990431
Layer 1: mean node feature std = 0.402959
Layer 0: mean node feature std = 0.956346
Layer 1: mean node feature std = 0.388440
Layer 0: mean node feature std = 1.014420
Layer 1: mean node feature std = 0.413238
Layer 0: mean node feature std = 1.012117
Layer 1: mean node feature std = 0.412328
Layer 0: mean node feature std = 1.014516
Layer 1: mean node feature std = 0.413348
Layer 0: mean node feature std = 0.933808
Layer 1: mean node feature std = 0.379168
Epoch 259 | loss=1507.7110 | 1464.2328
Layer 0: mean node feature std = 0.967936
Layer 1: mean node feature std = 0.393590
Layer 0: mean node feature std = 0.996235
Layer 1: mean node feature std = 0.405584
Layer 0: mean node feature std = 0.985840
Layer 1: mean node feature std = 0.401059
Layer 0: mean node feature std = 0.995242
Layer 1: mean node feature std = 0.405344
Layer 0: mean node feature std = 0.983589
Layer 1: mean node feature std = 0.400273
Layer 0: mean node feature std = 1.006616
Layer 1: mean node feature std = 0.410277
Layer 0: mean node feature std = 0.978912
Layer 1: mean node feature std = 0.398435
Layer 0: mean node feature std = 0.988083
Layer 1: mean node feature std = 0.402503
Layer 0: mean node feature std = 1.004835
Layer 1: mean node feature std = 0.409590
Layer 0: mean node feature std = 1.004591
Layer 1: mean node feature std = 0.409712
Layer 0: mean node feature std = 0.990996
Layer 1: mean node feature std = 0.403798
Layer 0: mean node feature std = 1.029899
Layer 1: mean node feature std = 0.420610
Layer 0: mean node feature std = 1.018107
Layer 1: mean node feature std = 0.415622
Layer 0: mean node feature std = 0.971628
Layer 1: mean node feature std = 0.395878
Layer 0: mean node feature std = 1.007995
Layer 1: mean node feature std = 0.411401
Layer 0: mean node feature std = 1.014434
Layer 1: mean node feature std = 0.414366
Epoch 260 | loss=1452.9186 | 1535.6024
Layer 0: mean node feature std = 0.972592
Layer 1: mean node feature std = 0.396382
Layer 0: mean node feature std = 0.986743
Layer 1: mean node feature std = 0.402317
Layer 0: mean node feature std = 0.996476
Layer 1: mean node feature std = 0.406494
Layer 0: mean node feature std = 0.990431
Layer 1: mean node feature std = 0.404096
Layer 0: mean node feature std = 0.985692
Layer 1: mean node feature std = 0.401971
Layer 0: mean node feature std = 0.975671
Layer 1: mean node feature std = 0.397961
Layer 0: mean node feature std = 0.960661
Layer 1: mean node feature std = 0.391485
Layer 0: mean node feature std = 0.987237
Layer 1: mean node feature std = 0.402877
Layer 0: mean node feature std = 1.014102
Layer 1: mean node feature std = 0.414560
Layer 0: mean node feature std = 1.021302
Layer 1: mean node feature std = 0.417534
Layer 0: mean node feature std = 1.028642
Layer 1: mean node feature std = 0.420622
Layer 0: mean node feature std = 1.005362
Layer 1: mean node feature std = 0.410653
Layer 0: mean node feature std = 1.001050
Layer 1: mean node feature std = 0.408988
Layer 0: mean node feature std = 0.996798
Layer 1: mean node feature std = 0.407143
Layer 0: mean node feature std = 0.999264
Layer 1: mean node feature std = 0.408221
Layer 0: mean node feature std = 1.059665
Layer 1: mean node feature std = 0.434346
Epoch 261 | loss=1471.2201 | 1981.8922
Layer 0: mean node feature std = 0.991602
Layer 1: mean node feature std = 0.405069
Layer 0: mean node feature std = 0.981139
Layer 1: mean node feature std = 0.400688
Layer 0: mean node feature std = 0.996004
Layer 1: mean node feature std = 0.407148
Layer 0: mean node feature std = 0.982306
Layer 1: mean node feature std = 0.401237
Layer 0: mean node feature std = 0.986669
Layer 1: mean node feature std = 0.403333
Layer 0: mean node feature std = 1.005662
Layer 1: mean node feature std = 0.411477
Layer 0: mean node feature std = 0.964049
Layer 1: mean node feature std = 0.393690
Layer 0: mean node feature std = 0.990612
Layer 1: mean node feature std = 0.405162
Layer 0: mean node feature std = 0.992681
Layer 1: mean node feature std = 0.406179
Layer 0: mean node feature std = 1.016084
Layer 1: mean node feature std = 0.416234
Layer 0: mean node feature std = 0.999298
Layer 1: mean node feature std = 0.409157
Layer 0: mean node feature std = 1.021447
Layer 1: mean node feature std = 0.418913
Layer 0: mean node feature std = 1.014692
Layer 1: mean node feature std = 0.415643
Layer 0: mean node feature std = 0.991176
Layer 1: mean node feature std = 0.405753
Layer 0: mean node feature std = 1.003657
Layer 1: mean node feature std = 0.411183
Layer 0: mean node feature std = 0.979370
Layer 1: mean node feature std = 0.400747
Epoch 262 | loss=1456.3004 | 1588.1005
Layer 0: mean node feature std = 0.993791
Layer 1: mean node feature std = 0.406948
Layer 0: mean node feature std = 1.025798
Layer 1: mean node feature std = 0.420802
Layer 0: mean node feature std = 0.964260
Layer 1: mean node feature std = 0.394452
Layer 0: mean node feature std = 0.959295
Layer 1: mean node feature std = 0.392252
Layer 0: mean node feature std = 0.997930
Layer 1: mean node feature std = 0.408978
Layer 0: mean node feature std = 0.972023
Layer 1: mean node feature std = 0.397575
Layer 0: mean node feature std = 1.011425
Layer 1: mean node feature std = 0.414963
Layer 0: mean node feature std = 0.998760
Layer 1: mean node feature std = 0.409489
Layer 0: mean node feature std = 0.996454
Layer 1: mean node feature std = 0.408706
Layer 0: mean node feature std = 1.000585
Layer 1: mean node feature std = 0.410402
Layer 0: mean node feature std = 1.024472
Layer 1: mean node feature std = 0.420612
Layer 0: mean node feature std = 1.004738
Layer 1: mean node feature std = 0.412310
Layer 0: mean node feature std = 0.983885
Layer 1: mean node feature std = 0.403337
Layer 0: mean node feature std = 0.996244
Layer 1: mean node feature std = 0.408848
Layer 0: mean node feature std = 1.006833
Layer 1: mean node feature std = 0.413149
Layer 0: mean node feature std = 0.982493
Layer 1: mean node feature std = 0.402639
Epoch 263 | loss=1413.3348 | 1884.4446
Layer 0: mean node feature std = 0.989788
Layer 1: mean node feature std = 0.405950
Layer 0: mean node feature std = 0.994940
Layer 1: mean node feature std = 0.408167
Layer 0: mean node feature std = 1.009806
Layer 1: mean node feature std = 0.414623
Layer 0: mean node feature std = 1.020489
Layer 1: mean node feature std = 0.419293
Layer 0: mean node feature std = 1.003545
Layer 1: mean node feature std = 0.411978
Layer 0: mean node feature std = 0.997172
Layer 1: mean node feature std = 0.409422
Layer 0: mean node feature std = 1.022083
Layer 1: mean node feature std = 0.419954
Layer 0: mean node feature std = 0.987152
Layer 1: mean node feature std = 0.405216
Layer 0: mean node feature std = 0.991315
Layer 1: mean node feature std = 0.406897
Layer 0: mean node feature std = 0.989564
Layer 1: mean node feature std = 0.406444
Layer 0: mean node feature std = 0.984861
Layer 1: mean node feature std = 0.404438
Layer 0: mean node feature std = 0.980355
Layer 1: mean node feature std = 0.402465
Layer 0: mean node feature std = 0.978595
Layer 1: mean node feature std = 0.401850
Layer 0: mean node feature std = 0.980148
Layer 1: mean node feature std = 0.402495
Layer 0: mean node feature std = 1.003854
Layer 1: mean node feature std = 0.412725
Layer 0: mean node feature std = 0.997561
Layer 1: mean node feature std = 0.409978
Epoch 264 | loss=1404.2870 | 1478.6986
Layer 0: mean node feature std = 1.008242
Layer 1: mean node feature std = 0.414933
Layer 0: mean node feature std = 0.967391
Layer 1: mean node feature std = 0.397223
Layer 0: mean node feature std = 0.981533
Layer 1: mean node feature std = 0.403495
Layer 0: mean node feature std = 0.979760
Layer 1: mean node feature std = 0.402566
Layer 0: mean node feature std = 1.016655
Layer 1: mean node feature std = 0.418469
Layer 0: mean node feature std = 1.009074
Layer 1: mean node feature std = 0.415234
Layer 0: mean node feature std = 0.990152
Layer 1: mean node feature std = 0.407136
Layer 0: mean node feature std = 1.001940
Layer 1: mean node feature std = 0.412473
Layer 0: mean node feature std = 0.988346
Layer 1: mean node feature std = 0.406596
Layer 0: mean node feature std = 0.988622
Layer 1: mean node feature std = 0.406772
Layer 0: mean node feature std = 1.027573
Layer 1: mean node feature std = 0.423578
Layer 0: mean node feature std = 0.966371
Layer 1: mean node feature std = 0.397100
Layer 0: mean node feature std = 1.012042
Layer 1: mean node feature std = 0.417226
Layer 0: mean node feature std = 0.976618
Layer 1: mean node feature std = 0.401890
Layer 0: mean node feature std = 1.003394
Layer 1: mean node feature std = 0.413515
Layer 0: mean node feature std = 1.082642
Layer 1: mean node feature std = 0.448143
Epoch 265 | loss=1454.9773 | 2380.4223
Layer 0: mean node feature std = 0.981530
Layer 1: mean node feature std = 0.404139
Layer 0: mean node feature std = 1.000982
Layer 1: mean node feature std = 0.412610
Layer 0: mean node feature std = 1.000062
Layer 1: mean node feature std = 0.412279
Layer 0: mean node feature std = 1.018521
Layer 1: mean node feature std = 0.420256
Layer 0: mean node feature std = 0.978807
Layer 1: mean node feature std = 0.402913
Layer 0: mean node feature std = 1.024777
Layer 1: mean node feature std = 0.422921
Layer 0: mean node feature std = 0.956121
Layer 1: mean node feature std = 0.393192
Layer 0: mean node feature std = 1.009900
Layer 1: mean node feature std = 0.416409
Layer 0: mean node feature std = 0.980897
Layer 1: mean node feature std = 0.403946
Layer 0: mean node feature std = 0.978741
Layer 1: mean node feature std = 0.403108
Layer 0: mean node feature std = 0.980002
Layer 1: mean node feature std = 0.403777
Layer 0: mean node feature std = 1.007735
Layer 1: mean node feature std = 0.415656
Layer 0: mean node feature std = 1.005291
Layer 1: mean node feature std = 0.414768
Layer 0: mean node feature std = 1.027573
Layer 1: mean node feature std = 0.424388
Layer 0: mean node feature std = 0.988083
Layer 1: mean node feature std = 0.407178
Layer 0: mean node feature std = 0.969001
Layer 1: mean node feature std = 0.399345
Epoch 266 | loss=1506.9700 | 1770.9253
Layer 0: mean node feature std = 0.982618
Layer 1: mean node feature std = 0.404861
Layer 0: mean node feature std = 0.975640
Layer 1: mean node feature std = 0.402054
Layer 0: mean node feature std = 0.995840
Layer 1: mean node feature std = 0.410967
Layer 0: mean node feature std = 0.996808
Layer 1: mean node feature std = 0.411389
Layer 0: mean node feature std = 0.973350
Layer 1: mean node feature std = 0.401279
Layer 0: mean node feature std = 0.992265
Layer 1: mean node feature std = 0.409310
Layer 0: mean node feature std = 0.997700
Layer 1: mean node feature std = 0.411622
Layer 0: mean node feature std = 0.979029
Layer 1: mean node feature std = 0.403599
Layer 0: mean node feature std = 0.990657
Layer 1: mean node feature std = 0.408626
Layer 0: mean node feature std = 0.998235
Layer 1: mean node feature std = 0.411911
Layer 0: mean node feature std = 1.003717
Layer 1: mean node feature std = 0.414344
Layer 0: mean node feature std = 1.015309
Layer 1: mean node feature std = 0.419473
Layer 0: mean node feature std = 1.007592
Layer 1: mean node feature std = 0.416000
Layer 0: mean node feature std = 1.015419
Layer 1: mean node feature std = 0.419519
Layer 0: mean node feature std = 1.017085
Layer 1: mean node feature std = 0.420153
Layer 0: mean node feature std = 0.957054
Layer 1: mean node feature std = 0.394315
Epoch 267 | loss=1441.1211 | 1459.9786
Layer 0: mean node feature std = 0.993689
Layer 1: mean node feature std = 0.410215
Layer 0: mean node feature std = 1.006035
Layer 1: mean node feature std = 0.415782
Layer 0: mean node feature std = 0.971535
Layer 1: mean node feature std = 0.400781
Layer 0: mean node feature std = 1.006514
Layer 1: mean node feature std = 0.416050
Layer 0: mean node feature std = 0.986112
Layer 1: mean node feature std = 0.407319
Layer 0: mean node feature std = 0.997235
Layer 1: mean node feature std = 0.412247
Layer 0: mean node feature std = 0.982882
Layer 1: mean node feature std = 0.406168
Layer 0: mean node feature std = 0.996808
Layer 1: mean node feature std = 0.412260
Layer 0: mean node feature std = 1.005046
Layer 1: mean node feature std = 0.415775
Layer 0: mean node feature std = 0.997149
Layer 1: mean node feature std = 0.412459
Layer 0: mean node feature std = 0.963799
Layer 1: mean node feature std = 0.398083
Layer 0: mean node feature std = 0.993036
Layer 1: mean node feature std = 0.410920
Layer 0: mean node feature std = 1.007045
Layer 1: mean node feature std = 0.417011
Layer 0: mean node feature std = 1.007209
Layer 1: mean node feature std = 0.417234
Layer 0: mean node feature std = 1.020016
Layer 1: mean node feature std = 0.422564
Layer 0: mean node feature std = 0.995194
Layer 1: mean node feature std = 0.411809
Epoch 268 | loss=1451.5097 | 2211.3267
Layer 0: mean node feature std = 0.968717
Layer 1: mean node feature std = 0.400454
Layer 0: mean node feature std = 1.004053
Layer 1: mean node feature std = 0.415928
Layer 0: mean node feature std = 0.984914
Layer 1: mean node feature std = 0.407461
Layer 0: mean node feature std = 0.996901
Layer 1: mean node feature std = 0.412894
Layer 0: mean node feature std = 1.013329
Layer 1: mean node feature std = 0.420179
Layer 0: mean node feature std = 0.997595
Layer 1: mean node feature std = 0.413200
Layer 0: mean node feature std = 1.017047
Layer 1: mean node feature std = 0.421737
Layer 0: mean node feature std = 0.998116
Layer 1: mean node feature std = 0.413489
Layer 0: mean node feature std = 1.024466
Layer 1: mean node feature std = 0.425019
Layer 0: mean node feature std = 0.972475
Layer 1: mean node feature std = 0.402400
Layer 0: mean node feature std = 1.007451
Layer 1: mean node feature std = 0.417817
Layer 0: mean node feature std = 0.993512
Layer 1: mean node feature std = 0.411724
Layer 0: mean node feature std = 0.959865
Layer 1: mean node feature std = 0.397052
Layer 0: mean node feature std = 0.999195
Layer 1: mean node feature std = 0.414189
Layer 0: mean node feature std = 1.002249
Layer 1: mean node feature std = 0.415581
Layer 0: mean node feature std = 0.964404
Layer 1: mean node feature std = 0.399000
Epoch 269 | loss=1411.3194 | 1545.7919
Layer 0: mean node feature std = 0.985646
Layer 1: mean node feature std = 0.408527
Layer 0: mean node feature std = 1.008917
Layer 1: mean node feature std = 0.418705
Layer 0: mean node feature std = 0.992202
Layer 1: mean node feature std = 0.411541
Layer 0: mean node feature std = 1.009234
Layer 1: mean node feature std = 0.418751
Layer 0: mean node feature std = 0.984453
Layer 1: mean node feature std = 0.408255
Layer 0: mean node feature std = 0.990929
Layer 1: mean node feature std = 0.411107
Layer 0: mean node feature std = 0.993003
Layer 1: mean node feature std = 0.411931
Layer 0: mean node feature std = 0.966448
Layer 1: mean node feature std = 0.400383
Layer 0: mean node feature std = 1.011146
Layer 1: mean node feature std = 0.419926
Layer 0: mean node feature std = 0.990520
Layer 1: mean node feature std = 0.410990
Layer 0: mean node feature std = 0.988102
Layer 1: mean node feature std = 0.409907
Layer 0: mean node feature std = 0.993554
Layer 1: mean node feature std = 0.412265
Layer 0: mean node feature std = 1.023054
Layer 1: mean node feature std = 0.425284
Layer 0: mean node feature std = 0.983013
Layer 1: mean node feature std = 0.407915
Layer 0: mean node feature std = 1.012397
Layer 1: mean node feature std = 0.420741
Layer 0: mean node feature std = 1.003160
Layer 1: mean node feature std = 0.416813
Epoch 270 | loss=1415.1421 | 1448.2551
Layer 0: mean node feature std = 0.984796
Layer 1: mean node feature std = 0.408836
Layer 0: mean node feature std = 1.008570
Layer 1: mean node feature std = 0.419435
Layer 0: mean node feature std = 0.949910
Layer 1: mean node feature std = 0.393843
Layer 0: mean node feature std = 0.988905
Layer 1: mean node feature std = 0.410981
Layer 0: mean node feature std = 1.011763
Layer 1: mean node feature std = 0.421077
Layer 0: mean node feature std = 1.021502
Layer 1: mean node feature std = 0.425221
Layer 0: mean node feature std = 0.990430
Layer 1: mean node feature std = 0.411700
Layer 0: mean node feature std = 0.996683
Layer 1: mean node feature std = 0.414372
Layer 0: mean node feature std = 0.993574
Layer 1: mean node feature std = 0.413000
Layer 0: mean node feature std = 1.002620
Layer 1: mean node feature std = 0.416974
Layer 0: mean node feature std = 0.993844
Layer 1: mean node feature std = 0.413156
Layer 0: mean node feature std = 1.005375
Layer 1: mean node feature std = 0.418262
Layer 0: mean node feature std = 0.988355
Layer 1: mean node feature std = 0.410750
Layer 0: mean node feature std = 0.996107
Layer 1: mean node feature std = 0.414507
Layer 0: mean node feature std = 0.993851
Layer 1: mean node feature std = 0.413519
Layer 0: mean node feature std = 1.036931
Layer 1: mean node feature std = 0.432524
Epoch 271 | loss=1416.0645 | 1645.3223
Layer 0: mean node feature std = 0.996324
Layer 1: mean node feature std = 0.414624
Layer 0: mean node feature std = 0.994083
Layer 1: mean node feature std = 0.413787
Layer 0: mean node feature std = 0.985454
Layer 1: mean node feature std = 0.410036
Layer 0: mean node feature std = 0.979829
Layer 1: mean node feature std = 0.407670
Layer 0: mean node feature std = 0.994116
Layer 1: mean node feature std = 0.413936
Layer 0: mean node feature std = 0.980751
Layer 1: mean node feature std = 0.408113
Layer 0: mean node feature std = 0.999563
Layer 1: mean node feature std = 0.416596
Layer 0: mean node feature std = 0.974087
Layer 1: mean node feature std = 0.405439
Layer 0: mean node feature std = 1.009404
Layer 1: mean node feature std = 0.421004
Layer 0: mean node feature std = 0.978867
Layer 1: mean node feature std = 0.407624
Layer 0: mean node feature std = 1.013039
Layer 1: mean node feature std = 0.422568
Layer 0: mean node feature std = 1.007172
Layer 1: mean node feature std = 0.419872
Layer 0: mean node feature std = 1.008947
Layer 1: mean node feature std = 0.420827
Layer 0: mean node feature std = 0.986340
Layer 1: mean node feature std = 0.411057
Layer 0: mean node feature std = 1.018796
Layer 1: mean node feature std = 0.425150
Layer 0: mean node feature std = 1.034333
Layer 1: mean node feature std = 0.432253
Epoch 272 | loss=1437.2775 | 1493.5655
Layer 0: mean node feature std = 1.004205
Layer 1: mean node feature std = 0.418859
Layer 0: mean node feature std = 1.003846
Layer 1: mean node feature std = 0.418691
Layer 0: mean node feature std = 0.971484
Layer 1: mean node feature std = 0.404573
Layer 0: mean node feature std = 1.001705
Layer 1: mean node feature std = 0.417706
Layer 0: mean node feature std = 0.993801
Layer 1: mean node feature std = 0.414511
Layer 0: mean node feature std = 1.013731
Layer 1: mean node feature std = 0.423116
Layer 0: mean node feature std = 0.967204
Layer 1: mean node feature std = 0.402900
Layer 0: mean node feature std = 0.991899
Layer 1: mean node feature std = 0.413823
Layer 0: mean node feature std = 1.005354
Layer 1: mean node feature std = 0.419928
Layer 0: mean node feature std = 0.982787
Layer 1: mean node feature std = 0.410074
Layer 0: mean node feature std = 0.986842
Layer 1: mean node feature std = 0.411818
Layer 0: mean node feature std = 1.007581
Layer 1: mean node feature std = 0.421153
Layer 0: mean node feature std = 1.028328
Layer 1: mean node feature std = 0.430177
Layer 0: mean node feature std = 1.020128
Layer 1: mean node feature std = 0.426550
Layer 0: mean node feature std = 0.962397
Layer 1: mean node feature std = 0.401327
Layer 0: mean node feature std = 0.956904
Layer 1: mean node feature std = 0.398903
Epoch 273 | loss=1388.2786 | 1874.8811
Layer 0: mean node feature std = 0.975202
Layer 1: mean node feature std = 0.406964
Layer 0: mean node feature std = 1.011038
Layer 1: mean node feature std = 0.422847
Layer 0: mean node feature std = 0.998012
Layer 1: mean node feature std = 0.416866
Layer 0: mean node feature std = 1.025639
Layer 1: mean node feature std = 0.429103
Layer 0: mean node feature std = 0.992446
Layer 1: mean node feature std = 0.414878
Layer 0: mean node feature std = 1.030049
Layer 1: mean node feature std = 0.431201
Layer 0: mean node feature std = 0.985140
Layer 1: mean node feature std = 0.411629
Layer 0: mean node feature std = 0.997477
Layer 1: mean node feature std = 0.417167
Layer 0: mean node feature std = 0.991909
Layer 1: mean node feature std = 0.414684
Layer 0: mean node feature std = 0.991610
Layer 1: mean node feature std = 0.414631
Layer 0: mean node feature std = 0.965132
Layer 1: mean node feature std = 0.403061
Layer 0: mean node feature std = 0.993462
Layer 1: mean node feature std = 0.415530
Layer 0: mean node feature std = 0.975866
Layer 1: mean node feature std = 0.407883
Layer 0: mean node feature std = 0.985800
Layer 1: mean node feature std = 0.412203
Layer 0: mean node feature std = 1.020862
Layer 1: mean node feature std = 0.427850
Layer 0: mean node feature std = 0.965693
Layer 1: mean node feature std = 0.403278
Epoch 274 | loss=1493.4532 | 1747.9497
Layer 0: mean node feature std = 0.995429
Layer 1: mean node feature std = 0.416605
Layer 0: mean node feature std = 0.995969
Layer 1: mean node feature std = 0.416975
Layer 0: mean node feature std = 1.017867
Layer 1: mean node feature std = 0.426577
Layer 0: mean node feature std = 1.009284
Layer 1: mean node feature std = 0.422824
Layer 0: mean node feature std = 0.994968
Layer 1: mean node feature std = 0.416785
Layer 0: mean node feature std = 0.981095
Layer 1: mean node feature std = 0.410736
Layer 0: mean node feature std = 0.988694
Layer 1: mean node feature std = 0.414047
Layer 0: mean node feature std = 0.985740
Layer 1: mean node feature std = 0.412803
Layer 0: mean node feature std = 1.009301
Layer 1: mean node feature std = 0.423262
Layer 0: mean node feature std = 0.966835
Layer 1: mean node feature std = 0.404550
Layer 0: mean node feature std = 0.988395
Layer 1: mean node feature std = 0.414182
Layer 0: mean node feature std = 0.985327
Layer 1: mean node feature std = 0.412664
Layer 0: mean node feature std = 1.023180
Layer 1: mean node feature std = 0.429553
Layer 0: mean node feature std = 0.989695
Layer 1: mean node feature std = 0.414773
Layer 0: mean node feature std = 1.004997
Layer 1: mean node feature std = 0.421795
Layer 0: mean node feature std = 0.980987
Layer 1: mean node feature std = 0.411290
Epoch 275 | loss=1394.9898 | 1470.5315
Layer 0: mean node feature std = 0.997821
Layer 1: mean node feature std = 0.418654
Layer 0: mean node feature std = 1.018002
Layer 1: mean node feature std = 0.427779
Layer 0: mean node feature std = 1.008793
Layer 1: mean node feature std = 0.423681
Layer 0: mean node feature std = 0.982296
Layer 1: mean node feature std = 0.412011
Layer 0: mean node feature std = 0.977916
Layer 1: mean node feature std = 0.410154
Layer 0: mean node feature std = 1.007411
Layer 1: mean node feature std = 0.423224
Layer 0: mean node feature std = 0.962268
Layer 1: mean node feature std = 0.403358
Layer 0: mean node feature std = 1.000721
Layer 1: mean node feature std = 0.420444
Layer 0: mean node feature std = 0.985278
Layer 1: mean node feature std = 0.413607
Layer 0: mean node feature std = 0.994519
Layer 1: mean node feature std = 0.417789
Layer 0: mean node feature std = 1.020097
Layer 1: mean node feature std = 0.429064
Layer 0: mean node feature std = 1.021077
Layer 1: mean node feature std = 0.429554
Layer 0: mean node feature std = 0.993247
Layer 1: mean node feature std = 0.417419
Layer 0: mean node feature std = 0.964650
Layer 1: mean node feature std = 0.404825
Layer 0: mean node feature std = 0.992685
Layer 1: mean node feature std = 0.417301
Layer 0: mean node feature std = 1.034289
Layer 1: mean node feature std = 0.435728
Epoch 276 | loss=1428.3614 | 1542.8114
Layer 0: mean node feature std = 0.966533
Layer 1: mean node feature std = 0.405875
Layer 0: mean node feature std = 1.005194
Layer 1: mean node feature std = 0.423186
Layer 0: mean node feature std = 0.990199
Layer 1: mean node feature std = 0.416394
Layer 0: mean node feature std = 1.012263
Layer 1: mean node feature std = 0.426147
Layer 0: mean node feature std = 1.002628
Layer 1: mean node feature std = 0.421998
Layer 0: mean node feature std = 0.979454
Layer 1: mean node feature std = 0.411766
Layer 0: mean node feature std = 1.030683
Layer 1: mean node feature std = 0.434494
Layer 0: mean node feature std = 1.010269
Layer 1: mean node feature std = 0.425589
Layer 0: mean node feature std = 0.976755
Layer 1: mean node feature std = 0.410895
Layer 0: mean node feature std = 0.978793
Layer 1: mean node feature std = 0.411861
Layer 0: mean node feature std = 1.001445
Layer 1: mean node feature std = 0.421987
Layer 0: mean node feature std = 0.984778
Layer 1: mean node feature std = 0.414532
Layer 0: mean node feature std = 0.990504
Layer 1: mean node feature std = 0.417026
Layer 0: mean node feature std = 1.004138
Layer 1: mean node feature std = 0.423193
Layer 0: mean node feature std = 1.011347
Layer 1: mean node feature std = 0.426275
Layer 0: mean node feature std = 0.937204
Layer 1: mean node feature std = 0.393409
Epoch 277 | loss=1425.4167 | 1888.1880
Layer 0: mean node feature std = 0.992211
Layer 1: mean node feature std = 0.417957
Layer 0: mean node feature std = 0.974305
Layer 1: mean node feature std = 0.409959
Layer 0: mean node feature std = 0.992512
Layer 1: mean node feature std = 0.418111
Layer 0: mean node feature std = 0.995404
Layer 1: mean node feature std = 0.419449
Layer 0: mean node feature std = 0.992104
Layer 1: mean node feature std = 0.418049
Layer 0: mean node feature std = 1.025301
Layer 1: mean node feature std = 0.432795
Layer 0: mean node feature std = 0.986174
Layer 1: mean node feature std = 0.415590
Layer 0: mean node feature std = 0.978291
Layer 1: mean node feature std = 0.412043
Layer 0: mean node feature std = 1.008488
Layer 1: mean node feature std = 0.425545
Layer 0: mean node feature std = 1.015443
Layer 1: mean node feature std = 0.428762
Layer 0: mean node feature std = 0.990749
Layer 1: mean node feature std = 0.417986
Layer 0: mean node feature std = 0.985412
Layer 1: mean node feature std = 0.415306
Layer 0: mean node feature std = 1.014539
Layer 1: mean node feature std = 0.428383
Layer 0: mean node feature std = 0.959567
Layer 1: mean node feature std = 0.404018
Layer 0: mean node feature std = 1.016460
Layer 1: mean node feature std = 0.429419
Layer 0: mean node feature std = 1.033329
Layer 1: mean node feature std = 0.436622
Epoch 278 | loss=1418.1419 | 1488.4146
Layer 0: mean node feature std = 0.976457
Layer 1: mean node feature std = 0.411543
Layer 0: mean node feature std = 1.021863
Layer 1: mean node feature std = 0.432066
Layer 0: mean node feature std = 0.985868
Layer 1: mean node feature std = 0.415804
Layer 0: mean node feature std = 0.982947
Layer 1: mean node feature std = 0.414823
Layer 0: mean node feature std = 1.000222
Layer 1: mean node feature std = 0.422486
Layer 0: mean node feature std = 0.991527
Layer 1: mean node feature std = 0.418680
Layer 0: mean node feature std = 0.987571
Layer 1: mean node feature std = 0.416904
Layer 0: mean node feature std = 1.006622
Layer 1: mean node feature std = 0.425401
Layer 0: mean node feature std = 0.976044
Layer 1: mean node feature std = 0.411793
Layer 0: mean node feature std = 1.014651
Layer 1: mean node feature std = 0.429202
Layer 0: mean node feature std = 0.997731
Layer 1: mean node feature std = 0.421753
Layer 0: mean node feature std = 0.983145
Layer 1: mean node feature std = 0.415084
Layer 0: mean node feature std = 1.020674
Layer 1: mean node feature std = 0.431958
Layer 0: mean node feature std = 1.015131
Layer 1: mean node feature std = 0.429595
Layer 0: mean node feature std = 0.984885
Layer 1: mean node feature std = 0.416248
Layer 0: mean node feature std = 0.935314
Layer 1: mean node feature std = 0.394197
Epoch 279 | loss=1464.0862 | 1469.5502
Layer 0: mean node feature std = 0.952401
Layer 1: mean node feature std = 0.401876
Layer 0: mean node feature std = 1.006854
Layer 1: mean node feature std = 0.426194
Layer 0: mean node feature std = 0.999440
Layer 1: mean node feature std = 0.423072
Layer 0: mean node feature std = 1.006499
Layer 1: mean node feature std = 0.426085
Layer 0: mean node feature std = 1.003970
Layer 1: mean node feature std = 0.425037
Layer 0: mean node feature std = 0.967994
Layer 1: mean node feature std = 0.409028
Layer 0: mean node feature std = 1.008284
Layer 1: mean node feature std = 0.426941
Layer 0: mean node feature std = 1.000269
Layer 1: mean node feature std = 0.423601
Layer 0: mean node feature std = 0.997231
Layer 1: mean node feature std = 0.422051
Layer 0: mean node feature std = 1.009872
Layer 1: mean node feature std = 0.427725
Layer 0: mean node feature std = 0.997117
Layer 1: mean node feature std = 0.422019
Layer 0: mean node feature std = 0.993771
Layer 1: mean node feature std = 0.420506
Layer 0: mean node feature std = 0.987615
Layer 1: mean node feature std = 0.418001
Layer 0: mean node feature std = 1.012514
Layer 1: mean node feature std = 0.429027
Layer 0: mean node feature std = 0.994199
Layer 1: mean node feature std = 0.421077
Layer 0: mean node feature std = 0.974292
Layer 1: mean node feature std = 0.412438
Epoch 280 | loss=1406.3993 | 1723.9463
Layer 0: mean node feature std = 1.012646
Layer 1: mean node feature std = 0.429313
Layer 0: mean node feature std = 0.987971
Layer 1: mean node feature std = 0.418476
Layer 0: mean node feature std = 1.007565
Layer 1: mean node feature std = 0.427307
Layer 0: mean node feature std = 1.005518
Layer 1: mean node feature std = 0.426294
Layer 0: mean node feature std = 0.974955
Layer 1: mean node feature std = 0.412867
Layer 0: mean node feature std = 0.992026
Layer 1: mean node feature std = 0.420737
Layer 0: mean node feature std = 0.950993
Layer 1: mean node feature std = 0.402310
Layer 0: mean node feature std = 0.965215
Layer 1: mean node feature std = 0.408899
Layer 0: mean node feature std = 0.995207
Layer 1: mean node feature std = 0.422285
Layer 0: mean node feature std = 1.018389
Layer 1: mean node feature std = 0.432553
Layer 0: mean node feature std = 1.021479
Layer 1: mean node feature std = 0.433947
Layer 0: mean node feature std = 0.972392
Layer 1: mean node feature std = 0.411977
Layer 0: mean node feature std = 1.011925
Layer 1: mean node feature std = 0.429939
Layer 0: mean node feature std = 1.014249
Layer 1: mean node feature std = 0.430798
Layer 0: mean node feature std = 1.005141
Layer 1: mean node feature std = 0.426827
Layer 0: mean node feature std = 0.986871
Layer 1: mean node feature std = 0.418885
Epoch 281 | loss=1487.9723 | 1790.3206
Layer 0: mean node feature std = 1.001402
Layer 1: mean node feature std = 0.425348
Layer 0: mean node feature std = 1.003065
Layer 1: mean node feature std = 0.426022
Layer 0: mean node feature std = 0.991816
Layer 1: mean node feature std = 0.421146
Layer 0: mean node feature std = 0.992352
Layer 1: mean node feature std = 0.421530
Layer 0: mean node feature std = 1.023045
Layer 1: mean node feature std = 0.435409
Layer 0: mean node feature std = 1.012749
Layer 1: mean node feature std = 0.430758
Layer 0: mean node feature std = 1.025356
Layer 1: mean node feature std = 0.436213
Layer 0: mean node feature std = 1.006122
Layer 1: mean node feature std = 0.427968
Layer 0: mean node feature std = 0.966305
Layer 1: mean node feature std = 0.410190
Layer 0: mean node feature std = 1.017077
Layer 1: mean node feature std = 0.432813
Layer 0: mean node feature std = 1.002821
Layer 1: mean node feature std = 0.426673
Layer 0: mean node feature std = 0.975569
Layer 1: mean node feature std = 0.414532
Layer 0: mean node feature std = 0.971414
Layer 1: mean node feature std = 0.412562
Layer 0: mean node feature std = 0.983100
Layer 1: mean node feature std = 0.418008
Layer 0: mean node feature std = 0.977381
Layer 1: mean node feature std = 0.415391
Layer 0: mean node feature std = 0.912731
Layer 1: mean node feature std = 0.386197
Epoch 282 | loss=1390.3423 | 1612.9414
Layer 0: mean node feature std = 1.023510
Layer 1: mean node feature std = 0.436178
Layer 0: mean node feature std = 0.988239
Layer 1: mean node feature std = 0.420432
Layer 0: mean node feature std = 1.003884
Layer 1: mean node feature std = 0.427269
Layer 0: mean node feature std = 0.993322
Layer 1: mean node feature std = 0.422628
Layer 0: mean node feature std = 1.035032
Layer 1: mean node feature std = 0.441450
Layer 0: mean node feature std = 1.002377
Layer 1: mean node feature std = 0.427055
Layer 0: mean node feature std = 0.992233
Layer 1: mean node feature std = 0.422487
Layer 0: mean node feature std = 0.987108
Layer 1: mean node feature std = 0.420277
Layer 0: mean node feature std = 0.988718
Layer 1: mean node feature std = 0.420854
Layer 0: mean node feature std = 0.979249
Layer 1: mean node feature std = 0.416891
Layer 0: mean node feature std = 1.016120
Layer 1: mean node feature std = 0.433501
Layer 0: mean node feature std = 0.985997
Layer 1: mean node feature std = 0.420027
Layer 0: mean node feature std = 0.996295
Layer 1: mean node feature std = 0.424795
Layer 0: mean node feature std = 0.952880
Layer 1: mean node feature std = 0.405400
Layer 0: mean node feature std = 1.002749
Layer 1: mean node feature std = 0.427571
Layer 0: mean node feature std = 0.922657
Layer 1: mean node feature std = 0.391537
Epoch 283 | loss=1444.0914 | 1526.8360
Layer 0: mean node feature std = 0.976451
Layer 1: mean node feature std = 0.416038
Layer 0: mean node feature std = 0.993472
Layer 1: mean node feature std = 0.423862
Layer 0: mean node feature std = 0.999041
Layer 1: mean node feature std = 0.426294
Layer 0: mean node feature std = 0.986583
Layer 1: mean node feature std = 0.420775
Layer 0: mean node feature std = 0.974874
Layer 1: mean node feature std = 0.415554
Layer 0: mean node feature std = 0.974581
Layer 1: mean node feature std = 0.415416
Layer 0: mean node feature std = 1.008739
Layer 1: mean node feature std = 0.430937
Layer 0: mean node feature std = 0.997328
Layer 1: mean node feature std = 0.425768
Layer 0: mean node feature std = 0.996212
Layer 1: mean node feature std = 0.425200
Layer 0: mean node feature std = 0.997088
Layer 1: mean node feature std = 0.425962
Layer 0: mean node feature std = 0.990685
Layer 1: mean node feature std = 0.422801
Layer 0: mean node feature std = 1.047176
Layer 1: mean node feature std = 0.448354
Layer 0: mean node feature std = 1.008988
Layer 1: mean node feature std = 0.431239
Layer 0: mean node feature std = 0.997066
Layer 1: mean node feature std = 0.425741
Layer 0: mean node feature std = 0.994156
Layer 1: mean node feature std = 0.424763
Layer 0: mean node feature std = 0.950773
Layer 1: mean node feature std = 0.405060
Epoch 284 | loss=1404.0005 | 2269.8677
Layer 0: mean node feature std = 0.986482
Layer 1: mean node feature std = 0.421523
Layer 0: mean node feature std = 0.992010
Layer 1: mean node feature std = 0.423894
Layer 0: mean node feature std = 0.981953
Layer 1: mean node feature std = 0.419542
Layer 0: mean node feature std = 1.000486
Layer 1: mean node feature std = 0.427779
Layer 0: mean node feature std = 0.992712
Layer 1: mean node feature std = 0.424392
Layer 0: mean node feature std = 0.993594
Layer 1: mean node feature std = 0.424948
Layer 0: mean node feature std = 1.007586
Layer 1: mean node feature std = 0.431454
Layer 0: mean node feature std = 1.005605
Layer 1: mean node feature std = 0.430406
Layer 0: mean node feature std = 0.996374
Layer 1: mean node feature std = 0.426484
Layer 0: mean node feature std = 0.998709
Layer 1: mean node feature std = 0.427506
Layer 0: mean node feature std = 1.001084
Layer 1: mean node feature std = 0.428611
Layer 0: mean node feature std = 0.981121
Layer 1: mean node feature std = 0.419495
Layer 0: mean node feature std = 0.993357
Layer 1: mean node feature std = 0.425037
Layer 0: mean node feature std = 0.996588
Layer 1: mean node feature std = 0.426580
Layer 0: mean node feature std = 1.015557
Layer 1: mean node feature std = 0.435194
Layer 0: mean node feature std = 0.946623
Layer 1: mean node feature std = 0.404266
Epoch 285 | loss=1397.7139 | 1771.4932
Layer 0: mean node feature std = 0.999536
Layer 1: mean node feature std = 0.428144
Layer 0: mean node feature std = 1.012312
Layer 1: mean node feature std = 0.433979
Layer 0: mean node feature std = 1.040299
Layer 1: mean node feature std = 0.446706
Layer 0: mean node feature std = 0.996782
Layer 1: mean node feature std = 0.426889
Layer 0: mean node feature std = 0.989333
Layer 1: mean node feature std = 0.423892
Layer 0: mean node feature std = 0.976956
Layer 1: mean node feature std = 0.418245
Layer 0: mean node feature std = 0.974953
Layer 1: mean node feature std = 0.417365
Layer 0: mean node feature std = 0.987817
Layer 1: mean node feature std = 0.423327
Layer 0: mean node feature std = 0.987093
Layer 1: mean node feature std = 0.423001
Layer 0: mean node feature std = 0.975297
Layer 1: mean node feature std = 0.417649
Layer 0: mean node feature std = 1.008974
Layer 1: mean node feature std = 0.433170
Layer 0: mean node feature std = 0.986318
Layer 1: mean node feature std = 0.422765
Layer 0: mean node feature std = 1.000932
Layer 1: mean node feature std = 0.429369
Layer 0: mean node feature std = 1.002003
Layer 1: mean node feature std = 0.429910
Layer 0: mean node feature std = 0.994089
Layer 1: mean node feature std = 0.426302
Layer 0: mean node feature std = 1.002743
Layer 1: mean node feature std = 0.430317
Epoch 286 | loss=1416.4096 | 1540.6986
Layer 0: mean node feature std = 0.978944
Layer 1: mean node feature std = 0.419644
Layer 0: mean node feature std = 0.999535
Layer 1: mean node feature std = 0.428956
Layer 0: mean node feature std = 1.005881
Layer 1: mean node feature std = 0.431854
Layer 0: mean node feature std = 0.997553
Layer 1: mean node feature std = 0.428148
Layer 0: mean node feature std = 0.957377
Layer 1: mean node feature std = 0.410123
Layer 0: mean node feature std = 0.986476
Layer 1: mean node feature std = 0.423210
Layer 0: mean node feature std = 1.003981
Layer 1: mean node feature std = 0.431242
Layer 0: mean node feature std = 0.981244
Layer 1: mean node feature std = 0.421171
Layer 0: mean node feature std = 1.018715
Layer 1: mean node feature std = 0.437912
Layer 0: mean node feature std = 0.981417
Layer 1: mean node feature std = 0.421150
Layer 0: mean node feature std = 1.022404
Layer 1: mean node feature std = 0.439594
Layer 0: mean node feature std = 0.992161
Layer 1: mean node feature std = 0.426040
Layer 0: mean node feature std = 1.023923
Layer 1: mean node feature std = 0.440350
Layer 0: mean node feature std = 0.992763
Layer 1: mean node feature std = 0.426295
Layer 0: mean node feature std = 1.000141
Layer 1: mean node feature std = 0.429695
Layer 0: mean node feature std = 0.950370
Layer 1: mean node feature std = 0.407181
Epoch 287 | loss=1427.6942 | 1436.8776
Layer 0: mean node feature std = 0.976433
Layer 1: mean node feature std = 0.419011
Layer 0: mean node feature std = 0.974202
Layer 1: mean node feature std = 0.418092
Layer 0: mean node feature std = 1.001131
Layer 1: mean node feature std = 0.430550
Layer 0: mean node feature std = 1.004059
Layer 1: mean node feature std = 0.431891
Layer 0: mean node feature std = 1.030856
Layer 1: mean node feature std = 0.444191
Layer 0: mean node feature std = 0.990822
Layer 1: mean node feature std = 0.425820
Layer 0: mean node feature std = 0.993501
Layer 1: mean node feature std = 0.427300
Layer 0: mean node feature std = 0.998854
Layer 1: mean node feature std = 0.429677
Layer 0: mean node feature std = 0.973973
Layer 1: mean node feature std = 0.418439
Layer 0: mean node feature std = 0.993015
Layer 1: mean node feature std = 0.427141
Layer 0: mean node feature std = 1.012442
Layer 1: mean node feature std = 0.435982
Layer 0: mean node feature std = 1.002484
Layer 1: mean node feature std = 0.431405
Layer 0: mean node feature std = 1.004113
Layer 1: mean node feature std = 0.432133
Layer 0: mean node feature std = 0.993526
Layer 1: mean node feature std = 0.427434
Layer 0: mean node feature std = 0.985988
Layer 1: mean node feature std = 0.424034
Layer 0: mean node feature std = 0.988331
Layer 1: mean node feature std = 0.424970
Epoch 288 | loss=1415.2516 | 1429.7476
Layer 0: mean node feature std = 1.009011
Layer 1: mean node feature std = 0.434532
Layer 0: mean node feature std = 1.023985
Layer 1: mean node feature std = 0.441431
Layer 0: mean node feature std = 0.972309
Layer 1: mean node feature std = 0.418246
Layer 0: mean node feature std = 0.982718
Layer 1: mean node feature std = 0.422732
Layer 0: mean node feature std = 1.017851
Layer 1: mean node feature std = 0.439056
Layer 0: mean node feature std = 0.981848
Layer 1: mean node feature std = 0.422659
Layer 0: mean node feature std = 0.984818
Layer 1: mean node feature std = 0.424012
Layer 0: mean node feature std = 0.998753
Layer 1: mean node feature std = 0.430403
Layer 0: mean node feature std = 1.012363
Layer 1: mean node feature std = 0.436654
Layer 0: mean node feature std = 0.990693
Layer 1: mean node feature std = 0.427082
Layer 0: mean node feature std = 0.976076
Layer 1: mean node feature std = 0.420420
Layer 0: mean node feature std = 1.005187
Layer 1: mean node feature std = 0.433753
Layer 0: mean node feature std = 0.990910
Layer 1: mean node feature std = 0.427239
Layer 0: mean node feature std = 0.996169
Layer 1: mean node feature std = 0.429497
Layer 0: mean node feature std = 0.993122
Layer 1: mean node feature std = 0.428400
Layer 0: mean node feature std = 0.986123
Layer 1: mean node feature std = 0.425376
Epoch 289 | loss=1388.4628 | 2303.8341
Layer 0: mean node feature std = 1.012497
Layer 1: mean node feature std = 0.437246
Layer 0: mean node feature std = 0.972183
Layer 1: mean node feature std = 0.418961
Layer 0: mean node feature std = 0.996102
Layer 1: mean node feature std = 0.429960
Layer 0: mean node feature std = 0.985295
Layer 1: mean node feature std = 0.425141
Layer 0: mean node feature std = 1.006060
Layer 1: mean node feature std = 0.434545
Layer 0: mean node feature std = 1.017705
Layer 1: mean node feature std = 0.439840
Layer 0: mean node feature std = 0.982398
Layer 1: mean node feature std = 0.423848
Layer 0: mean node feature std = 1.008460
Layer 1: mean node feature std = 0.435742
Layer 0: mean node feature std = 1.033101
Layer 1: mean node feature std = 0.447152
Layer 0: mean node feature std = 1.006022
Layer 1: mean node feature std = 0.434805
Layer 0: mean node feature std = 1.003162
Layer 1: mean node feature std = 0.433459
Layer 0: mean node feature std = 0.979714
Layer 1: mean node feature std = 0.423029
Layer 0: mean node feature std = 0.978361
Layer 1: mean node feature std = 0.422111
Layer 0: mean node feature std = 0.982495
Layer 1: mean node feature std = 0.424038
Layer 0: mean node feature std = 0.977113
Layer 1: mean node feature std = 0.421852
Layer 0: mean node feature std = 0.960225
Layer 1: mean node feature std = 0.414225
Epoch 290 | loss=1395.2101 | 1450.2839
Layer 0: mean node feature std = 0.991788
Layer 1: mean node feature std = 0.428747
Layer 0: mean node feature std = 0.993039
Layer 1: mean node feature std = 0.429282
Layer 0: mean node feature std = 0.982643
Layer 1: mean node feature std = 0.424591
Layer 0: mean node feature std = 1.006897
Layer 1: mean node feature std = 0.435831
Layer 0: mean node feature std = 0.982361
Layer 1: mean node feature std = 0.424499
Layer 0: mean node feature std = 0.976321
Layer 1: mean node feature std = 0.421828
Layer 0: mean node feature std = 1.004072
Layer 1: mean node feature std = 0.434558
Layer 0: mean node feature std = 0.990997
Layer 1: mean node feature std = 0.428671
Layer 0: mean node feature std = 1.000202
Layer 1: mean node feature std = 0.432814
Layer 0: mean node feature std = 0.967140
Layer 1: mean node feature std = 0.417825
Layer 0: mean node feature std = 1.011901
Layer 1: mean node feature std = 0.438286
Layer 0: mean node feature std = 0.999294
Layer 1: mean node feature std = 0.432568
Layer 0: mean node feature std = 0.996368
Layer 1: mean node feature std = 0.431052
Layer 0: mean node feature std = 1.014303
Layer 1: mean node feature std = 0.439442
Layer 0: mean node feature std = 1.030841
Layer 1: mean node feature std = 0.446984
Layer 0: mean node feature std = 0.920232
Layer 1: mean node feature std = 0.396517
Epoch 291 | loss=1373.8085 | 1416.0193
Layer 0: mean node feature std = 0.989108
Layer 1: mean node feature std = 0.428090
Layer 0: mean node feature std = 1.008983
Layer 1: mean node feature std = 0.437380
Layer 0: mean node feature std = 1.002034
Layer 1: mean node feature std = 0.433933
Layer 0: mean node feature std = 1.008897
Layer 1: mean node feature std = 0.437429
Layer 0: mean node feature std = 0.985559
Layer 1: mean node feature std = 0.426757
Layer 0: mean node feature std = 0.970939
Layer 1: mean node feature std = 0.420317
Layer 0: mean node feature std = 1.000898
Layer 1: mean node feature std = 0.433912
Layer 0: mean node feature std = 0.989868
Layer 1: mean node feature std = 0.429046
Layer 0: mean node feature std = 1.000126
Layer 1: mean node feature std = 0.433716
Layer 0: mean node feature std = 0.993850
Layer 1: mean node feature std = 0.430918
Layer 0: mean node feature std = 1.022273
Layer 1: mean node feature std = 0.443823
Layer 0: mean node feature std = 0.980578
Layer 1: mean node feature std = 0.424901
Layer 0: mean node feature std = 0.986844
Layer 1: mean node feature std = 0.427802
Layer 0: mean node feature std = 0.990975
Layer 1: mean node feature std = 0.429569
Layer 0: mean node feature std = 0.995697
Layer 1: mean node feature std = 0.431984
Layer 0: mean node feature std = 1.035103
Layer 1: mean node feature std = 0.450022
Epoch 292 | loss=1378.5792 | 1705.0940
Layer 0: mean node feature std = 0.972149
Layer 1: mean node feature std = 0.421408
Layer 0: mean node feature std = 0.991832
Layer 1: mean node feature std = 0.430177
Layer 0: mean node feature std = 1.024226
Layer 1: mean node feature std = 0.445451
Layer 0: mean node feature std = 0.993539
Layer 1: mean node feature std = 0.431071
Layer 0: mean node feature std = 0.999484
Layer 1: mean node feature std = 0.433809
Layer 0: mean node feature std = 0.988423
Layer 1: mean node feature std = 0.429125
Layer 0: mean node feature std = 1.016536
Layer 1: mean node feature std = 0.441875
Layer 0: mean node feature std = 1.002140
Layer 1: mean node feature std = 0.435376
Layer 0: mean node feature std = 0.977327
Layer 1: mean node feature std = 0.424260
Layer 0: mean node feature std = 0.990367
Layer 1: mean node feature std = 0.429961
Layer 0: mean node feature std = 0.999489
Layer 1: mean node feature std = 0.434411
Layer 0: mean node feature std = 0.988140
Layer 1: mean node feature std = 0.429133
Layer 0: mean node feature std = 1.017062
Layer 1: mean node feature std = 0.442434
Layer 0: mean node feature std = 0.995364
Layer 1: mean node feature std = 0.432451
Layer 0: mean node feature std = 0.984461
Layer 1: mean node feature std = 0.427703
Layer 0: mean node feature std = 0.960916
Layer 1: mean node feature std = 0.416994
Epoch 293 | loss=1411.4010 | 1434.4127
Layer 0: mean node feature std = 1.040373
Layer 1: mean node feature std = 0.453262
Layer 0: mean node feature std = 0.994873
Layer 1: mean node feature std = 0.432449
Layer 0: mean node feature std = 0.999036
Layer 1: mean node feature std = 0.434530
Layer 0: mean node feature std = 0.991446
Layer 1: mean node feature std = 0.431013
Layer 0: mean node feature std = 0.962294
Layer 1: mean node feature std = 0.417712
Layer 0: mean node feature std = 0.989550
Layer 1: mean node feature std = 0.430336
Layer 0: mean node feature std = 0.992085
Layer 1: mean node feature std = 0.431607
Layer 0: mean node feature std = 1.011926
Layer 1: mean node feature std = 0.440493
Layer 0: mean node feature std = 0.996362
Layer 1: mean node feature std = 0.433661
Layer 0: mean node feature std = 1.002748
Layer 1: mean node feature std = 0.436750
Layer 0: mean node feature std = 0.997069
Layer 1: mean node feature std = 0.434164
Layer 0: mean node feature std = 0.980506
Layer 1: mean node feature std = 0.426677
Layer 0: mean node feature std = 0.968159
Layer 1: mean node feature std = 0.420992
Layer 0: mean node feature std = 1.005243
Layer 1: mean node feature std = 0.438096
Layer 0: mean node feature std = 0.993730
Layer 1: mean node feature std = 0.432803
Layer 0: mean node feature std = 1.041653
Layer 1: mean node feature std = 0.454628
Epoch 294 | loss=1387.8512 | 1466.5276
Layer 0: mean node feature std = 0.988713
Layer 1: mean node feature std = 0.430504
Layer 0: mean node feature std = 0.982635
Layer 1: mean node feature std = 0.427619
Layer 0: mean node feature std = 0.958127
Layer 1: mean node feature std = 0.416466
Layer 0: mean node feature std = 0.986614
Layer 1: mean node feature std = 0.429641
Layer 0: mean node feature std = 1.008501
Layer 1: mean node feature std = 0.439569
Layer 0: mean node feature std = 1.023776
Layer 1: mean node feature std = 0.446617
Layer 0: mean node feature std = 0.975854
Layer 1: mean node feature std = 0.424816
Layer 0: mean node feature std = 0.990989
Layer 1: mean node feature std = 0.431652
Layer 0: mean node feature std = 1.002274
Layer 1: mean node feature std = 0.436880
Layer 0: mean node feature std = 1.015090
Layer 1: mean node feature std = 0.442915
Layer 0: mean node feature std = 1.013908
Layer 1: mean node feature std = 0.442459
Layer 0: mean node feature std = 0.990516
Layer 1: mean node feature std = 0.431950
Layer 0: mean node feature std = 1.008729
Layer 1: mean node feature std = 0.440255
Layer 0: mean node feature std = 1.000947
Layer 1: mean node feature std = 0.436605
Layer 0: mean node feature std = 0.980452
Layer 1: mean node feature std = 0.427469
Layer 0: mean node feature std = 1.032456
Layer 1: mean node feature std = 0.451349
Epoch 295 | loss=1433.3351 | 1544.0496
Layer 0: mean node feature std = 1.010824
Layer 1: mean node feature std = 0.441345
Layer 0: mean node feature std = 0.983353
Layer 1: mean node feature std = 0.428921
Layer 0: mean node feature std = 1.009442
Layer 1: mean node feature std = 0.440823
Layer 0: mean node feature std = 0.998342
Layer 1: mean node feature std = 0.435604
Layer 0: mean node feature std = 1.006147
Layer 1: mean node feature std = 0.439442
Layer 0: mean node feature std = 0.980618
Layer 1: mean node feature std = 0.427706
Layer 0: mean node feature std = 0.973031
Layer 1: mean node feature std = 0.424141
Layer 0: mean node feature std = 1.010853
Layer 1: mean node feature std = 0.441619
Layer 0: mean node feature std = 0.983383
Layer 1: mean node feature std = 0.428963
Layer 0: mean node feature std = 0.982154
Layer 1: mean node feature std = 0.428303
Layer 0: mean node feature std = 0.994610
Layer 1: mean node feature std = 0.434022
Layer 0: mean node feature std = 0.994905
Layer 1: mean node feature std = 0.434313
Layer 0: mean node feature std = 1.000113
Layer 1: mean node feature std = 0.436768
Layer 0: mean node feature std = 0.995776
Layer 1: mean node feature std = 0.434767
Layer 0: mean node feature std = 1.005234
Layer 1: mean node feature std = 0.439266
Layer 0: mean node feature std = 1.023592
Layer 1: mean node feature std = 0.447724
Epoch 296 | loss=1503.7078 | 1720.4997
Layer 0: mean node feature std = 1.021411
Layer 1: mean node feature std = 0.446778
Layer 0: mean node feature std = 0.976620
Layer 1: mean node feature std = 0.426176
Layer 0: mean node feature std = 1.001881
Layer 1: mean node feature std = 0.438075
Layer 0: mean node feature std = 0.990893
Layer 1: mean node feature std = 0.432985
Layer 0: mean node feature std = 1.002673
Layer 1: mean node feature std = 0.438544
Layer 0: mean node feature std = 0.995924
Layer 1: mean node feature std = 0.435398
Layer 0: mean node feature std = 1.014832
Layer 1: mean node feature std = 0.444385
Layer 0: mean node feature std = 1.001064
Layer 1: mean node feature std = 0.438030
Layer 0: mean node feature std = 0.981439
Layer 1: mean node feature std = 0.428998
Layer 0: mean node feature std = 1.000075
Layer 1: mean node feature std = 0.437412
Layer 0: mean node feature std = 0.970784
Layer 1: mean node feature std = 0.424066
Layer 0: mean node feature std = 0.994145
Layer 1: mean node feature std = 0.434883
Layer 0: mean node feature std = 0.981391
Layer 1: mean node feature std = 0.429221
Layer 0: mean node feature std = 1.001130
Layer 1: mean node feature std = 0.438314
Layer 0: mean node feature std = 1.002645
Layer 1: mean node feature std = 0.439008
Layer 0: mean node feature std = 0.980275
Layer 1: mean node feature std = 0.428845
Epoch 297 | loss=1390.7991 | 1564.1105
Layer 0: mean node feature std = 0.999277
Layer 1: mean node feature std = 0.437491
Layer 0: mean node feature std = 0.986405
Layer 1: mean node feature std = 0.431676
Layer 0: mean node feature std = 0.990993
Layer 1: mean node feature std = 0.433874
Layer 0: mean node feature std = 1.010995
Layer 1: mean node feature std = 0.442941
Layer 0: mean node feature std = 0.998666
Layer 1: mean node feature std = 0.437327
Layer 0: mean node feature std = 0.997974
Layer 1: mean node feature std = 0.437256
Layer 0: mean node feature std = 1.011430
Layer 1: mean node feature std = 0.443399
Layer 0: mean node feature std = 0.989439
Layer 1: mean node feature std = 0.433282
Layer 0: mean node feature std = 1.003958
Layer 1: mean node feature std = 0.440026
Layer 0: mean node feature std = 0.992580
Layer 1: mean node feature std = 0.434904
Layer 0: mean node feature std = 0.995070
Layer 1: mean node feature std = 0.436177
Layer 0: mean node feature std = 0.981930
Layer 1: mean node feature std = 0.430304
Layer 0: mean node feature std = 0.978076
Layer 1: mean node feature std = 0.428439
Layer 0: mean node feature std = 1.001017
Layer 1: mean node feature std = 0.439077
Layer 0: mean node feature std = 0.987869
Layer 1: mean node feature std = 0.432996
Layer 0: mean node feature std = 1.040181
Layer 1: mean node feature std = 0.457291
Epoch 298 | loss=1467.8170 | 1484.3194
Layer 0: mean node feature std = 1.001534
Layer 1: mean node feature std = 0.439427
Layer 0: mean node feature std = 0.983340
Layer 1: mean node feature std = 0.431029
Layer 0: mean node feature std = 1.009701
Layer 1: mean node feature std = 0.443401
Layer 0: mean node feature std = 0.987173
Layer 1: mean node feature std = 0.433101
Layer 0: mean node feature std = 0.991386
Layer 1: mean node feature std = 0.435127
Layer 0: mean node feature std = 1.007282
Layer 1: mean node feature std = 0.442522
Layer 0: mean node feature std = 1.007449
Layer 1: mean node feature std = 0.442749
Layer 0: mean node feature std = 1.001665
Layer 1: mean node feature std = 0.440057
Layer 0: mean node feature std = 0.966795
Layer 1: mean node feature std = 0.423859
Layer 0: mean node feature std = 0.997720
Layer 1: mean node feature std = 0.438173
Layer 0: mean node feature std = 1.008223
Layer 1: mean node feature std = 0.443141
Layer 0: mean node feature std = 1.000379
Layer 1: mean node feature std = 0.439541
Layer 0: mean node feature std = 1.008241
Layer 1: mean node feature std = 0.443291
Layer 0: mean node feature std = 0.980910
Layer 1: mean node feature std = 0.430658
Layer 0: mean node feature std = 0.980991
Layer 1: mean node feature std = 0.430785
Layer 0: mean node feature std = 1.002250
Layer 1: mean node feature std = 0.440986
Epoch 299 | loss=1386.2826 | 1414.4505
Layer 0: mean node feature std = 0.970946
Layer 1: mean node feature std = 0.426369
Layer 0: mean node feature std = 0.992630
Layer 1: mean node feature std = 0.436375
Layer 0: mean node feature std = 1.009837
Layer 1: mean node feature std = 0.444296
Layer 0: mean node feature std = 1.010534
Layer 1: mean node feature std = 0.444675
Layer 0: mean node feature std = 0.993127
Layer 1: mean node feature std = 0.436703
Layer 0: mean node feature std = 0.992870
Layer 1: mean node feature std = 0.436630
Layer 0: mean node feature std = 1.003975
Layer 1: mean node feature std = 0.441886
Layer 0: mean node feature std = 1.016452
Layer 1: mean node feature std = 0.447826
Layer 0: mean node feature std = 0.977267
Layer 1: mean node feature std = 0.429462
Layer 0: mean node feature std = 1.005641
Layer 1: mean node feature std = 0.442826
Layer 0: mean node feature std = 0.983175
Layer 1: mean node feature std = 0.432545
Layer 0: mean node feature std = 1.004717
Layer 1: mean node feature std = 0.442577
Layer 0: mean node feature std = 0.992443
Layer 1: mean node feature std = 0.436868
Layer 0: mean node feature std = 0.984343
Layer 1: mean node feature std = 0.432944
Layer 0: mean node feature std = 0.986369
Layer 1: mean node feature std = 0.434147
Layer 0: mean node feature std = 1.047387
Layer 1: mean node feature std = 0.462222
Epoch 300 | loss=1396.9841 | 1447.1299
Layer 0: mean node feature std = 0.983662
Layer 1: mean node feature std = 0.432848
Layer 0: mean node feature std = 1.015446
Layer 1: mean node feature std = 0.447627
Layer 0: mean node feature std = 0.990946
Layer 1: mean node feature std = 0.436429
Layer 0: mean node feature std = 0.980202
Layer 1: mean node feature std = 0.431433
Layer 0: mean node feature std = 0.988516
Layer 1: mean node feature std = 0.435171
Layer 0: mean node feature std = 0.982787
Layer 1: mean node feature std = 0.432693
Layer 0: mean node feature std = 1.004645
Layer 1: mean node feature std = 0.442911
Layer 0: mean node feature std = 0.992049
Layer 1: mean node feature std = 0.437116
Layer 0: mean node feature std = 0.984968
Layer 1: mean node feature std = 0.433841
Layer 0: mean node feature std = 1.009268
Layer 1: mean node feature std = 0.445307
Layer 0: mean node feature std = 0.999437
Layer 1: mean node feature std = 0.440735
Layer 0: mean node feature std = 0.996331
Layer 1: mean node feature std = 0.439329
Layer 0: mean node feature std = 0.995230
Layer 1: mean node feature std = 0.438976
Layer 0: mean node feature std = 0.983265
Layer 1: mean node feature std = 0.433505
Layer 0: mean node feature std = 1.022510
Layer 1: mean node feature std = 0.451622
Layer 0: mean node feature std = 1.021058
Layer 1: mean node feature std = 0.451039
Epoch 301 | loss=1370.5640 | 1523.3712
Layer 0: mean node feature std = 1.010597
Layer 1: mean node feature std = 0.446250
Layer 0: mean node feature std = 0.984675
Layer 1: mean node feature std = 0.434180
Layer 0: mean node feature std = 0.994597
Layer 1: mean node feature std = 0.438839
Layer 0: mean node feature std = 0.993349
Layer 1: mean node feature std = 0.438289
Layer 0: mean node feature std = 0.993345
Layer 1: mean node feature std = 0.438396
Layer 0: mean node feature std = 1.008671
Layer 1: mean node feature std = 0.445703
Layer 0: mean node feature std = 0.972219
Layer 1: mean node feature std = 0.428486
Layer 0: mean node feature std = 0.976115
Layer 1: mean node feature std = 0.430585
Layer 0: mean node feature std = 1.036894
Layer 1: mean node feature std = 0.459116
Layer 0: mean node feature std = 0.991941
Layer 1: mean node feature std = 0.438121
Layer 0: mean node feature std = 0.983141
Layer 1: mean node feature std = 0.434117
Layer 0: mean node feature std = 0.998271
Layer 1: mean node feature std = 0.441142
Layer 0: mean node feature std = 1.004152
Layer 1: mean node feature std = 0.444075
Layer 0: mean node feature std = 0.992484
Layer 1: mean node feature std = 0.438470
Layer 0: mean node feature std = 1.000771
Layer 1: mean node feature std = 0.442566
Layer 0: mean node feature std = 0.957275
Layer 1: mean node feature std = 0.421936
Epoch 302 | loss=1428.4194 | 1725.0893
Layer 0: mean node feature std = 0.998389
Layer 1: mean node feature std = 0.441548
Layer 0: mean node feature std = 0.977949
Layer 1: mean node feature std = 0.431978
Layer 0: mean node feature std = 1.000786
Layer 1: mean node feature std = 0.442536
Layer 0: mean node feature std = 0.979251
Layer 1: mean node feature std = 0.432694
Layer 0: mean node feature std = 1.018039
Layer 1: mean node feature std = 0.450855
Layer 0: mean node feature std = 0.981687
Layer 1: mean node feature std = 0.433930
Layer 0: mean node feature std = 0.979725
Layer 1: mean node feature std = 0.433209
Layer 0: mean node feature std = 1.005866
Layer 1: mean node feature std = 0.445177
Layer 0: mean node feature std = 1.014427
Layer 1: mean node feature std = 0.449223
Layer 0: mean node feature std = 1.004158
Layer 1: mean node feature std = 0.444622
Layer 0: mean node feature std = 1.015332
Layer 1: mean node feature std = 0.449678
Layer 0: mean node feature std = 1.023438
Layer 1: mean node feature std = 0.453821
Layer 0: mean node feature std = 0.968540
Layer 1: mean node feature std = 0.428264
Layer 0: mean node feature std = 1.010076
Layer 1: mean node feature std = 0.447520
Layer 0: mean node feature std = 0.957548
Layer 1: mean node feature std = 0.423091
Layer 0: mean node feature std = 0.989336
Layer 1: mean node feature std = 0.437676
Epoch 303 | loss=1406.5747 | 1758.4543
Layer 0: mean node feature std = 0.996092
Layer 1: mean node feature std = 0.441280
Layer 0: mean node feature std = 1.011582
Layer 1: mean node feature std = 0.448502
Layer 0: mean node feature std = 0.990576
Layer 1: mean node feature std = 0.438795
Layer 0: mean node feature std = 1.008640
Layer 1: mean node feature std = 0.447266
Layer 0: mean node feature std = 1.001145
Layer 1: mean node feature std = 0.443986
Layer 0: mean node feature std = 1.009868
Layer 1: mean node feature std = 0.448088
Layer 0: mean node feature std = 0.956204
Layer 1: mean node feature std = 0.423014
Layer 0: mean node feature std = 0.976620
Layer 1: mean node feature std = 0.432748
Layer 0: mean node feature std = 0.996071
Layer 1: mean node feature std = 0.441910
Layer 0: mean node feature std = 0.979003
Layer 1: mean node feature std = 0.433603
Layer 0: mean node feature std = 1.019267
Layer 1: mean node feature std = 0.452808
Layer 0: mean node feature std = 1.012950
Layer 1: mean node feature std = 0.449750
Layer 0: mean node feature std = 1.014383
Layer 1: mean node feature std = 0.450580
Layer 0: mean node feature std = 0.973212
Layer 1: mean node feature std = 0.431370
Layer 0: mean node feature std = 0.990102
Layer 1: mean node feature std = 0.439310
Layer 0: mean node feature std = 0.986634
Layer 1: mean node feature std = 0.437764
Epoch 304 | loss=1402.9601 | 1591.8134
Layer 0: mean node feature std = 0.991348
Layer 1: mean node feature std = 0.440010
Layer 0: mean node feature std = 0.985815
Layer 1: mean node feature std = 0.437486
Layer 0: mean node feature std = 1.007766
Layer 1: mean node feature std = 0.447692
Layer 0: mean node feature std = 0.989504
Layer 1: mean node feature std = 0.439339
Layer 0: mean node feature std = 0.973575
Layer 1: mean node feature std = 0.431786
Layer 0: mean node feature std = 1.006572
Layer 1: mean node feature std = 0.447383
Layer 0: mean node feature std = 0.984320
Layer 1: mean node feature std = 0.436963
Layer 0: mean node feature std = 1.001764
Layer 1: mean node feature std = 0.445135
Layer 0: mean node feature std = 0.996445
Layer 1: mean node feature std = 0.442685
Layer 0: mean node feature std = 0.983671
Layer 1: mean node feature std = 0.436683
Layer 0: mean node feature std = 1.002452
Layer 1: mean node feature std = 0.445443
Layer 0: mean node feature std = 1.025098
Layer 1: mean node feature std = 0.456008
Layer 0: mean node feature std = 0.988558
Layer 1: mean node feature std = 0.439036
Layer 0: mean node feature std = 1.025764
Layer 1: mean node feature std = 0.456605
Layer 0: mean node feature std = 0.966554
Layer 1: mean node feature std = 0.428914
Layer 0: mean node feature std = 1.021355
Layer 1: mean node feature std = 0.454150
Epoch 305 | loss=1521.8860 | 1833.6743
Layer 0: mean node feature std = 1.014259
Layer 1: mean node feature std = 0.451522
Layer 0: mean node feature std = 0.980929
Layer 1: mean node feature std = 0.436106
Layer 0: mean node feature std = 1.007509
Layer 1: mean node feature std = 0.448531
Layer 0: mean node feature std = 1.018708
Layer 1: mean node feature std = 0.454105
Layer 0: mean node feature std = 0.981438
Layer 1: mean node feature std = 0.436490
Layer 0: mean node feature std = 0.982724
Layer 1: mean node feature std = 0.437089
Layer 0: mean node feature std = 0.968876
Layer 1: mean node feature std = 0.430451
Layer 0: mean node feature std = 1.001837
Layer 1: mean node feature std = 0.446106
Layer 0: mean node feature std = 1.001322
Layer 1: mean node feature std = 0.445950
Layer 0: mean node feature std = 1.016295
Layer 1: mean node feature std = 0.452965
Layer 0: mean node feature std = 1.013181
Layer 1: mean node feature std = 0.451622
Layer 0: mean node feature std = 0.999677
Layer 1: mean node feature std = 0.445178
Layer 0: mean node feature std = 0.969515
Layer 1: mean node feature std = 0.431091
Layer 0: mean node feature std = 0.959365
Layer 1: mean node feature std = 0.426403
Layer 0: mean node feature std = 1.013518
Layer 1: mean node feature std = 0.452012
Layer 0: mean node feature std = 1.021635
Layer 1: mean node feature std = 0.455736
Epoch 306 | loss=1416.5719 | 1544.6681
Layer 0: mean node feature std = 0.978470
Layer 1: mean node feature std = 0.435502
Layer 0: mean node feature std = 1.011238
Layer 1: mean node feature std = 0.451102
Layer 0: mean node feature std = 1.003568
Layer 1: mean node feature std = 0.447395
Layer 0: mean node feature std = 0.974988
Layer 1: mean node feature std = 0.434215
Layer 0: mean node feature std = 0.985038
Layer 1: mean node feature std = 0.438878
Layer 0: mean node feature std = 1.007903
Layer 1: mean node feature std = 0.449874
Layer 0: mean node feature std = 1.000328
Layer 1: mean node feature std = 0.446292
Layer 0: mean node feature std = 1.005886
Layer 1: mean node feature std = 0.448934
Layer 0: mean node feature std = 1.003255
Layer 1: mean node feature std = 0.447680
Layer 0: mean node feature std = 0.998422
Layer 1: mean node feature std = 0.445484
Layer 0: mean node feature std = 0.993188
Layer 1: mean node feature std = 0.443078
Layer 0: mean node feature std = 0.986887
Layer 1: mean node feature std = 0.440036
Layer 0: mean node feature std = 0.976747
Layer 1: mean node feature std = 0.435328
Layer 0: mean node feature std = 1.003779
Layer 1: mean node feature std = 0.448042
Layer 0: mean node feature std = 1.016911
Layer 1: mean node feature std = 0.454331
Layer 0: mean node feature std = 0.928542
Layer 1: mean node feature std = 0.412722
Epoch 307 | loss=1385.4996 | 1426.7848
Layer 0: mean node feature std = 0.990156
Layer 1: mean node feature std = 0.441987
Layer 0: mean node feature std = 0.998107
Layer 1: mean node feature std = 0.445840
Layer 0: mean node feature std = 0.970742
Layer 1: mean node feature std = 0.432863
Layer 0: mean node feature std = 0.992934
Layer 1: mean node feature std = 0.443280
Layer 0: mean node feature std = 1.025959
Layer 1: mean node feature std = 0.458790
Layer 0: mean node feature std = 0.988857
Layer 1: mean node feature std = 0.441358
Layer 0: mean node feature std = 0.984638
Layer 1: mean node feature std = 0.439599
Layer 0: mean node feature std = 0.985802
Layer 1: mean node feature std = 0.439900
Layer 0: mean node feature std = 0.983791
Layer 1: mean node feature std = 0.438967
Layer 0: mean node feature std = 0.999788
Layer 1: mean node feature std = 0.446736
Layer 0: mean node feature std = 1.023250
Layer 1: mean node feature std = 0.457801
Layer 0: mean node feature std = 1.007141
Layer 1: mean node feature std = 0.450077
Layer 0: mean node feature std = 0.983379
Layer 1: mean node feature std = 0.439151
Layer 0: mean node feature std = 0.998745
Layer 1: mean node feature std = 0.446502
Layer 0: mean node feature std = 0.997558
Layer 1: mean node feature std = 0.445860
Layer 0: mean node feature std = 1.012611
Layer 1: mean node feature std = 0.452842
Epoch 308 | loss=1356.1544 | 1445.1684
Layer 0: mean node feature std = 1.011801
Layer 1: mean node feature std = 0.452715
Layer 0: mean node feature std = 1.000107
Layer 1: mean node feature std = 0.447040
Layer 0: mean node feature std = 0.999608
Layer 1: mean node feature std = 0.447018
Layer 0: mean node feature std = 1.020454
Layer 1: mean node feature std = 0.456775
Layer 0: mean node feature std = 1.032222
Layer 1: mean node feature std = 0.462531
Layer 0: mean node feature std = 0.978133
Layer 1: mean node feature std = 0.437118
Layer 0: mean node feature std = 1.000655
Layer 1: mean node feature std = 0.447678
Layer 0: mean node feature std = 1.004488
Layer 1: mean node feature std = 0.449536
Layer 0: mean node feature std = 0.995006
Layer 1: mean node feature std = 0.445318
Layer 0: mean node feature std = 0.973140
Layer 1: mean node feature std = 0.434915
Layer 0: mean node feature std = 0.988466
Layer 1: mean node feature std = 0.442200
Layer 0: mean node feature std = 0.978060
Layer 1: mean node feature std = 0.437488
Layer 0: mean node feature std = 0.955761
Layer 1: mean node feature std = 0.427129
Layer 0: mean node feature std = 1.004164
Layer 1: mean node feature std = 0.449711
Layer 0: mean node feature std = 0.984556
Layer 1: mean node feature std = 0.440673
Layer 0: mean node feature std = 1.035144
Layer 1: mean node feature std = 0.464326
Epoch 309 | loss=1387.0012 | 1756.7308
Layer 0: mean node feature std = 0.953828
Layer 1: mean node feature std = 0.426204
Layer 0: mean node feature std = 1.001792
Layer 1: mean node feature std = 0.448829
Layer 0: mean node feature std = 0.992976
Layer 1: mean node feature std = 0.444759
Layer 0: mean node feature std = 1.000288
Layer 1: mean node feature std = 0.448257
Layer 0: mean node feature std = 1.004240
Layer 1: mean node feature std = 0.450248
Layer 0: mean node feature std = 1.014837
Layer 1: mean node feature std = 0.455317
Layer 0: mean node feature std = 0.992695
Layer 1: mean node feature std = 0.444790
Layer 0: mean node feature std = 0.981138
Layer 1: mean node feature std = 0.439444
Layer 0: mean node feature std = 1.007540
Layer 1: mean node feature std = 0.452115
Layer 0: mean node feature std = 1.004282
Layer 1: mean node feature std = 0.450382
Layer 0: mean node feature std = 0.974917
Layer 1: mean node feature std = 0.436670
Layer 0: mean node feature std = 0.984798
Layer 1: mean node feature std = 0.441472
Layer 0: mean node feature std = 1.000432
Layer 1: mean node feature std = 0.448758
Layer 0: mean node feature std = 1.010955
Layer 1: mean node feature std = 0.453808
Layer 0: mean node feature std = 1.004033
Layer 1: mean node feature std = 0.450475
Layer 0: mean node feature std = 1.023787
Layer 1: mean node feature std = 0.459627
Epoch 310 | loss=1452.6918 | 1782.1874
Layer 0: mean node feature std = 0.984272
Layer 1: mean node feature std = 0.441453
Layer 0: mean node feature std = 1.024019
Layer 1: mean node feature std = 0.460391
Layer 0: mean node feature std = 1.014662
Layer 1: mean node feature std = 0.456015
Layer 0: mean node feature std = 0.984472
Layer 1: mean node feature std = 0.441822
Layer 0: mean node feature std = 0.982599
Layer 1: mean node feature std = 0.440941
Layer 0: mean node feature std = 0.979873
Layer 1: mean node feature std = 0.440018
Layer 0: mean node feature std = 0.985329
Layer 1: mean node feature std = 0.442516
Layer 0: mean node feature std = 1.003026
Layer 1: mean node feature std = 0.450777
Layer 0: mean node feature std = 1.006457
Layer 1: mean node feature std = 0.452445
Layer 0: mean node feature std = 1.027631
Layer 1: mean node feature std = 0.462623
Layer 0: mean node feature std = 0.980856
Layer 1: mean node feature std = 0.440543
Layer 0: mean node feature std = 0.986446
Layer 1: mean node feature std = 0.443272
Layer 0: mean node feature std = 0.979569
Layer 1: mean node feature std = 0.440121
Layer 0: mean node feature std = 0.999716
Layer 1: mean node feature std = 0.449823
Layer 0: mean node feature std = 0.987695
Layer 1: mean node feature std = 0.444100
Layer 0: mean node feature std = 1.035145
Layer 1: mean node feature std = 0.466546
Epoch 311 | loss=1396.1444 | 1959.4099
Layer 0: mean node feature std = 1.018420
Layer 1: mean node feature std = 0.458754
Layer 0: mean node feature std = 1.015610
Layer 1: mean node feature std = 0.457537
Layer 0: mean node feature std = 1.004390
Layer 1: mean node feature std = 0.452106
Layer 0: mean node feature std = 0.983853
Layer 1: mean node feature std = 0.442349
Layer 0: mean node feature std = 0.968926
Layer 1: mean node feature std = 0.435230
Layer 0: mean node feature std = 0.993206
Layer 1: mean node feature std = 0.446888
Layer 0: mean node feature std = 0.987066
Layer 1: mean node feature std = 0.444071
Layer 0: mean node feature std = 0.978871
Layer 1: mean node feature std = 0.440201
Layer 0: mean node feature std = 1.006221
Layer 1: mean node feature std = 0.453079
Layer 0: mean node feature std = 0.988381
Layer 1: mean node feature std = 0.444721
Layer 0: mean node feature std = 1.026817
Layer 1: mean node feature std = 0.462964
Layer 0: mean node feature std = 0.986482
Layer 1: mean node feature std = 0.443815
Layer 0: mean node feature std = 1.011361
Layer 1: mean node feature std = 0.455750
Layer 0: mean node feature std = 0.986542
Layer 1: mean node feature std = 0.444133
Layer 0: mean node feature std = 0.978637
Layer 1: mean node feature std = 0.440456
Layer 0: mean node feature std = 0.991610
Layer 1: mean node feature std = 0.446754
Epoch 312 | loss=1408.0292 | 1434.9625
Layer 0: mean node feature std = 1.004151
Layer 1: mean node feature std = 0.452674
Layer 0: mean node feature std = 0.991184
Layer 1: mean node feature std = 0.446543
Layer 0: mean node feature std = 1.011382
Layer 1: mean node feature std = 0.456096
Layer 0: mean node feature std = 1.006756
Layer 1: mean node feature std = 0.454186
Layer 0: mean node feature std = 0.957475
Layer 1: mean node feature std = 0.430603
Layer 0: mean node feature std = 1.003732
Layer 1: mean node feature std = 0.452711
Layer 0: mean node feature std = 1.015262
Layer 1: mean node feature std = 0.458064
Layer 0: mean node feature std = 1.003282
Layer 1: mean node feature std = 0.452756
Layer 0: mean node feature std = 0.983837
Layer 1: mean node feature std = 0.443345
Layer 0: mean node feature std = 0.965877
Layer 1: mean node feature std = 0.434948
Layer 0: mean node feature std = 0.997890
Layer 1: mean node feature std = 0.450151
Layer 0: mean node feature std = 1.006792
Layer 1: mean node feature std = 0.454557
Layer 0: mean node feature std = 1.016405
Layer 1: mean node feature std = 0.458964
Layer 0: mean node feature std = 0.976850
Layer 1: mean node feature std = 0.440454
Layer 0: mean node feature std = 1.004513
Layer 1: mean node feature std = 0.453477
Layer 0: mean node feature std = 0.935058
Layer 1: mean node feature std = 0.420370
Epoch 313 | loss=1370.8424 | 1683.0267
Layer 0: mean node feature std = 1.003104
Layer 1: mean node feature std = 0.452905
Layer 0: mean node feature std = 0.975397
Layer 1: mean node feature std = 0.439716
Layer 0: mean node feature std = 1.001250
Layer 1: mean node feature std = 0.452077
Layer 0: mean node feature std = 0.975408
Layer 1: mean node feature std = 0.439865
Layer 0: mean node feature std = 1.004292
Layer 1: mean node feature std = 0.453784
Layer 0: mean node feature std = 1.001212
Layer 1: mean node feature std = 0.452249
Layer 0: mean node feature std = 0.983666
Layer 1: mean node feature std = 0.443913
Layer 0: mean node feature std = 1.009211
Layer 1: mean node feature std = 0.456292
Layer 0: mean node feature std = 0.988458
Layer 1: mean node feature std = 0.446521
Layer 0: mean node feature std = 0.992881
Layer 1: mean node feature std = 0.448769
Layer 0: mean node feature std = 1.010476
Layer 1: mean node feature std = 0.457055
Layer 0: mean node feature std = 1.017642
Layer 1: mean node feature std = 0.460429
Layer 0: mean node feature std = 0.984200
Layer 1: mean node feature std = 0.444727
Layer 0: mean node feature std = 1.006297
Layer 1: mean node feature std = 0.455218
Layer 0: mean node feature std = 0.977023
Layer 1: mean node feature std = 0.441355
Layer 0: mean node feature std = 1.014362
Layer 1: mean node feature std = 0.458920
Epoch 314 | loss=1374.0258 | 1445.7473
Layer 0: mean node feature std = 0.994387
Layer 1: mean node feature std = 0.449478
Layer 0: mean node feature std = 1.017596
Layer 1: mean node feature std = 0.460587
Layer 0: mean node feature std = 0.992952
Layer 1: mean node feature std = 0.448883
Layer 0: mean node feature std = 0.996416
Layer 1: mean node feature std = 0.450777
Layer 0: mean node feature std = 0.998227
Layer 1: mean node feature std = 0.451542
Layer 0: mean node feature std = 1.003026
Layer 1: mean node feature std = 0.453851
Layer 0: mean node feature std = 0.981448
Layer 1: mean node feature std = 0.443625
Layer 0: mean node feature std = 1.008273
Layer 1: mean node feature std = 0.456578
Layer 0: mean node feature std = 0.998524
Layer 1: mean node feature std = 0.451991
Layer 0: mean node feature std = 0.974670
Layer 1: mean node feature std = 0.440659
Layer 0: mean node feature std = 0.951718
Layer 1: mean node feature std = 0.429831
Layer 0: mean node feature std = 0.994920
Layer 1: mean node feature std = 0.450315
Layer 0: mean node feature std = 1.040145
Layer 1: mean node feature std = 0.471737
Layer 0: mean node feature std = 0.999434
Layer 1: mean node feature std = 0.452515
Layer 0: mean node feature std = 0.976664
Layer 1: mean node feature std = 0.441682
Layer 0: mean node feature std = 1.025661
Layer 1: mean node feature std = 0.464931
Epoch 315 | loss=1387.9795 | 1428.4970
Layer 0: mean node feature std = 0.986782
Layer 1: mean node feature std = 0.446621
Layer 0: mean node feature std = 1.011026
Layer 1: mean node feature std = 0.458231
Layer 0: mean node feature std = 0.978200
Layer 1: mean node feature std = 0.442524
Layer 0: mean node feature std = 0.989769
Layer 1: mean node feature std = 0.448158
Layer 0: mean node feature std = 0.977339
Layer 1: mean node feature std = 0.442201
Layer 0: mean node feature std = 0.967120
Layer 1: mean node feature std = 0.437427
Layer 0: mean node feature std = 1.007363
Layer 1: mean node feature std = 0.456459
Layer 0: mean node feature std = 1.000358
Layer 1: mean node feature std = 0.453275
Layer 0: mean node feature std = 0.998539
Layer 1: mean node feature std = 0.452563
Layer 0: mean node feature std = 1.002477
Layer 1: mean node feature std = 0.454700
Layer 0: mean node feature std = 1.000674
Layer 1: mean node feature std = 0.453449
Layer 0: mean node feature std = 1.012665
Layer 1: mean node feature std = 0.459298
Layer 0: mean node feature std = 1.027967
Layer 1: mean node feature std = 0.466835
Layer 0: mean node feature std = 0.997202
Layer 1: mean node feature std = 0.452092
Layer 0: mean node feature std = 0.977043
Layer 1: mean node feature std = 0.442447
Layer 0: mean node feature std = 0.992990
Layer 1: mean node feature std = 0.449681
Epoch 316 | loss=1379.1138 | 1614.2058
Layer 0: mean node feature std = 1.007650
Layer 1: mean node feature std = 0.457034
Layer 0: mean node feature std = 1.028662
Layer 1: mean node feature std = 0.467145
Layer 0: mean node feature std = 0.999352
Layer 1: mean node feature std = 0.453425
Layer 0: mean node feature std = 0.978078
Layer 1: mean node feature std = 0.443244
Layer 0: mean node feature std = 1.002651
Layer 1: mean node feature std = 0.455077
Layer 0: mean node feature std = 0.966823
Layer 1: mean node feature std = 0.437970
Layer 0: mean node feature std = 0.980466
Layer 1: mean node feature std = 0.444578
Layer 0: mean node feature std = 0.989175
Layer 1: mean node feature std = 0.448771
Layer 0: mean node feature std = 1.012970
Layer 1: mean node feature std = 0.460069
Layer 0: mean node feature std = 1.011637
Layer 1: mean node feature std = 0.459605
Layer 0: mean node feature std = 1.004351
Layer 1: mean node feature std = 0.456124
Layer 0: mean node feature std = 0.993017
Layer 1: mean node feature std = 0.450613
Layer 0: mean node feature std = 0.993203
Layer 1: mean node feature std = 0.450877
Layer 0: mean node feature std = 0.987289
Layer 1: mean node feature std = 0.448103
Layer 0: mean node feature std = 0.984307
Layer 1: mean node feature std = 0.446808
Layer 0: mean node feature std = 0.965754
Layer 1: mean node feature std = 0.437566
Epoch 317 | loss=1391.7514 | 1436.2683
Layer 0: mean node feature std = 1.001639
Layer 1: mean node feature std = 0.455238
Layer 0: mean node feature std = 1.013512
Layer 1: mean node feature std = 0.460792
Layer 0: mean node feature std = 1.020808
Layer 1: mean node feature std = 0.464452
Layer 0: mean node feature std = 1.011718
Layer 1: mean node feature std = 0.460035
Layer 0: mean node feature std = 1.008038
Layer 1: mean node feature std = 0.458441
Layer 0: mean node feature std = 1.002391
Layer 1: mean node feature std = 0.455786
Layer 0: mean node feature std = 0.999145
Layer 1: mean node feature std = 0.454078
Layer 0: mean node feature std = 0.971786
Layer 1: mean node feature std = 0.440980
Layer 0: mean node feature std = 0.956652
Layer 1: mean node feature std = 0.433816
Layer 0: mean node feature std = 0.990629
Layer 1: mean node feature std = 0.450119
Layer 0: mean node feature std = 1.009035
Layer 1: mean node feature std = 0.459015
Layer 0: mean node feature std = 0.991713
Layer 1: mean node feature std = 0.450749
Layer 0: mean node feature std = 0.994651
Layer 1: mean node feature std = 0.452249
Layer 0: mean node feature std = 0.981879
Layer 1: mean node feature std = 0.446223
Layer 0: mean node feature std = 0.983259
Layer 1: mean node feature std = 0.446966
Layer 0: mean node feature std = 0.980561
Layer 1: mean node feature std = 0.445410
Epoch 318 | loss=1370.5080 | 1612.5068
Layer 0: mean node feature std = 1.003713
Layer 1: mean node feature std = 0.456926
Layer 0: mean node feature std = 0.979652
Layer 1: mean node feature std = 0.445347
Layer 0: mean node feature std = 0.988411
Layer 1: mean node feature std = 0.449553
Layer 0: mean node feature std = 1.009187
Layer 1: mean node feature std = 0.459391
Layer 0: mean node feature std = 0.993933
Layer 1: mean node feature std = 0.452336
Layer 0: mean node feature std = 0.994930
Layer 1: mean node feature std = 0.452889
Layer 0: mean node feature std = 0.998912
Layer 1: mean node feature std = 0.454835
Layer 0: mean node feature std = 0.993922
Layer 1: mean node feature std = 0.452568
Layer 0: mean node feature std = 0.975344
Layer 1: mean node feature std = 0.443443
Layer 0: mean node feature std = 1.009511
Layer 1: mean node feature std = 0.460050
Layer 0: mean node feature std = 0.978757
Layer 1: mean node feature std = 0.445373
Layer 0: mean node feature std = 0.986682
Layer 1: mean node feature std = 0.449223
Layer 0: mean node feature std = 0.998817
Layer 1: mean node feature std = 0.455007
Layer 0: mean node feature std = 1.018216
Layer 1: mean node feature std = 0.464324
Layer 0: mean node feature std = 0.990517
Layer 1: mean node feature std = 0.451427
Layer 0: mean node feature std = 1.067763
Layer 1: mean node feature std = 0.488146
Epoch 319 | loss=1379.0196 | 1381.4361
Layer 0: mean node feature std = 1.006208
Layer 1: mean node feature std = 0.458843
Layer 0: mean node feature std = 0.987276
Layer 1: mean node feature std = 0.449767
Layer 0: mean node feature std = 1.011460
Layer 1: mean node feature std = 0.461305
Layer 0: mean node feature std = 1.025064
Layer 1: mean node feature std = 0.467941
Layer 0: mean node feature std = 0.968836
Layer 1: mean node feature std = 0.440800
Layer 0: mean node feature std = 1.006686
Layer 1: mean node feature std = 0.459297
Layer 0: mean node feature std = 0.995790
Layer 1: mean node feature std = 0.453874
Layer 0: mean node feature std = 0.978375
Layer 1: mean node feature std = 0.445721
Layer 0: mean node feature std = 0.992584
Layer 1: mean node feature std = 0.452283
Layer 0: mean node feature std = 1.005576
Layer 1: mean node feature std = 0.458946
Layer 0: mean node feature std = 0.983484
Layer 1: mean node feature std = 0.448402
Layer 0: mean node feature std = 1.007058
Layer 1: mean node feature std = 0.459903
Layer 0: mean node feature std = 0.996240
Layer 1: mean node feature std = 0.454452
Layer 0: mean node feature std = 0.986438
Layer 1: mean node feature std = 0.449730
Layer 0: mean node feature std = 0.972561
Layer 1: mean node feature std = 0.443317
Layer 0: mean node feature std = 1.051059
Layer 1: mean node feature std = 0.480655
Epoch 320 | loss=1451.1191 | 1564.0399
Layer 0: mean node feature std = 0.993122
Layer 1: mean node feature std = 0.453301
Layer 0: mean node feature std = 0.966743
Layer 1: mean node feature std = 0.440638
Layer 0: mean node feature std = 1.014035
Layer 1: mean node feature std = 0.463371
Layer 0: mean node feature std = 1.009849
Layer 1: mean node feature std = 0.461417
Layer 0: mean node feature std = 1.004867
Layer 1: mean node feature std = 0.459250
Layer 0: mean node feature std = 1.003623
Layer 1: mean node feature std = 0.458482
Layer 0: mean node feature std = 1.005060
Layer 1: mean node feature std = 0.458993
Layer 0: mean node feature std = 0.961501
Layer 1: mean node feature std = 0.438451
Layer 0: mean node feature std = 0.996447
Layer 1: mean node feature std = 0.455409
Layer 0: mean node feature std = 1.022865
Layer 1: mean node feature std = 0.468058
Layer 0: mean node feature std = 1.003562
Layer 1: mean node feature std = 0.458664
Layer 0: mean node feature std = 1.004955
Layer 1: mean node feature std = 0.459712
Layer 0: mean node feature std = 0.999442
Layer 1: mean node feature std = 0.456940
Layer 0: mean node feature std = 0.979667
Layer 1: mean node feature std = 0.447382
Layer 0: mean node feature std = 0.977444
Layer 1: mean node feature std = 0.446290
Layer 0: mean node feature std = 0.946817
Layer 1: mean node feature std = 0.431575
Epoch 321 | loss=1354.1712 | 1424.9544
Layer 0: mean node feature std = 1.001721
Layer 1: mean node feature std = 0.458355
Layer 0: mean node feature std = 1.011355
Layer 1: mean node feature std = 0.462840
Layer 0: mean node feature std = 0.981049
Layer 1: mean node feature std = 0.448522
Layer 0: mean node feature std = 0.945769
Layer 1: mean node feature std = 0.431392
Layer 0: mean node feature std = 1.002526
Layer 1: mean node feature std = 0.459055
Layer 0: mean node feature std = 1.008029
Layer 1: mean node feature std = 0.461682
Layer 0: mean node feature std = 0.998841
Layer 1: mean node feature std = 0.457374
Layer 0: mean node feature std = 0.989590
Layer 1: mean node feature std = 0.452931
Layer 0: mean node feature std = 0.982200
Layer 1: mean node feature std = 0.449511
Layer 0: mean node feature std = 1.009797
Layer 1: mean node feature std = 0.462908
Layer 0: mean node feature std = 1.034203
Layer 1: mean node feature std = 0.474605
Layer 0: mean node feature std = 0.990220
Layer 1: mean node feature std = 0.453324
Layer 0: mean node feature std = 1.007743
Layer 1: mean node feature std = 0.462026
Layer 0: mean node feature std = 0.998643
Layer 1: mean node feature std = 0.457550
Layer 0: mean node feature std = 0.966170
Layer 1: mean node feature std = 0.441819
Layer 0: mean node feature std = 1.028562
Layer 1: mean node feature std = 0.471877
Epoch 322 | loss=1331.9881 | 1399.6444
Layer 0: mean node feature std = 0.991989
Layer 1: mean node feature std = 0.454397
Layer 0: mean node feature std = 0.971100
Layer 1: mean node feature std = 0.444308
Layer 0: mean node feature std = 0.990424
Layer 1: mean node feature std = 0.453727
Layer 0: mean node feature std = 0.996833
Layer 1: mean node feature std = 0.457024
Layer 0: mean node feature std = 0.994561
Layer 1: mean node feature std = 0.455783
Layer 0: mean node feature std = 0.995035
Layer 1: mean node feature std = 0.456085
Layer 0: mean node feature std = 1.002795
Layer 1: mean node feature std = 0.459975
Layer 0: mean node feature std = 0.990930
Layer 1: mean node feature std = 0.454339
Layer 0: mean node feature std = 1.000692
Layer 1: mean node feature std = 0.459335
Layer 0: mean node feature std = 1.009331
Layer 1: mean node feature std = 0.463363
Layer 0: mean node feature std = 1.011229
Layer 1: mean node feature std = 0.464309
Layer 0: mean node feature std = 0.991738
Layer 1: mean node feature std = 0.454892
Layer 0: mean node feature std = 0.983695
Layer 1: mean node feature std = 0.451051
Layer 0: mean node feature std = 1.018454
Layer 1: mean node feature std = 0.468008
Layer 0: mean node feature std = 0.990862
Layer 1: mean node feature std = 0.454746
Layer 0: mean node feature std = 0.965569
Layer 1: mean node feature std = 0.442421
Epoch 323 | loss=1346.7138 | 1444.2687
Layer 0: mean node feature std = 0.993699
Layer 1: mean node feature std = 0.456116
Layer 0: mean node feature std = 0.996443
Layer 1: mean node feature std = 0.457579
Layer 0: mean node feature std = 1.010913
Layer 1: mean node feature std = 0.464471
Layer 0: mean node feature std = 1.004429
Layer 1: mean node feature std = 0.461308
Layer 0: mean node feature std = 1.010241
Layer 1: mean node feature std = 0.464344
Layer 0: mean node feature std = 1.023767
Layer 1: mean node feature std = 0.470841
Layer 0: mean node feature std = 0.978879
Layer 1: mean node feature std = 0.449206
Layer 0: mean node feature std = 0.987387
Layer 1: mean node feature std = 0.453411
Layer 0: mean node feature std = 0.952610
Layer 1: mean node feature std = 0.436575
Layer 0: mean node feature std = 0.984535
Layer 1: mean node feature std = 0.452166
Layer 0: mean node feature std = 1.010657
Layer 1: mean node feature std = 0.464869
Layer 0: mean node feature std = 0.983179
Layer 1: mean node feature std = 0.451637
Layer 0: mean node feature std = 0.998038
Layer 1: mean node feature std = 0.458923
Layer 0: mean node feature std = 1.008981
Layer 1: mean node feature std = 0.464208
Layer 0: mean node feature std = 0.994377
Layer 1: mean node feature std = 0.457105
Layer 0: mean node feature std = 0.973733
Layer 1: mean node feature std = 0.447604
Epoch 324 | loss=1395.8137 | 1584.0673
Layer 0: mean node feature std = 1.022847
Layer 1: mean node feature std = 0.470916
Layer 0: mean node feature std = 0.993887
Layer 1: mean node feature std = 0.457013
Layer 0: mean node feature std = 1.002474
Layer 1: mean node feature std = 0.461266
Layer 0: mean node feature std = 0.979397
Layer 1: mean node feature std = 0.450111
Layer 0: mean node feature std = 0.979571
Layer 1: mean node feature std = 0.450234
Layer 0: mean node feature std = 1.005545
Layer 1: mean node feature std = 0.462724
Layer 0: mean node feature std = 1.006294
Layer 1: mean node feature std = 0.463359
Layer 0: mean node feature std = 0.983356
Layer 1: mean node feature std = 0.452167
Layer 0: mean node feature std = 1.036062
Layer 1: mean node feature std = 0.477705
Layer 0: mean node feature std = 1.007617
Layer 1: mean node feature std = 0.463937
Layer 0: mean node feature std = 0.976181
Layer 1: mean node feature std = 0.448932
Layer 0: mean node feature std = 0.984016
Layer 1: mean node feature std = 0.452749
Layer 0: mean node feature std = 0.986319
Layer 1: mean node feature std = 0.453863
Layer 0: mean node feature std = 0.969850
Layer 1: mean node feature std = 0.445957
Layer 0: mean node feature std = 0.993368
Layer 1: mean node feature std = 0.457503
Layer 0: mean node feature std = 1.034267
Layer 1: mean node feature std = 0.477550
Epoch 325 | loss=1390.0701 | 1666.5285
Layer 0: mean node feature std = 1.005482
Layer 1: mean node feature std = 0.463556
Layer 0: mean node feature std = 1.014882
Layer 1: mean node feature std = 0.468034
Layer 0: mean node feature std = 1.004381
Layer 1: mean node feature std = 0.462966
Layer 0: mean node feature std = 0.985680
Layer 1: mean node feature std = 0.453761
Layer 0: mean node feature std = 0.987282
Layer 1: mean node feature std = 0.454707
Layer 0: mean node feature std = 1.013627
Layer 1: mean node feature std = 0.467398
Layer 0: mean node feature std = 0.967670
Layer 1: mean node feature std = 0.445238
Layer 0: mean node feature std = 1.005278
Layer 1: mean node feature std = 0.463577
Layer 0: mean node feature std = 0.991377
Layer 1: mean node feature std = 0.456868
Layer 0: mean node feature std = 0.998806
Layer 1: mean node feature std = 0.460551
Layer 0: mean node feature std = 0.994801
Layer 1: mean node feature std = 0.458565
Layer 0: mean node feature std = 1.011531
Layer 1: mean node feature std = 0.466681
Layer 0: mean node feature std = 0.977618
Layer 1: mean node feature std = 0.450350
Layer 0: mean node feature std = 0.981212
Layer 1: mean node feature std = 0.452097
Layer 0: mean node feature std = 0.996010
Layer 1: mean node feature std = 0.459469
Layer 0: mean node feature std = 0.987058
Layer 1: mean node feature std = 0.454885
Epoch 326 | loss=1355.7557 | 2029.4060
Layer 0: mean node feature std = 0.996540
Layer 1: mean node feature std = 0.459833
Layer 0: mean node feature std = 0.987289
Layer 1: mean node feature std = 0.455263
Layer 0: mean node feature std = 0.998844
Layer 1: mean node feature std = 0.460862
Layer 0: mean node feature std = 1.003420
Layer 1: mean node feature std = 0.463105
Layer 0: mean node feature std = 0.998908
Layer 1: mean node feature std = 0.461077
Layer 0: mean node feature std = 1.003623
Layer 1: mean node feature std = 0.463315
Layer 0: mean node feature std = 0.966639
Layer 1: mean node feature std = 0.445487
Layer 0: mean node feature std = 1.018899
Layer 1: mean node feature std = 0.470943
Layer 0: mean node feature std = 0.984514
Layer 1: mean node feature std = 0.454310
Layer 0: mean node feature std = 1.001043
Layer 1: mean node feature std = 0.462204
Layer 0: mean node feature std = 0.993282
Layer 1: mean node feature std = 0.458743
Layer 0: mean node feature std = 0.984127
Layer 1: mean node feature std = 0.454175
Layer 0: mean node feature std = 1.014063
Layer 1: mean node feature std = 0.468892
Layer 0: mean node feature std = 0.994366
Layer 1: mean node feature std = 0.459403
Layer 0: mean node feature std = 0.984742
Layer 1: mean node feature std = 0.454700
Layer 0: mean node feature std = 1.015529
Layer 1: mean node feature std = 0.469567
Epoch 327 | loss=1449.8976 | 1647.0671
Layer 0: mean node feature std = 0.993029
Layer 1: mean node feature std = 0.458955
Layer 0: mean node feature std = 0.995973
Layer 1: mean node feature std = 0.460359
Layer 0: mean node feature std = 0.997309
Layer 1: mean node feature std = 0.461156
Layer 0: mean node feature std = 1.009706
Layer 1: mean node feature std = 0.467453
Layer 0: mean node feature std = 0.989704
Layer 1: mean node feature std = 0.457637
Layer 0: mean node feature std = 0.976926
Layer 1: mean node feature std = 0.451351
Layer 0: mean node feature std = 1.026553
Layer 1: mean node feature std = 0.475532
Layer 0: mean node feature std = 0.975455
Layer 1: mean node feature std = 0.450650
Layer 0: mean node feature std = 1.001280
Layer 1: mean node feature std = 0.463256
Layer 0: mean node feature std = 0.995308
Layer 1: mean node feature std = 0.460649
Layer 0: mean node feature std = 0.987506
Layer 1: mean node feature std = 0.456590
Layer 0: mean node feature std = 0.976879
Layer 1: mean node feature std = 0.451569
Layer 0: mean node feature std = 1.035633
Layer 1: mean node feature std = 0.480376
Layer 0: mean node feature std = 0.975876
Layer 1: mean node feature std = 0.451192
Layer 0: mean node feature std = 0.997820
Layer 1: mean node feature std = 0.462007
Layer 0: mean node feature std = 0.990681
Layer 1: mean node feature std = 0.458735
Epoch 328 | loss=1418.9509 | 1695.7247
Layer 0: mean node feature std = 0.990523
Layer 1: mean node feature std = 0.458607
Layer 0: mean node feature std = 0.987609
Layer 1: mean node feature std = 0.457365
Layer 0: mean node feature std = 1.013205
Layer 1: mean node feature std = 0.469983
Layer 0: mean node feature std = 0.977225
Layer 1: mean node feature std = 0.452296
Layer 0: mean node feature std = 1.010518
Layer 1: mean node feature std = 0.468522
Layer 0: mean node feature std = 0.998993
Layer 1: mean node feature std = 0.462960
Layer 0: mean node feature std = 1.010739
Layer 1: mean node feature std = 0.468842
Layer 0: mean node feature std = 0.991255
Layer 1: mean node feature std = 0.459433
Layer 0: mean node feature std = 0.976249
Layer 1: mean node feature std = 0.451985
Layer 0: mean node feature std = 0.968594
Layer 1: mean node feature std = 0.448435
Layer 0: mean node feature std = 1.007705
Layer 1: mean node feature std = 0.467509
Layer 0: mean node feature std = 0.982553
Layer 1: mean node feature std = 0.455530
Layer 0: mean node feature std = 1.000254
Layer 1: mean node feature std = 0.464021
Layer 0: mean node feature std = 1.013169
Layer 1: mean node feature std = 0.470336
Layer 0: mean node feature std = 1.003632
Layer 1: mean node feature std = 0.465854
Layer 0: mean node feature std = 1.005268
Layer 1: mean node feature std = 0.466744
Epoch 329 | loss=1374.2612 | 1415.6125
Layer 0: mean node feature std = 0.999010
Layer 1: mean node feature std = 0.463755
Layer 0: mean node feature std = 0.990458
Layer 1: mean node feature std = 0.459557
Layer 0: mean node feature std = 1.017542
Layer 1: mean node feature std = 0.472764
Layer 0: mean node feature std = 0.996896
Layer 1: mean node feature std = 0.462721
Layer 0: mean node feature std = 0.994825
Layer 1: mean node feature std = 0.461755
Layer 0: mean node feature std = 0.966983
Layer 1: mean node feature std = 0.448168
Layer 0: mean node feature std = 0.976421
Layer 1: mean node feature std = 0.452651
Layer 0: mean node feature std = 0.981975
Layer 1: mean node feature std = 0.455613
Layer 0: mean node feature std = 0.979307
Layer 1: mean node feature std = 0.454334
Layer 0: mean node feature std = 0.985714
Layer 1: mean node feature std = 0.457385
Layer 0: mean node feature std = 1.006385
Layer 1: mean node feature std = 0.467675
Layer 0: mean node feature std = 1.009687
Layer 1: mean node feature std = 0.469305
Layer 0: mean node feature std = 1.010871
Layer 1: mean node feature std = 0.470091
Layer 0: mean node feature std = 1.009911
Layer 1: mean node feature std = 0.469569
Layer 0: mean node feature std = 0.999457
Layer 1: mean node feature std = 0.464449
Layer 0: mean node feature std = 1.041433
Layer 1: mean node feature std = 0.484950
Epoch 330 | loss=1393.3832 | 1421.1624
Layer 0: mean node feature std = 0.968061
Layer 1: mean node feature std = 0.449200
Layer 0: mean node feature std = 0.991797
Layer 1: mean node feature std = 0.460831
Layer 0: mean node feature std = 0.998067
Layer 1: mean node feature std = 0.463762
Layer 0: mean node feature std = 1.016701
Layer 1: mean node feature std = 0.472924
Layer 0: mean node feature std = 0.977935
Layer 1: mean node feature std = 0.454153
Layer 0: mean node feature std = 1.010103
Layer 1: mean node feature std = 0.470178
Layer 0: mean node feature std = 0.993880
Layer 1: mean node feature std = 0.462070
Layer 0: mean node feature std = 0.980470
Layer 1: mean node feature std = 0.455488
Layer 0: mean node feature std = 0.998043
Layer 1: mean node feature std = 0.464128
Layer 0: mean node feature std = 0.980934
Layer 1: mean node feature std = 0.456130
Layer 0: mean node feature std = 1.021163
Layer 1: mean node feature std = 0.475756
Layer 0: mean node feature std = 1.015542
Layer 1: mean node feature std = 0.473094
Layer 0: mean node feature std = 0.972512
Layer 1: mean node feature std = 0.452063
Layer 0: mean node feature std = 0.991121
Layer 1: mean node feature std = 0.461347
Layer 0: mean node feature std = 1.006042
Layer 1: mean node feature std = 0.468798
Layer 0: mean node feature std = 1.057808
Layer 1: mean node feature std = 0.494407
Epoch 331 | loss=1400.9603 | 1676.7458
Layer 0: mean node feature std = 1.005721
Layer 1: mean node feature std = 0.468480
Layer 0: mean node feature std = 1.021645
Layer 1: mean node feature std = 0.476449
Layer 0: mean node feature std = 1.027650
Layer 1: mean node feature std = 0.479525
Layer 0: mean node feature std = 0.998290
Layer 1: mean node feature std = 0.465053
Layer 0: mean node feature std = 0.988328
Layer 1: mean node feature std = 0.460123
Layer 0: mean node feature std = 1.021289
Layer 1: mean node feature std = 0.476268
Layer 0: mean node feature std = 0.989297
Layer 1: mean node feature std = 0.460688
Layer 0: mean node feature std = 0.993586
Layer 1: mean node feature std = 0.462811
Layer 0: mean node feature std = 0.964756
Layer 1: mean node feature std = 0.448690
Layer 0: mean node feature std = 0.989714
Layer 1: mean node feature std = 0.461018
Layer 0: mean node feature std = 0.972417
Layer 1: mean node feature std = 0.452339
Layer 0: mean node feature std = 0.965201
Layer 1: mean node feature std = 0.448955
Layer 0: mean node feature std = 0.989449
Layer 1: mean node feature std = 0.460985
Layer 0: mean node feature std = 0.983933
Layer 1: mean node feature std = 0.458409
Layer 0: mean node feature std = 1.022346
Layer 1: mean node feature std = 0.477348
Layer 0: mean node feature std = 0.997804
Layer 1: mean node feature std = 0.465290
Epoch 332 | loss=1378.9629 | 1443.0502
Layer 0: mean node feature std = 1.006104
Layer 1: mean node feature std = 0.469545
Layer 0: mean node feature std = 0.982826
Layer 1: mean node feature std = 0.458240
Layer 0: mean node feature std = 1.027541
Layer 1: mean node feature std = 0.480240
Layer 0: mean node feature std = 0.984229
Layer 1: mean node feature std = 0.458893
Layer 0: mean node feature std = 1.001133
Layer 1: mean node feature std = 0.467223
Layer 0: mean node feature std = 1.022142
Layer 1: mean node feature std = 0.477416
Layer 0: mean node feature std = 1.004438
Layer 1: mean node feature std = 0.468689
Layer 0: mean node feature std = 0.985527
Layer 1: mean node feature std = 0.459410
Layer 0: mean node feature std = 0.999150
Layer 1: mean node feature std = 0.466100
Layer 0: mean node feature std = 0.993491
Layer 1: mean node feature std = 0.463269
Layer 0: mean node feature std = 0.969280
Layer 1: mean node feature std = 0.451464
Layer 0: mean node feature std = 0.992200
Layer 1: mean node feature std = 0.462822
Layer 0: mean node feature std = 0.981153
Layer 1: mean node feature std = 0.457417
Layer 0: mean node feature std = 0.990953
Layer 1: mean node feature std = 0.462510
Layer 0: mean node feature std = 0.990780
Layer 1: mean node feature std = 0.462097
Layer 0: mean node feature std = 1.012069
Layer 1: mean node feature std = 0.472450
Epoch 333 | loss=1431.8442 | 1898.1444
Layer 0: mean node feature std = 0.985179
Layer 1: mean node feature std = 0.459717
Layer 0: mean node feature std = 0.990476
Layer 1: mean node feature std = 0.462360
Layer 0: mean node feature std = 0.989088
Layer 1: mean node feature std = 0.461679
Layer 0: mean node feature std = 0.980244
Layer 1: mean node feature std = 0.457446
Layer 0: mean node feature std = 0.987263
Layer 1: mean node feature std = 0.460893
Layer 0: mean node feature std = 0.978714
Layer 1: mean node feature std = 0.456651
Layer 0: mean node feature std = 1.017460
Layer 1: mean node feature std = 0.475857
Layer 0: mean node feature std = 1.013956
Layer 1: mean node feature std = 0.474103
Layer 0: mean node feature std = 0.987356
Layer 1: mean node feature std = 0.461059
Layer 0: mean node feature std = 0.995477
Layer 1: mean node feature std = 0.465178
Layer 0: mean node feature std = 0.986065
Layer 1: mean node feature std = 0.460713
Layer 0: mean node feature std = 0.988092
Layer 1: mean node feature std = 0.461438
Layer 0: mean node feature std = 1.000275
Layer 1: mean node feature std = 0.467692
Layer 0: mean node feature std = 1.024840
Layer 1: mean node feature std = 0.479808
Layer 0: mean node feature std = 1.023023
Layer 1: mean node feature std = 0.478994
Layer 0: mean node feature std = 0.923742
Layer 1: mean node feature std = 0.430043
Epoch 334 | loss=1400.6319 | 1746.0411
Layer 0: mean node feature std = 0.999087
Layer 1: mean node feature std = 0.467079
Layer 0: mean node feature std = 1.000803
Layer 1: mean node feature std = 0.468220
Layer 0: mean node feature std = 0.993046
Layer 1: mean node feature std = 0.464255
Layer 0: mean node feature std = 0.969332
Layer 1: mean node feature std = 0.452640
Layer 0: mean node feature std = 1.018872
Layer 1: mean node feature std = 0.477083
Layer 0: mean node feature std = 0.999158
Layer 1: mean node feature std = 0.467292
Layer 0: mean node feature std = 0.982301
Layer 1: mean node feature std = 0.459320
Layer 0: mean node feature std = 0.993090
Layer 1: mean node feature std = 0.464688
Layer 0: mean node feature std = 1.002437
Layer 1: mean node feature std = 0.469292
Layer 0: mean node feature std = 1.005811
Layer 1: mean node feature std = 0.470951
Layer 0: mean node feature std = 0.993460
Layer 1: mean node feature std = 0.464910
Layer 0: mean node feature std = 0.972752
Layer 1: mean node feature std = 0.454798
Layer 0: mean node feature std = 0.975667
Layer 1: mean node feature std = 0.456177
Layer 0: mean node feature std = 1.016823
Layer 1: mean node feature std = 0.476623
Layer 0: mean node feature std = 1.017901
Layer 1: mean node feature std = 0.477068
Layer 0: mean node feature std = 0.960904
Layer 1: mean node feature std = 0.449267
Epoch 335 | loss=1356.9922 | 1928.4748
Layer 0: mean node feature std = 1.033374
Layer 1: mean node feature std = 0.485033
Layer 0: mean node feature std = 1.003539
Layer 1: mean node feature std = 0.470391
Layer 0: mean node feature std = 0.976487
Layer 1: mean node feature std = 0.456756
Layer 0: mean node feature std = 1.021274
Layer 1: mean node feature std = 0.479078
Layer 0: mean node feature std = 0.990185
Layer 1: mean node feature std = 0.463820
Layer 0: mean node feature std = 0.977690
Layer 1: mean node feature std = 0.457777
Layer 0: mean node feature std = 0.995446
Layer 1: mean node feature std = 0.466295
Layer 0: mean node feature std = 0.991895
Layer 1: mean node feature std = 0.464871
Layer 0: mean node feature std = 1.004475
Layer 1: mean node feature std = 0.470817
Layer 0: mean node feature std = 1.007435
Layer 1: mean node feature std = 0.472190
Layer 0: mean node feature std = 1.020054
Layer 1: mean node feature std = 0.478808
Layer 0: mean node feature std = 0.976486
Layer 1: mean node feature std = 0.457373
Layer 0: mean node feature std = 0.982247
Layer 1: mean node feature std = 0.460188
Layer 0: mean node feature std = 0.974308
Layer 1: mean node feature std = 0.456261
Layer 0: mean node feature std = 0.982176
Layer 1: mean node feature std = 0.460297
Layer 0: mean node feature std = 0.979411
Layer 1: mean node feature std = 0.459142
Epoch 336 | loss=1355.6145 | 1407.4479
Layer 0: mean node feature std = 1.008486
Layer 1: mean node feature std = 0.473525
Layer 0: mean node feature std = 0.997557
Layer 1: mean node feature std = 0.467909
Layer 0: mean node feature std = 1.006227
Layer 1: mean node feature std = 0.472615
Layer 0: mean node feature std = 0.987509
Layer 1: mean node feature std = 0.463373
Layer 0: mean node feature std = 1.005384
Layer 1: mean node feature std = 0.472000
Layer 0: mean node feature std = 0.987350
Layer 1: mean node feature std = 0.463304
Layer 0: mean node feature std = 0.986018
Layer 1: mean node feature std = 0.462708
Layer 0: mean node feature std = 1.016375
Layer 1: mean node feature std = 0.477747
Layer 0: mean node feature std = 0.994472
Layer 1: mean node feature std = 0.467107
Layer 0: mean node feature std = 0.971274
Layer 1: mean node feature std = 0.455711
Layer 0: mean node feature std = 0.979616
Layer 1: mean node feature std = 0.459791
Layer 0: mean node feature std = 1.001029
Layer 1: mean node feature std = 0.470490
Layer 0: mean node feature std = 0.995562
Layer 1: mean node feature std = 0.467841
Layer 0: mean node feature std = 1.023265
Layer 1: mean node feature std = 0.481500
Layer 0: mean node feature std = 0.975415
Layer 1: mean node feature std = 0.457930
Layer 0: mean node feature std = 0.987580
Layer 1: mean node feature std = 0.463640
Epoch 337 | loss=1358.0239 | 1431.9783
Layer 0: mean node feature std = 0.996644
Layer 1: mean node feature std = 0.468596
Layer 0: mean node feature std = 0.994244
Layer 1: mean node feature std = 0.467406
Layer 0: mean node feature std = 1.008505
Layer 1: mean node feature std = 0.474412
Layer 0: mean node feature std = 0.977332
Layer 1: mean node feature std = 0.459164
Layer 0: mean node feature std = 0.999172
Layer 1: mean node feature std = 0.470014
Layer 0: mean node feature std = 1.012050
Layer 1: mean node feature std = 0.476340
Layer 0: mean node feature std = 1.009455
Layer 1: mean node feature std = 0.475244
Layer 0: mean node feature std = 0.967926
Layer 1: mean node feature std = 0.454652
Layer 0: mean node feature std = 1.007200
Layer 1: mean node feature std = 0.474247
Layer 0: mean node feature std = 1.004215
Layer 1: mean node feature std = 0.472779
Layer 0: mean node feature std = 1.015545
Layer 1: mean node feature std = 0.478363
Layer 0: mean node feature std = 0.968957
Layer 1: mean node feature std = 0.455234
Layer 0: mean node feature std = 1.011493
Layer 1: mean node feature std = 0.476513
Layer 0: mean node feature std = 1.012630
Layer 1: mean node feature std = 0.477062
Layer 0: mean node feature std = 0.961749
Layer 1: mean node feature std = 0.451908
Layer 0: mean node feature std = 0.925826
Layer 1: mean node feature std = 0.434093
Epoch 338 | loss=1364.4881 | 1709.2185
Layer 0: mean node feature std = 1.003345
Layer 1: mean node feature std = 0.472673
Layer 0: mean node feature std = 1.007581
Layer 1: mean node feature std = 0.474841
Layer 0: mean node feature std = 1.012556
Layer 1: mean node feature std = 0.477143
Layer 0: mean node feature std = 1.015056
Layer 1: mean node feature std = 0.478553
Layer 0: mean node feature std = 1.000489
Layer 1: mean node feature std = 0.471599
Layer 0: mean node feature std = 0.983367
Layer 1: mean node feature std = 0.462914
Layer 0: mean node feature std = 0.964418
Layer 1: mean node feature std = 0.453479
Layer 0: mean node feature std = 0.957584
Layer 1: mean node feature std = 0.450195
Layer 0: mean node feature std = 1.031128
Layer 1: mean node feature std = 0.486698
Layer 0: mean node feature std = 0.993713
Layer 1: mean node feature std = 0.468297
Layer 0: mean node feature std = 1.002401
Layer 1: mean node feature std = 0.472842
Layer 0: mean node feature std = 0.987608
Layer 1: mean node feature std = 0.465411
Layer 0: mean node feature std = 0.957974
Layer 1: mean node feature std = 0.450692
Layer 0: mean node feature std = 1.022954
Layer 1: mean node feature std = 0.482999
Layer 0: mean node feature std = 0.998891
Layer 1: mean node feature std = 0.471143
Layer 0: mean node feature std = 0.968781
Layer 1: mean node feature std = 0.456043
Epoch 339 | loss=1357.2563 | 1423.3440
Layer 0: mean node feature std = 0.989147
Layer 1: mean node feature std = 0.466441
Layer 0: mean node feature std = 0.968101
Layer 1: mean node feature std = 0.455912
Layer 0: mean node feature std = 0.986822
Layer 1: mean node feature std = 0.465240
Layer 0: mean node feature std = 1.000414
Layer 1: mean node feature std = 0.472174
Layer 0: mean node feature std = 1.018023
Layer 1: mean node feature std = 0.480727
Layer 0: mean node feature std = 0.993149
Layer 1: mean node feature std = 0.468538
Layer 0: mean node feature std = 0.984244
Layer 1: mean node feature std = 0.464062
Layer 0: mean node feature std = 1.007190
Layer 1: mean node feature std = 0.475595
Layer 0: mean node feature std = 0.984794
Layer 1: mean node feature std = 0.464542
Layer 0: mean node feature std = 1.027281
Layer 1: mean node feature std = 0.485482
Layer 0: mean node feature std = 1.014750
Layer 1: mean node feature std = 0.479520
Layer 0: mean node feature std = 0.999146
Layer 1: mean node feature std = 0.471956
Layer 0: mean node feature std = 0.996252
Layer 1: mean node feature std = 0.470516
Layer 0: mean node feature std = 0.970791
Layer 1: mean node feature std = 0.457587
Layer 0: mean node feature std = 0.991256
Layer 1: mean node feature std = 0.467755
Layer 0: mean node feature std = 1.009874
Layer 1: mean node feature std = 0.477711
Epoch 340 | loss=1387.5314 | 1448.5969
Layer 0: mean node feature std = 1.004677
Layer 1: mean node feature std = 0.474714
Layer 0: mean node feature std = 0.979110
Layer 1: mean node feature std = 0.462010
Layer 0: mean node feature std = 0.989098
Layer 1: mean node feature std = 0.467144
Layer 0: mean node feature std = 0.989614
Layer 1: mean node feature std = 0.467655
Layer 0: mean node feature std = 1.001176
Layer 1: mean node feature std = 0.473350
Layer 0: mean node feature std = 1.006304
Layer 1: mean node feature std = 0.475819
Layer 0: mean node feature std = 0.986419
Layer 1: mean node feature std = 0.466041
Layer 0: mean node feature std = 0.965320
Layer 1: mean node feature std = 0.455541
Layer 0: mean node feature std = 1.010882
Layer 1: mean node feature std = 0.478387
Layer 0: mean node feature std = 1.003100
Layer 1: mean node feature std = 0.474433
Layer 0: mean node feature std = 1.005430
Layer 1: mean node feature std = 0.475608
Layer 0: mean node feature std = 0.981947
Layer 1: mean node feature std = 0.464051
Layer 0: mean node feature std = 1.021101
Layer 1: mean node feature std = 0.483530
Layer 0: mean node feature std = 1.006561
Layer 1: mean node feature std = 0.476515
Layer 0: mean node feature std = 0.981838
Layer 1: mean node feature std = 0.464223
Layer 0: mean node feature std = 1.003382
Layer 1: mean node feature std = 0.474628
Epoch 341 | loss=1383.6721 | 1554.7700
Layer 0: mean node feature std = 0.976593
Layer 1: mean node feature std = 0.461330
Layer 0: mean node feature std = 1.001975
Layer 1: mean node feature std = 0.474408
Layer 0: mean node feature std = 1.011344
Layer 1: mean node feature std = 0.479189
Layer 0: mean node feature std = 1.018812
Layer 1: mean node feature std = 0.482734
Layer 0: mean node feature std = 0.980902
Layer 1: mean node feature std = 0.464077
Layer 0: mean node feature std = 1.005545
Layer 1: mean node feature std = 0.476508
Layer 0: mean node feature std = 0.999528
Layer 1: mean node feature std = 0.473550
Layer 0: mean node feature std = 0.983628
Layer 1: mean node feature std = 0.465427
Layer 0: mean node feature std = 1.008270
Layer 1: mean node feature std = 0.477824
Layer 0: mean node feature std = 1.020833
Layer 1: mean node feature std = 0.484063
Layer 0: mean node feature std = 1.001284
Layer 1: mean node feature std = 0.474405
Layer 0: mean node feature std = 0.992456
Layer 1: mean node feature std = 0.470123
Layer 0: mean node feature std = 0.973216
Layer 1: mean node feature std = 0.460682
Layer 0: mean node feature std = 0.972847
Layer 1: mean node feature std = 0.460481
Layer 0: mean node feature std = 0.993100
Layer 1: mean node feature std = 0.470705
Layer 0: mean node feature std = 0.962004
Layer 1: mean node feature std = 0.455406
Epoch 342 | loss=1464.4412 | 1578.3556
Layer 0: mean node feature std = 0.984899
Layer 1: mean node feature std = 0.466640
Layer 0: mean node feature std = 0.972188
Layer 1: mean node feature std = 0.460473
Layer 0: mean node feature std = 0.995058
Layer 1: mean node feature std = 0.471800
Layer 0: mean node feature std = 0.983919
Layer 1: mean node feature std = 0.466392
Layer 0: mean node feature std = 1.013382
Layer 1: mean node feature std = 0.481343
Layer 0: mean node feature std = 1.023732
Layer 1: mean node feature std = 0.486344
Layer 0: mean node feature std = 1.007989
Layer 1: mean node feature std = 0.478594
Layer 0: mean node feature std = 0.982821
Layer 1: mean node feature std = 0.466088
Layer 0: mean node feature std = 1.018202
Layer 1: mean node feature std = 0.483689
Layer 0: mean node feature std = 0.987546
Layer 1: mean node feature std = 0.468372
Layer 0: mean node feature std = 0.999710
Layer 1: mean node feature std = 0.474756
Layer 0: mean node feature std = 1.009012
Layer 1: mean node feature std = 0.479285
Layer 0: mean node feature std = 0.976432
Layer 1: mean node feature std = 0.462950
Layer 0: mean node feature std = 1.006598
Layer 1: mean node feature std = 0.478263
Layer 0: mean node feature std = 0.979491
Layer 1: mean node feature std = 0.464551
Layer 0: mean node feature std = 0.958579
Layer 1: mean node feature std = 0.454304
Epoch 343 | loss=1331.7106 | 1511.7786
Layer 0: mean node feature std = 1.000341
Layer 1: mean node feature std = 0.475066
Layer 0: mean node feature std = 0.996455
Layer 1: mean node feature std = 0.473399
Layer 0: mean node feature std = 0.972711
Layer 1: mean node feature std = 0.461481
Layer 0: mean node feature std = 1.009824
Layer 1: mean node feature std = 0.480284
Layer 0: mean node feature std = 0.994775
Layer 1: mean node feature std = 0.472679
Layer 0: mean node feature std = 0.985795
Layer 1: mean node feature std = 0.468182
Layer 0: mean node feature std = 1.018537
Layer 1: mean node feature std = 0.484505
Layer 0: mean node feature std = 0.996180
Layer 1: mean node feature std = 0.473583
Layer 0: mean node feature std = 1.026736
Layer 1: mean node feature std = 0.488786
Layer 0: mean node feature std = 0.994231
Layer 1: mean node feature std = 0.472576
Layer 0: mean node feature std = 0.972572
Layer 1: mean node feature std = 0.461961
Layer 0: mean node feature std = 0.994597
Layer 1: mean node feature std = 0.472955
Layer 0: mean node feature std = 0.993163
Layer 1: mean node feature std = 0.472277
Layer 0: mean node feature std = 0.982041
Layer 1: mean node feature std = 0.466784
Layer 0: mean node feature std = 0.994093
Layer 1: mean node feature std = 0.472818
Layer 0: mean node feature std = 1.006185
Layer 1: mean node feature std = 0.479043
Epoch 344 | loss=1342.4205 | 1523.9665
Layer 0: mean node feature std = 0.982503
Layer 1: mean node feature std = 0.467030
Layer 0: mean node feature std = 0.979431
Layer 1: mean node feature std = 0.465691
Layer 0: mean node feature std = 1.014145
Layer 1: mean node feature std = 0.483299
Layer 0: mean node feature std = 1.014170
Layer 1: mean node feature std = 0.483081
Layer 0: mean node feature std = 0.987077
Layer 1: mean node feature std = 0.469697
Layer 0: mean node feature std = 1.039734
Layer 1: mean node feature std = 0.496261
Layer 0: mean node feature std = 0.986016
Layer 1: mean node feature std = 0.469112
Layer 0: mean node feature std = 1.005356
Layer 1: mean node feature std = 0.478932
Layer 0: mean node feature std = 0.986473
Layer 1: mean node feature std = 0.469527
Layer 0: mean node feature std = 1.000046
Layer 1: mean node feature std = 0.476283
Layer 0: mean node feature std = 1.004753
Layer 1: mean node feature std = 0.478784
Layer 0: mean node feature std = 0.990288
Layer 1: mean node feature std = 0.471701
Layer 0: mean node feature std = 0.969458
Layer 1: mean node feature std = 0.461381
Layer 0: mean node feature std = 0.996272
Layer 1: mean node feature std = 0.474898
Layer 0: mean node feature std = 0.980050
Layer 1: mean node feature std = 0.466817
Layer 0: mean node feature std = 0.986336
Layer 1: mean node feature std = 0.470151
Epoch 345 | loss=1331.4548 | 1391.1624
Layer 0: mean node feature std = 0.977721
Layer 1: mean node feature std = 0.465628
Layer 0: mean node feature std = 1.013531
Layer 1: mean node feature std = 0.483647
Layer 0: mean node feature std = 1.001689
Layer 1: mean node feature std = 0.477834
Layer 0: mean node feature std = 1.016015
Layer 1: mean node feature std = 0.485085
Layer 0: mean node feature std = 1.001040
Layer 1: mean node feature std = 0.477356
Layer 0: mean node feature std = 1.012186
Layer 1: mean node feature std = 0.483146
Layer 0: mean node feature std = 1.005175
Layer 1: mean node feature std = 0.479753
Layer 0: mean node feature std = 1.002267
Layer 1: mean node feature std = 0.478363
Layer 0: mean node feature std = 0.989964
Layer 1: mean node feature std = 0.472213
Layer 0: mean node feature std = 0.992870
Layer 1: mean node feature std = 0.473733
Layer 0: mean node feature std = 0.975666
Layer 1: mean node feature std = 0.465193
Layer 0: mean node feature std = 0.984071
Layer 1: mean node feature std = 0.469415
Layer 0: mean node feature std = 0.981402
Layer 1: mean node feature std = 0.468152
Layer 0: mean node feature std = 0.980106
Layer 1: mean node feature std = 0.467644
Layer 0: mean node feature std = 1.006059
Layer 1: mean node feature std = 0.480605
Layer 0: mean node feature std = 0.965050
Layer 1: mean node feature std = 0.460061
Epoch 346 | loss=1322.5544 | 1741.8726
Layer 0: mean node feature std = 0.995283
Layer 1: mean node feature std = 0.475278
Layer 0: mean node feature std = 1.012287
Layer 1: mean node feature std = 0.483805
Layer 0: mean node feature std = 1.009703
Layer 1: mean node feature std = 0.482699
Layer 0: mean node feature std = 0.989183
Layer 1: mean node feature std = 0.472444
Layer 0: mean node feature std = 0.988690
Layer 1: mean node feature std = 0.472136
Layer 0: mean node feature std = 0.980992
Layer 1: mean node feature std = 0.468170
Layer 0: mean node feature std = 0.989986
Layer 1: mean node feature std = 0.472868
Layer 0: mean node feature std = 0.990815
Layer 1: mean node feature std = 0.473155
Layer 0: mean node feature std = 0.988113
Layer 1: mean node feature std = 0.472114
Layer 0: mean node feature std = 0.995829
Layer 1: mean node feature std = 0.475838
Layer 0: mean node feature std = 0.995251
Layer 1: mean node feature std = 0.475833
Layer 0: mean node feature std = 0.998772
Layer 1: mean node feature std = 0.477540
Layer 0: mean node feature std = 1.000079
Layer 1: mean node feature std = 0.478301
Layer 0: mean node feature std = 0.992962
Layer 1: mean node feature std = 0.474748
Layer 0: mean node feature std = 0.996659
Layer 1: mean node feature std = 0.476624
Layer 0: mean node feature std = 1.045903
Layer 1: mean node feature std = 0.501553
Epoch 347 | loss=1383.2203 | 1566.5258
Layer 0: mean node feature std = 0.974085
Layer 1: mean node feature std = 0.465466
Layer 0: mean node feature std = 1.009093
Layer 1: mean node feature std = 0.483128
Layer 0: mean node feature std = 1.013258
Layer 1: mean node feature std = 0.485111
Layer 0: mean node feature std = 1.013704
Layer 1: mean node feature std = 0.485507
Layer 0: mean node feature std = 0.978788
Layer 1: mean node feature std = 0.468012
Layer 0: mean node feature std = 1.000113
Layer 1: mean node feature std = 0.479003
Layer 0: mean node feature std = 1.002660
Layer 1: mean node feature std = 0.480151
Layer 0: mean node feature std = 0.983364
Layer 1: mean node feature std = 0.470704
Layer 0: mean node feature std = 1.003687
Layer 1: mean node feature std = 0.480874
Layer 0: mean node feature std = 0.955615
Layer 1: mean node feature std = 0.456507
Layer 0: mean node feature std = 1.001087
Layer 1: mean node feature std = 0.479638
Layer 0: mean node feature std = 1.000651
Layer 1: mean node feature std = 0.479499
Layer 0: mean node feature std = 1.003563
Layer 1: mean node feature std = 0.480910
Layer 0: mean node feature std = 1.009838
Layer 1: mean node feature std = 0.484165
Layer 0: mean node feature std = 0.989141
Layer 1: mean node feature std = 0.473843
Layer 0: mean node feature std = 0.970999
Layer 1: mean node feature std = 0.464440
Epoch 348 | loss=1336.7249 | 1688.1841
Layer 0: mean node feature std = 0.998248
Layer 1: mean node feature std = 0.478514
Layer 0: mean node feature std = 1.036146
Layer 1: mean node feature std = 0.497565
Layer 0: mean node feature std = 0.989116
Layer 1: mean node feature std = 0.473968
Layer 0: mean node feature std = 1.002563
Layer 1: mean node feature std = 0.480858
Layer 0: mean node feature std = 0.973829
Layer 1: mean node feature std = 0.466238
Layer 0: mean node feature std = 0.995732
Layer 1: mean node feature std = 0.477463
Layer 0: mean node feature std = 0.992876
Layer 1: mean node feature std = 0.476002
Layer 0: mean node feature std = 1.004296
Layer 1: mean node feature std = 0.481656
Layer 0: mean node feature std = 0.980735
Layer 1: mean node feature std = 0.470072
Layer 0: mean node feature std = 0.968617
Layer 1: mean node feature std = 0.463694
Layer 0: mean node feature std = 0.997968
Layer 1: mean node feature std = 0.478848
Layer 0: mean node feature std = 0.972578
Layer 1: mean node feature std = 0.466040
Layer 0: mean node feature std = 1.021987
Layer 1: mean node feature std = 0.490963
Layer 0: mean node feature std = 1.006284
Layer 1: mean node feature std = 0.483240
Layer 0: mean node feature std = 0.996330
Layer 1: mean node feature std = 0.478198
Layer 0: mean node feature std = 0.978153
Layer 1: mean node feature std = 0.468655
Epoch 349 | loss=1317.2652 | 1401.5321
Layer 0: mean node feature std = 1.015157
Layer 1: mean node feature std = 0.487852
Layer 0: mean node feature std = 0.995440
Layer 1: mean node feature std = 0.477726
Layer 0: mean node feature std = 0.982418
Layer 1: mean node feature std = 0.471291
Layer 0: mean node feature std = 0.989261
Layer 1: mean node feature std = 0.474851
Layer 0: mean node feature std = 1.005169
Layer 1: mean node feature std = 0.482776
Layer 0: mean node feature std = 1.012211
Layer 1: mean node feature std = 0.486426
Layer 0: mean node feature std = 1.002914
Layer 1: mean node feature std = 0.481635
Layer 0: mean node feature std = 1.005124
Layer 1: mean node feature std = 0.482966
Layer 0: mean node feature std = 0.981645
Layer 1: mean node feature std = 0.471313
Layer 0: mean node feature std = 0.945138
Layer 1: mean node feature std = 0.452806
Layer 0: mean node feature std = 1.006046
Layer 1: mean node feature std = 0.483779
Layer 0: mean node feature std = 0.995290
Layer 1: mean node feature std = 0.478355
Layer 0: mean node feature std = 0.985202
Layer 1: mean node feature std = 0.473182
Layer 0: mean node feature std = 1.002756
Layer 1: mean node feature std = 0.482046
Layer 0: mean node feature std = 1.001693
Layer 1: mean node feature std = 0.481704
Layer 0: mean node feature std = 1.041313
Layer 1: mean node feature std = 0.502194
Epoch 350 | loss=1401.5509 | 2337.3845
Layer 0: mean node feature std = 1.015673
Layer 1: mean node feature std = 0.488813
Layer 0: mean node feature std = 1.022787
Layer 1: mean node feature std = 0.492675
Layer 0: mean node feature std = 0.999676
Layer 1: mean node feature std = 0.480874
Layer 0: mean node feature std = 0.994621
Layer 1: mean node feature std = 0.478516
Layer 0: mean node feature std = 0.951907
Layer 1: mean node feature std = 0.456855
Layer 0: mean node feature std = 0.996387
Layer 1: mean node feature std = 0.479472
Layer 0: mean node feature std = 1.008563
Layer 1: mean node feature std = 0.485663
Layer 0: mean node feature std = 0.974346
Layer 1: mean node feature std = 0.468431
Layer 0: mean node feature std = 0.982249
Layer 1: mean node feature std = 0.472583
Layer 0: mean node feature std = 0.982086
Layer 1: mean node feature std = 0.472477
Layer 0: mean node feature std = 1.029165
Layer 1: mean node feature std = 0.496465
Layer 0: mean node feature std = 0.980813
Layer 1: mean node feature std = 0.472009
Layer 0: mean node feature std = 0.996839
Layer 1: mean node feature std = 0.479913
Layer 0: mean node feature std = 0.998312
Layer 1: mean node feature std = 0.480836
Layer 0: mean node feature std = 1.004227
Layer 1: mean node feature std = 0.484059
Layer 0: mean node feature std = 0.976305
Layer 1: mean node feature std = 0.469812
Epoch 351 | loss=1303.3388 | 1567.2495
Layer 0: mean node feature std = 1.013834
Layer 1: mean node feature std = 0.488793
Layer 0: mean node feature std = 0.985334
Layer 1: mean node feature std = 0.474490
Layer 0: mean node feature std = 1.012111
Layer 1: mean node feature std = 0.488113
Layer 0: mean node feature std = 0.984986
Layer 1: mean node feature std = 0.474364
Layer 0: mean node feature std = 1.006814
Layer 1: mean node feature std = 0.485530
Layer 0: mean node feature std = 0.947852
Layer 1: mean node feature std = 0.455724
Layer 0: mean node feature std = 1.016122
Layer 1: mean node feature std = 0.490438
Layer 0: mean node feature std = 0.991404
Layer 1: mean node feature std = 0.477921
Layer 0: mean node feature std = 1.001616
Layer 1: mean node feature std = 0.483059
Layer 0: mean node feature std = 0.978041
Layer 1: mean node feature std = 0.471215
Layer 0: mean node feature std = 0.997603
Layer 1: mean node feature std = 0.481343
Layer 0: mean node feature std = 1.010560
Layer 1: mean node feature std = 0.487792
Layer 0: mean node feature std = 0.978037
Layer 1: mean node feature std = 0.471583
Layer 0: mean node feature std = 1.001745
Layer 1: mean node feature std = 0.483552
Layer 0: mean node feature std = 1.010692
Layer 1: mean node feature std = 0.488186
Layer 0: mean node feature std = 0.981121
Layer 1: mean node feature std = 0.473018
Epoch 352 | loss=1371.2018 | 1703.1123
Layer 0: mean node feature std = 0.984443
Layer 1: mean node feature std = 0.474884
Layer 0: mean node feature std = 0.964466
Layer 1: mean node feature std = 0.464767
Layer 0: mean node feature std = 1.003252
Layer 1: mean node feature std = 0.484467
Layer 0: mean node feature std = 0.966317
Layer 1: mean node feature std = 0.465798
Layer 0: mean node feature std = 0.992136
Layer 1: mean node feature std = 0.478868
Layer 0: mean node feature std = 0.979433
Layer 1: mean node feature std = 0.472298
Layer 0: mean node feature std = 1.013263
Layer 1: mean node feature std = 0.489424
Layer 0: mean node feature std = 1.004652
Layer 1: mean node feature std = 0.485262
Layer 0: mean node feature std = 1.012509
Layer 1: mean node feature std = 0.489415
Layer 0: mean node feature std = 0.999704
Layer 1: mean node feature std = 0.482908
Layer 0: mean node feature std = 0.982430
Layer 1: mean node feature std = 0.474374
Layer 0: mean node feature std = 0.996253
Layer 1: mean node feature std = 0.481420
Layer 0: mean node feature std = 0.997449
Layer 1: mean node feature std = 0.482204
Layer 0: mean node feature std = 1.020942
Layer 1: mean node feature std = 0.494262
Layer 0: mean node feature std = 1.011638
Layer 1: mean node feature std = 0.489397
Layer 0: mean node feature std = 1.023053
Layer 1: mean node feature std = 0.495091
Epoch 353 | loss=1344.8462 | 1726.7213
Layer 0: mean node feature std = 0.976665
Layer 1: mean node feature std = 0.471800
Layer 0: mean node feature std = 0.989314
Layer 1: mean node feature std = 0.478369
Layer 0: mean node feature std = 0.996197
Layer 1: mean node feature std = 0.481747
Layer 0: mean node feature std = 0.993047
Layer 1: mean node feature std = 0.480169
Layer 0: mean node feature std = 0.980801
Layer 1: mean node feature std = 0.474034
Layer 0: mean node feature std = 1.002808
Layer 1: mean node feature std = 0.485170
Layer 0: mean node feature std = 0.993775
Layer 1: mean node feature std = 0.480688
Layer 0: mean node feature std = 0.976128
Layer 1: mean node feature std = 0.471718
Layer 0: mean node feature std = 1.003453
Layer 1: mean node feature std = 0.485525
Layer 0: mean node feature std = 1.000021
Layer 1: mean node feature std = 0.483939
Layer 0: mean node feature std = 1.006463
Layer 1: mean node feature std = 0.487176
Layer 0: mean node feature std = 0.992523
Layer 1: mean node feature std = 0.480362
Layer 0: mean node feature std = 1.000310
Layer 1: mean node feature std = 0.484261
Layer 0: mean node feature std = 1.005414
Layer 1: mean node feature std = 0.486915
Layer 0: mean node feature std = 1.009993
Layer 1: mean node feature std = 0.489631
Layer 0: mean node feature std = 1.033592
Layer 1: mean node feature std = 0.501899
Epoch 354 | loss=1382.7994 | 1598.9822
Layer 0: mean node feature std = 0.964780
Layer 1: mean node feature std = 0.466308
Layer 0: mean node feature std = 0.992483
Layer 1: mean node feature std = 0.480524
Layer 0: mean node feature std = 1.023959
Layer 1: mean node feature std = 0.496692
Layer 0: mean node feature std = 0.979942
Layer 1: mean node feature std = 0.474307
Layer 0: mean node feature std = 0.999823
Layer 1: mean node feature std = 0.484529
Layer 0: mean node feature std = 0.980057
Layer 1: mean node feature std = 0.474376
Layer 0: mean node feature std = 0.999123
Layer 1: mean node feature std = 0.484010
Layer 0: mean node feature std = 1.001670
Layer 1: mean node feature std = 0.485543
Layer 0: mean node feature std = 0.989786
Layer 1: mean node feature std = 0.479312
Layer 0: mean node feature std = 0.981537
Layer 1: mean node feature std = 0.475238
Layer 0: mean node feature std = 0.989859
Layer 1: mean node feature std = 0.479239
Layer 0: mean node feature std = 0.985162
Layer 1: mean node feature std = 0.477324
Layer 0: mean node feature std = 1.019634
Layer 1: mean node feature std = 0.494791
Layer 0: mean node feature std = 1.000334
Layer 1: mean node feature std = 0.485013
Layer 0: mean node feature std = 1.033872
Layer 1: mean node feature std = 0.502377
Layer 0: mean node feature std = 0.953022
Layer 1: mean node feature std = 0.461249
Epoch 355 | loss=1337.2747 | 1411.3220
Layer 0: mean node feature std = 1.023196
Layer 1: mean node feature std = 0.497071
Layer 0: mean node feature std = 0.989794
Layer 1: mean node feature std = 0.479977
Layer 0: mean node feature std = 1.004649
Layer 1: mean node feature std = 0.487536
Layer 0: mean node feature std = 1.000551
Layer 1: mean node feature std = 0.485681
Layer 0: mean node feature std = 0.972880
Layer 1: mean node feature std = 0.471236
Layer 0: mean node feature std = 1.018385
Layer 1: mean node feature std = 0.494635
Layer 0: mean node feature std = 0.996986
Layer 1: mean node feature std = 0.483598
Layer 0: mean node feature std = 1.013346
Layer 1: mean node feature std = 0.492149
Layer 0: mean node feature std = 1.006470
Layer 1: mean node feature std = 0.488724
Layer 0: mean node feature std = 0.957320
Layer 1: mean node feature std = 0.463564
Layer 0: mean node feature std = 0.990229
Layer 1: mean node feature std = 0.480649
Layer 0: mean node feature std = 0.982741
Layer 1: mean node feature std = 0.476866
Layer 0: mean node feature std = 1.004310
Layer 1: mean node feature std = 0.487862
Layer 0: mean node feature std = 1.003538
Layer 1: mean node feature std = 0.487612
Layer 0: mean node feature std = 0.971008
Layer 1: mean node feature std = 0.470998
Layer 0: mean node feature std = 0.988305
Layer 1: mean node feature std = 0.480609
Epoch 356 | loss=1310.0127 | 1431.6762
Layer 0: mean node feature std = 1.007908
Layer 1: mean node feature std = 0.489742
Layer 0: mean node feature std = 0.996246
Layer 1: mean node feature std = 0.483922
Layer 0: mean node feature std = 0.967084
Layer 1: mean node feature std = 0.469139
Layer 0: mean node feature std = 0.996232
Layer 1: mean node feature std = 0.483907
Layer 0: mean node feature std = 0.994023
Layer 1: mean node feature std = 0.482852
Layer 0: mean node feature std = 0.989920
Layer 1: mean node feature std = 0.480838
Layer 0: mean node feature std = 1.003732
Layer 1: mean node feature std = 0.488091
Layer 0: mean node feature std = 1.005975
Layer 1: mean node feature std = 0.489240
Layer 0: mean node feature std = 1.008864
Layer 1: mean node feature std = 0.490890
Layer 0: mean node feature std = 0.978415
Layer 1: mean node feature std = 0.475428
Layer 0: mean node feature std = 0.980419
Layer 1: mean node feature std = 0.476465
Layer 0: mean node feature std = 0.993802
Layer 1: mean node feature std = 0.483474
Layer 0: mean node feature std = 1.025273
Layer 1: mean node feature std = 0.499547
Layer 0: mean node feature std = 0.986912
Layer 1: mean node feature std = 0.480047
Layer 0: mean node feature std = 0.999172
Layer 1: mean node feature std = 0.486562
Layer 0: mean node feature std = 0.995913
Layer 1: mean node feature std = 0.485006
Epoch 357 | loss=1336.5587 | 1649.7231
Layer 0: mean node feature std = 0.984391
Layer 1: mean node feature std = 0.478797
Layer 0: mean node feature std = 0.971213
Layer 1: mean node feature std = 0.472027
Layer 0: mean node feature std = 0.995269
Layer 1: mean node feature std = 0.484435
Layer 0: mean node feature std = 0.980265
Layer 1: mean node feature std = 0.476630
Layer 0: mean node feature std = 1.000437
Layer 1: mean node feature std = 0.487299
Layer 0: mean node feature std = 1.002219
Layer 1: mean node feature std = 0.487975
Layer 0: mean node feature std = 0.964747
Layer 1: mean node feature std = 0.468769
Layer 0: mean node feature std = 0.999826
Layer 1: mean node feature std = 0.486779
Layer 0: mean node feature std = 0.962136
Layer 1: mean node feature std = 0.467465
Layer 0: mean node feature std = 1.004610
Layer 1: mean node feature std = 0.489094
Layer 0: mean node feature std = 0.999024
Layer 1: mean node feature std = 0.486603
Layer 0: mean node feature std = 1.028757
Layer 1: mean node feature std = 0.501896
Layer 0: mean node feature std = 1.004705
Layer 1: mean node feature std = 0.489703
Layer 0: mean node feature std = 0.998729
Layer 1: mean node feature std = 0.486694
Layer 0: mean node feature std = 1.028408
Layer 1: mean node feature std = 0.502112
Layer 0: mean node feature std = 1.045202
Layer 1: mean node feature std = 0.510776
Epoch 358 | loss=1348.7246 | 1486.1827
Layer 0: mean node feature std = 0.990089
Layer 1: mean node feature std = 0.482523
Layer 0: mean node feature std = 0.967645
Layer 1: mean node feature std = 0.470872
Layer 0: mean node feature std = 0.996756
Layer 1: mean node feature std = 0.485869
Layer 0: mean node feature std = 1.010756
Layer 1: mean node feature std = 0.493155
Layer 0: mean node feature std = 0.993320
Layer 1: mean node feature std = 0.484177
Layer 0: mean node feature std = 0.995369
Layer 1: mean node feature std = 0.485040
Layer 0: mean node feature std = 0.982744
Layer 1: mean node feature std = 0.478779
Layer 0: mean node feature std = 1.008747
Layer 1: mean node feature std = 0.492213
Layer 0: mean node feature std = 0.999507
Layer 1: mean node feature std = 0.487429
Layer 0: mean node feature std = 0.987608
Layer 1: mean node feature std = 0.481331
Layer 0: mean node feature std = 0.995808
Layer 1: mean node feature std = 0.485913
Layer 0: mean node feature std = 1.014208
Layer 1: mean node feature std = 0.495280
Layer 0: mean node feature std = 1.001986
Layer 1: mean node feature std = 0.488895
Layer 0: mean node feature std = 0.985636
Layer 1: mean node feature std = 0.480604
Layer 0: mean node feature std = 1.004078
Layer 1: mean node feature std = 0.490233
Layer 0: mean node feature std = 0.994429
Layer 1: mean node feature std = 0.485561
Epoch 359 | loss=1368.5497 | 1431.2233
Layer 0: mean node feature std = 0.987165
Layer 1: mean node feature std = 0.481857
Layer 0: mean node feature std = 1.002534
Layer 1: mean node feature std = 0.489662
Layer 0: mean node feature std = 0.981313
Layer 1: mean node feature std = 0.478813
Layer 0: mean node feature std = 1.009810
Layer 1: mean node feature std = 0.493562
Layer 0: mean node feature std = 1.031984
Layer 1: mean node feature std = 0.504949
Layer 0: mean node feature std = 0.983716
Layer 1: mean node feature std = 0.479862
Layer 0: mean node feature std = 0.995817
Layer 1: mean node feature std = 0.486311
Layer 0: mean node feature std = 0.988894
Layer 1: mean node feature std = 0.482557
Layer 0: mean node feature std = 1.002645
Layer 1: mean node feature std = 0.489773
Layer 0: mean node feature std = 0.995531
Layer 1: mean node feature std = 0.486073
Layer 0: mean node feature std = 0.974753
Layer 1: mean node feature std = 0.475486
Layer 0: mean node feature std = 1.018287
Layer 1: mean node feature std = 0.498168
Layer 0: mean node feature std = 0.976686
Layer 1: mean node feature std = 0.476593
Layer 0: mean node feature std = 0.977802
Layer 1: mean node feature std = 0.477288
Layer 0: mean node feature std = 1.006870
Layer 1: mean node feature std = 0.492675
Layer 0: mean node feature std = 0.996820
Layer 1: mean node feature std = 0.487004
Epoch 360 | loss=1337.9920 | 1534.8750
Layer 0: mean node feature std = 0.986611
Layer 1: mean node feature std = 0.482037
Layer 0: mean node feature std = 1.012181
Layer 1: mean node feature std = 0.495463
Layer 0: mean node feature std = 0.984429
Layer 1: mean node feature std = 0.481236
Layer 0: mean node feature std = 0.991204
Layer 1: mean node feature std = 0.484928
Layer 0: mean node feature std = 1.031292
Layer 1: mean node feature std = 0.505540
Layer 0: mean node feature std = 0.957972
Layer 1: mean node feature std = 0.467718
Layer 0: mean node feature std = 1.004605
Layer 1: mean node feature std = 0.491896
Layer 0: mean node feature std = 0.997702
Layer 1: mean node feature std = 0.488342
Layer 0: mean node feature std = 1.001035
Layer 1: mean node feature std = 0.490071
Layer 0: mean node feature std = 1.005849
Layer 1: mean node feature std = 0.492470
Layer 0: mean node feature std = 0.970563
Layer 1: mean node feature std = 0.474277
Layer 0: mean node feature std = 0.988390
Layer 1: mean node feature std = 0.483164
Layer 0: mean node feature std = 1.004458
Layer 1: mean node feature std = 0.491990
Layer 0: mean node feature std = 1.002306
Layer 1: mean node feature std = 0.490975
Layer 0: mean node feature std = 1.001737
Layer 1: mean node feature std = 0.490587
Layer 0: mean node feature std = 0.961996
Layer 1: mean node feature std = 0.470164
Epoch 361 | loss=1353.2408 | 1390.3004
Layer 0: mean node feature std = 0.985580
Layer 1: mean node feature std = 0.482334
Layer 0: mean node feature std = 0.991484
Layer 1: mean node feature std = 0.485561
Layer 0: mean node feature std = 0.996440
Layer 1: mean node feature std = 0.488313
Layer 0: mean node feature std = 1.010169
Layer 1: mean node feature std = 0.495375
Layer 0: mean node feature std = 1.004252
Layer 1: mean node feature std = 0.492402
Layer 0: mean node feature std = 0.994556
Layer 1: mean node feature std = 0.487278
Layer 0: mean node feature std = 0.988899
Layer 1: mean node feature std = 0.484407
Layer 0: mean node feature std = 0.996705
Layer 1: mean node feature std = 0.488690
Layer 0: mean node feature std = 0.997960
Layer 1: mean node feature std = 0.489524
Layer 0: mean node feature std = 0.977806
Layer 1: mean node feature std = 0.478734
Layer 0: mean node feature std = 0.985176
Layer 1: mean node feature std = 0.482739
Layer 0: mean node feature std = 1.004557
Layer 1: mean node feature std = 0.492760
Layer 0: mean node feature std = 1.008578
Layer 1: mean node feature std = 0.494837
Layer 0: mean node feature std = 1.005948
Layer 1: mean node feature std = 0.493655
Layer 0: mean node feature std = 0.985142
Layer 1: mean node feature std = 0.482677
Layer 0: mean node feature std = 0.999770
Layer 1: mean node feature std = 0.490617
Epoch 362 | loss=1322.7702 | 1414.6623
Layer 0: mean node feature std = 1.011136
Layer 1: mean node feature std = 0.496285
Layer 0: mean node feature std = 0.991527
Layer 1: mean node feature std = 0.486120
Layer 0: mean node feature std = 0.996630
Layer 1: mean node feature std = 0.489014
Layer 0: mean node feature std = 0.992275
Layer 1: mean node feature std = 0.486723
Layer 0: mean node feature std = 0.983733
Layer 1: mean node feature std = 0.482501
Layer 0: mean node feature std = 0.997920
Layer 1: mean node feature std = 0.490057
Layer 0: mean node feature std = 0.989355
Layer 1: mean node feature std = 0.485454
Layer 0: mean node feature std = 1.006364
Layer 1: mean node feature std = 0.494175
Layer 0: mean node feature std = 1.026470
Layer 1: mean node feature std = 0.504798
Layer 0: mean node feature std = 1.019745
Layer 1: mean node feature std = 0.501349
Layer 0: mean node feature std = 0.979311
Layer 1: mean node feature std = 0.480504
Layer 0: mean node feature std = 0.988674
Layer 1: mean node feature std = 0.485213
Layer 0: mean node feature std = 0.958429
Layer 1: mean node feature std = 0.469882
Layer 0: mean node feature std = 1.009174
Layer 1: mean node feature std = 0.495956
Layer 0: mean node feature std = 0.985992
Layer 1: mean node feature std = 0.484149
Layer 0: mean node feature std = 0.981206
Layer 1: mean node feature std = 0.481741
Epoch 363 | loss=1305.4467 | 1409.1658
Layer 0: mean node feature std = 0.996522
Layer 1: mean node feature std = 0.489768
Layer 0: mean node feature std = 1.000984
Layer 1: mean node feature std = 0.491807
Layer 0: mean node feature std = 0.981269
Layer 1: mean node feature std = 0.481882
Layer 0: mean node feature std = 1.002149
Layer 1: mean node feature std = 0.492677
Layer 0: mean node feature std = 0.987209
Layer 1: mean node feature std = 0.485103
Layer 0: mean node feature std = 1.004279
Layer 1: mean node feature std = 0.493816
Layer 0: mean node feature std = 1.024155
Layer 1: mean node feature std = 0.504454
Layer 0: mean node feature std = 1.003786
Layer 1: mean node feature std = 0.493896
Layer 0: mean node feature std = 0.984412
Layer 1: mean node feature std = 0.483799
Layer 0: mean node feature std = 1.025152
Layer 1: mean node feature std = 0.505252
Layer 0: mean node feature std = 1.001620
Layer 1: mean node feature std = 0.493073
Layer 0: mean node feature std = 0.985894
Layer 1: mean node feature std = 0.484895
Layer 0: mean node feature std = 0.980485
Layer 1: mean node feature std = 0.482270
Layer 0: mean node feature std = 0.977587
Layer 1: mean node feature std = 0.480728
Layer 0: mean node feature std = 0.970245
Layer 1: mean node feature std = 0.476807
Layer 0: mean node feature std = 1.039803
Layer 1: mean node feature std = 0.512920
Epoch 364 | loss=1297.8599 | 1693.5616
Layer 0: mean node feature std = 0.992095
Layer 1: mean node feature std = 0.488050
Layer 0: mean node feature std = 0.977525
Layer 1: mean node feature std = 0.480643
Layer 0: mean node feature std = 0.986980
Layer 1: mean node feature std = 0.485582
Layer 0: mean node feature std = 1.012859
Layer 1: mean node feature std = 0.499027
Layer 0: mean node feature std = 0.973384
Layer 1: mean node feature std = 0.478446
Layer 0: mean node feature std = 0.974663
Layer 1: mean node feature std = 0.479368
Layer 0: mean node feature std = 0.983991
Layer 1: mean node feature std = 0.484249
Layer 0: mean node feature std = 0.991458
Layer 1: mean node feature std = 0.488317
Layer 0: mean node feature std = 0.985658
Layer 1: mean node feature std = 0.485220
Layer 0: mean node feature std = 0.996307
Layer 1: mean node feature std = 0.491186
Layer 0: mean node feature std = 1.031188
Layer 1: mean node feature std = 0.509060
Layer 0: mean node feature std = 1.021758
Layer 1: mean node feature std = 0.504327
Layer 0: mean node feature std = 0.991713
Layer 1: mean node feature std = 0.488542
Layer 0: mean node feature std = 1.011982
Layer 1: mean node feature std = 0.499269
Layer 0: mean node feature std = 1.004514
Layer 1: mean node feature std = 0.495277
Layer 0: mean node feature std = 0.984708
Layer 1: mean node feature std = 0.484822
Epoch 365 | loss=1372.3984 | 1354.7554
Layer 0: mean node feature std = 1.018818
Layer 1: mean node feature std = 0.503044
Layer 0: mean node feature std = 0.977916
Layer 1: mean node feature std = 0.481709
Layer 0: mean node feature std = 1.000953
Layer 1: mean node feature std = 0.493450
Layer 0: mean node feature std = 0.975530
Layer 1: mean node feature std = 0.480627
Layer 0: mean node feature std = 1.005746
Layer 1: mean node feature std = 0.496422
Layer 0: mean node feature std = 0.978590
Layer 1: mean node feature std = 0.482175
Layer 0: mean node feature std = 1.007537
Layer 1: mean node feature std = 0.497326
Layer 0: mean node feature std = 0.978820
Layer 1: mean node feature std = 0.482186
Layer 0: mean node feature std = 1.006429
Layer 1: mean node feature std = 0.496912
Layer 0: mean node feature std = 0.986858
Layer 1: mean node feature std = 0.486735
Layer 0: mean node feature std = 0.975970
Layer 1: mean node feature std = 0.480904
Layer 0: mean node feature std = 1.002672
Layer 1: mean node feature std = 0.494932
Layer 0: mean node feature std = 1.008504
Layer 1: mean node feature std = 0.498256
Layer 0: mean node feature std = 0.975153
Layer 1: mean node feature std = 0.480723
Layer 0: mean node feature std = 1.020264
Layer 1: mean node feature std = 0.504312
Layer 0: mean node feature std = 1.071735
Layer 1: mean node feature std = 0.531139
Epoch 366 | loss=1363.2870 | 1380.1490
Layer 0: mean node feature std = 1.005987
Layer 1: mean node feature std = 0.497047
Layer 0: mean node feature std = 1.007909
Layer 1: mean node feature std = 0.498091
Layer 0: mean node feature std = 0.995211
Layer 1: mean node feature std = 0.491465
Layer 0: mean node feature std = 0.998253
Layer 1: mean node feature std = 0.493130
Layer 0: mean node feature std = 0.995217
Layer 1: mean node feature std = 0.491667
Layer 0: mean node feature std = 1.026647
Layer 1: mean node feature std = 0.508064
Layer 0: mean node feature std = 0.999656
Layer 1: mean node feature std = 0.494105
Layer 0: mean node feature std = 1.004342
Layer 1: mean node feature std = 0.496477
Layer 0: mean node feature std = 0.956540
Layer 1: mean node feature std = 0.471618
Layer 0: mean node feature std = 0.973068
Layer 1: mean node feature std = 0.480238
Layer 0: mean node feature std = 1.013132
Layer 1: mean node feature std = 0.501301
Layer 0: mean node feature std = 0.994661
Layer 1: mean node feature std = 0.491623
Layer 0: mean node feature std = 1.003319
Layer 1: mean node feature std = 0.496157
Layer 0: mean node feature std = 0.979688
Layer 1: mean node feature std = 0.484030
Layer 0: mean node feature std = 0.983618
Layer 1: mean node feature std = 0.486001
Layer 0: mean node feature std = 0.978468
Layer 1: mean node feature std = 0.483401
Epoch 367 | loss=1323.5817 | 1649.3388
Layer 0: mean node feature std = 0.983541
Layer 1: mean node feature std = 0.486177
Layer 0: mean node feature std = 1.024993
Layer 1: mean node feature std = 0.507720
Layer 0: mean node feature std = 0.994994
Layer 1: mean node feature std = 0.492308
Layer 0: mean node feature std = 1.008849
Layer 1: mean node feature std = 0.499557
Layer 0: mean node feature std = 1.005695
Layer 1: mean node feature std = 0.498008
Layer 0: mean node feature std = 0.997309
Layer 1: mean node feature std = 0.493720
Layer 0: mean node feature std = 1.000601
Layer 1: mean node feature std = 0.495507
Layer 0: mean node feature std = 0.977582
Layer 1: mean node feature std = 0.483672
Layer 0: mean node feature std = 0.991533
Layer 1: mean node feature std = 0.491059
Layer 0: mean node feature std = 0.978504
Layer 1: mean node feature std = 0.484242
Layer 0: mean node feature std = 0.999744
Layer 1: mean node feature std = 0.495238
Layer 0: mean node feature std = 0.991992
Layer 1: mean node feature std = 0.491067
Layer 0: mean node feature std = 0.988516
Layer 1: mean node feature std = 0.489328
Layer 0: mean node feature std = 1.005263
Layer 1: mean node feature std = 0.498423
Layer 0: mean node feature std = 0.979053
Layer 1: mean node feature std = 0.484510
Layer 0: mean node feature std = 1.026893
Layer 1: mean node feature std = 0.509679
Epoch 368 | loss=1430.8318 | 1719.7806
Layer 0: mean node feature std = 1.019861
Layer 1: mean node feature std = 0.506139
Layer 0: mean node feature std = 1.015838
Layer 1: mean node feature std = 0.504069
Layer 0: mean node feature std = 0.996805
Layer 1: mean node feature std = 0.494145
Layer 0: mean node feature std = 0.991767
Layer 1: mean node feature std = 0.491397
Layer 0: mean node feature std = 1.004875
Layer 1: mean node feature std = 0.498635
Layer 0: mean node feature std = 0.997612
Layer 1: mean node feature std = 0.494712
Layer 0: mean node feature std = 0.987305
Layer 1: mean node feature std = 0.489696
Layer 0: mean node feature std = 0.959112
Layer 1: mean node feature std = 0.474475
Layer 0: mean node feature std = 0.970486
Layer 1: mean node feature std = 0.480853
Layer 0: mean node feature std = 0.985351
Layer 1: mean node feature std = 0.488290
Layer 0: mean node feature std = 1.009656
Layer 1: mean node feature std = 0.501003
Layer 0: mean node feature std = 1.031202
Layer 1: mean node feature std = 0.512481
Layer 0: mean node feature std = 0.976406
Layer 1: mean node feature std = 0.483924
Layer 0: mean node feature std = 1.009486
Layer 1: mean node feature std = 0.501241
Layer 0: mean node feature std = 0.989324
Layer 1: mean node feature std = 0.490568
Layer 0: mean node feature std = 0.936669
Layer 1: mean node feature std = 0.463182
Epoch 369 | loss=1359.7490 | 1392.8400
Layer 0: mean node feature std = 0.995172
Layer 1: mean node feature std = 0.493684
Layer 0: mean node feature std = 0.992664
Layer 1: mean node feature std = 0.492325
Layer 0: mean node feature std = 0.988702
Layer 1: mean node feature std = 0.490506
Layer 0: mean node feature std = 0.975525
Layer 1: mean node feature std = 0.483714
Layer 0: mean node feature std = 0.986372
Layer 1: mean node feature std = 0.489304
Layer 0: mean node feature std = 0.996846
Layer 1: mean node feature std = 0.495020
Layer 0: mean node feature std = 1.010609
Layer 1: mean node feature std = 0.502330
Layer 0: mean node feature std = 0.990812
Layer 1: mean node feature std = 0.491753
Layer 0: mean node feature std = 0.995521
Layer 1: mean node feature std = 0.494414
Layer 0: mean node feature std = 0.996781
Layer 1: mean node feature std = 0.495053
Layer 0: mean node feature std = 1.010195
Layer 1: mean node feature std = 0.502132
Layer 0: mean node feature std = 0.988081
Layer 1: mean node feature std = 0.490537
Layer 0: mean node feature std = 1.013395
Layer 1: mean node feature std = 0.503627
Layer 0: mean node feature std = 1.004123
Layer 1: mean node feature std = 0.498928
Layer 0: mean node feature std = 0.980037
Layer 1: mean node feature std = 0.486272
Layer 0: mean node feature std = 1.044665
Layer 1: mean node feature std = 0.520310
Epoch 370 | loss=1336.1455 | 1591.9138
Layer 0: mean node feature std = 1.015052
Layer 1: mean node feature std = 0.504645
Layer 0: mean node feature std = 0.997075
Layer 1: mean node feature std = 0.495268
Layer 0: mean node feature std = 0.982044
Layer 1: mean node feature std = 0.487321
Layer 0: mean node feature std = 0.978930
Layer 1: mean node feature std = 0.485860
Layer 0: mean node feature std = 0.997220
Layer 1: mean node feature std = 0.495472
Layer 0: mean node feature std = 1.005865
Layer 1: mean node feature std = 0.499954
Layer 0: mean node feature std = 0.959452
Layer 1: mean node feature std = 0.475778
Layer 0: mean node feature std = 1.015984
Layer 1: mean node feature std = 0.505582
Layer 0: mean node feature std = 1.018385
Layer 1: mean node feature std = 0.507107
Layer 0: mean node feature std = 0.985978
Layer 1: mean node feature std = 0.490004
Layer 0: mean node feature std = 0.985963
Layer 1: mean node feature std = 0.490003
Layer 0: mean node feature std = 0.988695
Layer 1: mean node feature std = 0.491508
Layer 0: mean node feature std = 1.007059
Layer 1: mean node feature std = 0.501287
Layer 0: mean node feature std = 1.000220
Layer 1: mean node feature std = 0.497721
Layer 0: mean node feature std = 0.996094
Layer 1: mean node feature std = 0.495454
Layer 0: mean node feature std = 0.995699
Layer 1: mean node feature std = 0.495194
Epoch 371 | loss=1347.2653 | 1351.7594
Layer 0: mean node feature std = 1.008712
Layer 1: mean node feature std = 0.502023
Layer 0: mean node feature std = 0.991147
Layer 1: mean node feature std = 0.492907
Layer 0: mean node feature std = 0.999211
Layer 1: mean node feature std = 0.497064
Layer 0: mean node feature std = 0.976986
Layer 1: mean node feature std = 0.485470
Layer 0: mean node feature std = 1.022238
Layer 1: mean node feature std = 0.509130
Layer 0: mean node feature std = 0.995555
Layer 1: mean node feature std = 0.495333
Layer 0: mean node feature std = 1.004906
Layer 1: mean node feature std = 0.500513
Layer 0: mean node feature std = 0.987862
Layer 1: mean node feature std = 0.491432
Layer 0: mean node feature std = 1.010581
Layer 1: mean node feature std = 0.503604
Layer 0: mean node feature std = 1.017498
Layer 1: mean node feature std = 0.507148
Layer 0: mean node feature std = 0.998487
Layer 1: mean node feature std = 0.497511
Layer 0: mean node feature std = 0.983780
Layer 1: mean node feature std = 0.489668
Layer 0: mean node feature std = 0.999307
Layer 1: mean node feature std = 0.498059
Layer 0: mean node feature std = 0.968206
Layer 1: mean node feature std = 0.481719
Layer 0: mean node feature std = 0.971395
Layer 1: mean node feature std = 0.483321
Layer 0: mean node feature std = 0.985808
Layer 1: mean node feature std = 0.490958
Epoch 372 | loss=1343.5233 | 2245.6078
Layer 0: mean node feature std = 1.005069
Layer 1: mean node feature std = 0.501042
Layer 0: mean node feature std = 0.987204
Layer 1: mean node feature std = 0.491779
Layer 0: mean node feature std = 0.965961
Layer 1: mean node feature std = 0.480612
Layer 0: mean node feature std = 0.987270
Layer 1: mean node feature std = 0.491745
Layer 0: mean node feature std = 1.000303
Layer 1: mean node feature std = 0.498709
Layer 0: mean node feature std = 1.014138
Layer 1: mean node feature std = 0.506024
Layer 0: mean node feature std = 1.013952
Layer 1: mean node feature std = 0.505639
Layer 0: mean node feature std = 0.979099
Layer 1: mean node feature std = 0.487694
Layer 0: mean node feature std = 1.006663
Layer 1: mean node feature std = 0.502296
Layer 0: mean node feature std = 0.997297
Layer 1: mean node feature std = 0.497519
Layer 0: mean node feature std = 1.030523
Layer 1: mean node feature std = 0.514889
Layer 0: mean node feature std = 1.002753
Layer 1: mean node feature std = 0.500351
Layer 0: mean node feature std = 0.986706
Layer 1: mean node feature std = 0.491990
Layer 0: mean node feature std = 0.984366
Layer 1: mean node feature std = 0.490992
Layer 0: mean node feature std = 0.986056
Layer 1: mean node feature std = 0.492025
Layer 0: mean node feature std = 0.924541
Layer 1: mean node feature std = 0.459429
Epoch 373 | loss=1326.8034 | 1788.8418
Layer 0: mean node feature std = 1.000572
Layer 1: mean node feature std = 0.499566
Layer 0: mean node feature std = 1.007396
Layer 1: mean node feature std = 0.503319
Layer 0: mean node feature std = 0.990455
Layer 1: mean node feature std = 0.494310
Layer 0: mean node feature std = 0.992629
Layer 1: mean node feature std = 0.495240
Layer 0: mean node feature std = 0.996853
Layer 1: mean node feature std = 0.497711
Layer 0: mean node feature std = 0.958253
Layer 1: mean node feature std = 0.477579
Layer 0: mean node feature std = 1.007344
Layer 1: mean node feature std = 0.503508
Layer 0: mean node feature std = 0.996993
Layer 1: mean node feature std = 0.497929
Layer 0: mean node feature std = 0.970162
Layer 1: mean node feature std = 0.483911
Layer 0: mean node feature std = 1.014888
Layer 1: mean node feature std = 0.507664
Layer 0: mean node feature std = 0.999126
Layer 1: mean node feature std = 0.499599
Layer 0: mean node feature std = 0.984813
Layer 1: mean node feature std = 0.491843
Layer 0: mean node feature std = 1.009115
Layer 1: mean node feature std = 0.504689
Layer 0: mean node feature std = 0.987938
Layer 1: mean node feature std = 0.493685
Layer 0: mean node feature std = 1.009098
Layer 1: mean node feature std = 0.505128
Layer 0: mean node feature std = 1.040391
Layer 1: mean node feature std = 0.521303
Epoch 374 | loss=1302.0346 | 1363.1254
Layer 0: mean node feature std = 0.982513
Layer 1: mean node feature std = 0.490939
Layer 0: mean node feature std = 1.011898
Layer 1: mean node feature std = 0.506551
Layer 0: mean node feature std = 0.997648
Layer 1: mean node feature std = 0.498829
Layer 0: mean node feature std = 1.001559
Layer 1: mean node feature std = 0.500859
Layer 0: mean node feature std = 1.014278
Layer 1: mean node feature std = 0.507871
Layer 0: mean node feature std = 1.004228
Layer 1: mean node feature std = 0.502465
Layer 0: mean node feature std = 1.000141
Layer 1: mean node feature std = 0.500556
Layer 0: mean node feature std = 0.986915
Layer 1: mean node feature std = 0.493411
Layer 0: mean node feature std = 0.975662
Layer 1: mean node feature std = 0.487827
Layer 0: mean node feature std = 0.993164
Layer 1: mean node feature std = 0.497118
Layer 0: mean node feature std = 0.994047
Layer 1: mean node feature std = 0.497562
Layer 0: mean node feature std = 0.992763
Layer 1: mean node feature std = 0.496952
Layer 0: mean node feature std = 0.982016
Layer 1: mean node feature std = 0.491397
Layer 0: mean node feature std = 0.993046
Layer 1: mean node feature std = 0.497130
Layer 0: mean node feature std = 0.995869
Layer 1: mean node feature std = 0.498914
Layer 0: mean node feature std = 1.039803
Layer 1: mean node feature std = 0.521909
Epoch 375 | loss=1301.8041 | 1616.2307
Layer 0: mean node feature std = 1.001882
Layer 1: mean node feature std = 0.501926
Layer 0: mean node feature std = 0.990648
Layer 1: mean node feature std = 0.496156
Layer 0: mean node feature std = 0.984508
Layer 1: mean node feature std = 0.493013
Layer 0: mean node feature std = 1.007762
Layer 1: mean node feature std = 0.505415
Layer 0: mean node feature std = 1.007627
Layer 1: mean node feature std = 0.505144
Layer 0: mean node feature std = 0.979304
Layer 1: mean node feature std = 0.490274
Layer 0: mean node feature std = 0.994320
Layer 1: mean node feature std = 0.498033
Layer 0: mean node feature std = 1.001541
Layer 1: mean node feature std = 0.502125
Layer 0: mean node feature std = 0.982027
Layer 1: mean node feature std = 0.491680
Layer 0: mean node feature std = 1.006347
Layer 1: mean node feature std = 0.504640
Layer 0: mean node feature std = 0.985775
Layer 1: mean node feature std = 0.493677
Layer 0: mean node feature std = 0.992680
Layer 1: mean node feature std = 0.497633
Layer 0: mean node feature std = 1.021815
Layer 1: mean node feature std = 0.513015
Layer 0: mean node feature std = 0.998293
Layer 1: mean node feature std = 0.500405
Layer 0: mean node feature std = 0.984252
Layer 1: mean node feature std = 0.493074
Layer 0: mean node feature std = 0.970288
Layer 1: mean node feature std = 0.486208
Epoch 376 | loss=1383.5867 | 1383.8680
Layer 0: mean node feature std = 1.017453
Layer 1: mean node feature std = 0.511080
Layer 0: mean node feature std = 0.994815
Layer 1: mean node feature std = 0.499114
Layer 0: mean node feature std = 1.025143
Layer 1: mean node feature std = 0.515276
Layer 0: mean node feature std = 0.973319
Layer 1: mean node feature std = 0.487885
Layer 0: mean node feature std = 0.991851
Layer 1: mean node feature std = 0.497675
Layer 0: mean node feature std = 0.967179
Layer 1: mean node feature std = 0.484642
Layer 0: mean node feature std = 0.985205
Layer 1: mean node feature std = 0.494066
Layer 0: mean node feature std = 0.983505
Layer 1: mean node feature std = 0.493313
Layer 0: mean node feature std = 1.023027
Layer 1: mean node feature std = 0.514280
Layer 0: mean node feature std = 0.985660
Layer 1: mean node feature std = 0.494325
Layer 0: mean node feature std = 1.010115
Layer 1: mean node feature std = 0.507503
Layer 0: mean node feature std = 0.996236
Layer 1: mean node feature std = 0.500284
Layer 0: mean node feature std = 0.987539
Layer 1: mean node feature std = 0.495492
Layer 0: mean node feature std = 0.977772
Layer 1: mean node feature std = 0.490272
Layer 0: mean node feature std = 1.008361
Layer 1: mean node feature std = 0.506719
Layer 0: mean node feature std = 1.032154
Layer 1: mean node feature std = 0.519416
Epoch 377 | loss=1435.4595 | 1440.0093
Layer 0: mean node feature std = 0.994170
Layer 1: mean node feature std = 0.499443
Layer 0: mean node feature std = 1.002442
Layer 1: mean node feature std = 0.503868
Layer 0: mean node feature std = 0.994936
Layer 1: mean node feature std = 0.499938
Layer 0: mean node feature std = 0.983164
Layer 1: mean node feature std = 0.493622
Layer 0: mean node feature std = 0.987371
Layer 1: mean node feature std = 0.496144
Layer 0: mean node feature std = 1.008988
Layer 1: mean node feature std = 0.507536
Layer 0: mean node feature std = 1.004442
Layer 1: mean node feature std = 0.505298
Layer 0: mean node feature std = 0.967123
Layer 1: mean node feature std = 0.485356
Layer 0: mean node feature std = 0.988473
Layer 1: mean node feature std = 0.496731
Layer 0: mean node feature std = 1.002432
Layer 1: mean node feature std = 0.504330
Layer 0: mean node feature std = 1.002887
Layer 1: mean node feature std = 0.504561
Layer 0: mean node feature std = 1.003556
Layer 1: mean node feature std = 0.504775
Layer 0: mean node feature std = 0.993029
Layer 1: mean node feature std = 0.499187
Layer 0: mean node feature std = 0.990813
Layer 1: mean node feature std = 0.498249
Layer 0: mean node feature std = 1.010347
Layer 1: mean node feature std = 0.508449
Layer 0: mean node feature std = 0.994867
Layer 1: mean node feature std = 0.500424
Epoch 378 | loss=1323.3980 | 1382.4569
Layer 0: mean node feature std = 0.992822
Layer 1: mean node feature std = 0.499227
Layer 0: mean node feature std = 1.022458
Layer 1: mean node feature std = 0.515067
Layer 0: mean node feature std = 0.988024
Layer 1: mean node feature std = 0.497095
Layer 0: mean node feature std = 0.980989
Layer 1: mean node feature std = 0.493301
Layer 0: mean node feature std = 0.983897
Layer 1: mean node feature std = 0.494947
Layer 0: mean node feature std = 1.010731
Layer 1: mean node feature std = 0.509566
Layer 0: mean node feature std = 0.982619
Layer 1: mean node feature std = 0.494561
Layer 0: mean node feature std = 1.004319
Layer 1: mean node feature std = 0.506207
Layer 0: mean node feature std = 1.003671
Layer 1: mean node feature std = 0.505584
Layer 0: mean node feature std = 1.002225
Layer 1: mean node feature std = 0.505153
Layer 0: mean node feature std = 1.022116
Layer 1: mean node feature std = 0.515982
Layer 0: mean node feature std = 0.980225
Layer 1: mean node feature std = 0.493409
Layer 0: mean node feature std = 0.988142
Layer 1: mean node feature std = 0.497858
Layer 0: mean node feature std = 0.965299
Layer 1: mean node feature std = 0.485719
Layer 0: mean node feature std = 1.003387
Layer 1: mean node feature std = 0.505928
Layer 0: mean node feature std = 1.012192
Layer 1: mean node feature std = 0.510688
Epoch 379 | loss=1299.1970 | 1702.2878
Layer 0: mean node feature std = 1.004642
Layer 1: mean node feature std = 0.506523
Layer 0: mean node feature std = 0.991922
Layer 1: mean node feature std = 0.500146
Layer 0: mean node feature std = 0.968520
Layer 1: mean node feature std = 0.487489
Layer 0: mean node feature std = 1.012344
Layer 1: mean node feature std = 0.510929
Layer 0: mean node feature std = 0.998571
Layer 1: mean node feature std = 0.503823
Layer 0: mean node feature std = 1.003236
Layer 1: mean node feature std = 0.506275
Layer 0: mean node feature std = 0.989878
Layer 1: mean node feature std = 0.499460
Layer 0: mean node feature std = 0.988680
Layer 1: mean node feature std = 0.498545
Layer 0: mean node feature std = 0.992527
Layer 1: mean node feature std = 0.500511
Layer 0: mean node feature std = 1.000745
Layer 1: mean node feature std = 0.504871
Layer 0: mean node feature std = 0.989856
Layer 1: mean node feature std = 0.499350
Layer 0: mean node feature std = 0.982233
Layer 1: mean node feature std = 0.495126
Layer 0: mean node feature std = 1.016302
Layer 1: mean node feature std = 0.513211
Layer 0: mean node feature std = 0.995989
Layer 1: mean node feature std = 0.502775
Layer 0: mean node feature std = 0.984643
Layer 1: mean node feature std = 0.496730
Layer 0: mean node feature std = 1.069981
Layer 1: mean node feature std = 0.542679
Epoch 380 | loss=1302.7152 | 1404.3828
Layer 0: mean node feature std = 0.987453
Layer 1: mean node feature std = 0.498425
Layer 0: mean node feature std = 1.002221
Layer 1: mean node feature std = 0.506281
Layer 0: mean node feature std = 0.987630
Layer 1: mean node feature std = 0.498612
Layer 0: mean node feature std = 0.972930
Layer 1: mean node feature std = 0.490770
Layer 0: mean node feature std = 0.995098
Layer 1: mean node feature std = 0.502430
Layer 0: mean node feature std = 1.020149
Layer 1: mean node feature std = 0.515888
Layer 0: mean node feature std = 0.999373
Layer 1: mean node feature std = 0.504942
Layer 0: mean node feature std = 1.013228
Layer 1: mean node feature std = 0.512416
Layer 0: mean node feature std = 0.985283
Layer 1: mean node feature std = 0.497498
Layer 0: mean node feature std = 1.004428
Layer 1: mean node feature std = 0.507556
Layer 0: mean node feature std = 0.984744
Layer 1: mean node feature std = 0.497082
Layer 0: mean node feature std = 1.003769
Layer 1: mean node feature std = 0.507381
Layer 0: mean node feature std = 0.997473
Layer 1: mean node feature std = 0.504258
Layer 0: mean node feature std = 1.005955
Layer 1: mean node feature std = 0.508495
Layer 0: mean node feature std = 0.983085
Layer 1: mean node feature std = 0.496570
Layer 0: mean node feature std = 0.948757
Layer 1: mean node feature std = 0.478378
Epoch 381 | loss=1292.0677 | 1875.0362
Layer 0: mean node feature std = 0.982865
Layer 1: mean node feature std = 0.496475
Layer 0: mean node feature std = 0.985723
Layer 1: mean node feature std = 0.498199
Layer 0: mean node feature std = 0.997599
Layer 1: mean node feature std = 0.504346
Layer 0: mean node feature std = 0.987168
Layer 1: mean node feature std = 0.498955
Layer 0: mean node feature std = 0.983873
Layer 1: mean node feature std = 0.497033
Layer 0: mean node feature std = 1.036423
Layer 1: mean node feature std = 0.525321
Layer 0: mean node feature std = 0.997931
Layer 1: mean node feature std = 0.504927
Layer 0: mean node feature std = 0.978576
Layer 1: mean node feature std = 0.494624
Layer 0: mean node feature std = 1.032251
Layer 1: mean node feature std = 0.523191
Layer 0: mean node feature std = 0.998328
Layer 1: mean node feature std = 0.505311
Layer 0: mean node feature std = 1.010583
Layer 1: mean node feature std = 0.511848
Layer 0: mean node feature std = 0.996469
Layer 1: mean node feature std = 0.504198
Layer 0: mean node feature std = 0.971311
Layer 1: mean node feature std = 0.491170
Layer 0: mean node feature std = 0.980591
Layer 1: mean node feature std = 0.495939
Layer 0: mean node feature std = 0.988471
Layer 1: mean node feature std = 0.500460
Layer 0: mean node feature std = 1.026919
Layer 1: mean node feature std = 0.520922
Epoch 382 | loss=1309.4577 | 1614.5054
Layer 0: mean node feature std = 1.009326
Layer 1: mean node feature std = 0.511476
Layer 0: mean node feature std = 1.003091
Layer 1: mean node feature std = 0.508361
Layer 0: mean node feature std = 1.014068
Layer 1: mean node feature std = 0.514075
Layer 0: mean node feature std = 1.025434
Layer 1: mean node feature std = 0.520307
Layer 0: mean node feature std = 0.995647
Layer 1: mean node feature std = 0.504433
Layer 0: mean node feature std = 0.983255
Layer 1: mean node feature std = 0.497817
Layer 0: mean node feature std = 0.976074
Layer 1: mean node feature std = 0.494120
Layer 0: mean node feature std = 0.971503
Layer 1: mean node feature std = 0.491527
Layer 0: mean node feature std = 1.000682
Layer 1: mean node feature std = 0.507401
Layer 0: mean node feature std = 0.987132
Layer 1: mean node feature std = 0.499848
Layer 0: mean node feature std = 0.978556
Layer 1: mean node feature std = 0.495485
Layer 0: mean node feature std = 0.989839
Layer 1: mean node feature std = 0.501511
Layer 0: mean node feature std = 1.026529
Layer 1: mean node feature std = 0.521281
Layer 0: mean node feature std = 0.991159
Layer 1: mean node feature std = 0.502504
Layer 0: mean node feature std = 0.987590
Layer 1: mean node feature std = 0.500397
Layer 0: mean node feature std = 0.964408
Layer 1: mean node feature std = 0.488173
Epoch 383 | loss=1367.5837 | 1694.1470
Layer 0: mean node feature std = 0.987299
Layer 1: mean node feature std = 0.500352
Layer 0: mean node feature std = 0.969139
Layer 1: mean node feature std = 0.490721
Layer 0: mean node feature std = 1.005615
Layer 1: mean node feature std = 0.510411
Layer 0: mean node feature std = 0.976213
Layer 1: mean node feature std = 0.494823
Layer 0: mean node feature std = 1.003821
Layer 1: mean node feature std = 0.509777
Layer 0: mean node feature std = 1.002119
Layer 1: mean node feature std = 0.508790
Layer 0: mean node feature std = 0.989285
Layer 1: mean node feature std = 0.501727
Layer 0: mean node feature std = 0.994941
Layer 1: mean node feature std = 0.505172
Layer 0: mean node feature std = 0.995434
Layer 1: mean node feature std = 0.505138
Layer 0: mean node feature std = 1.011682
Layer 1: mean node feature std = 0.513941
Layer 0: mean node feature std = 0.992301
Layer 1: mean node feature std = 0.503852
Layer 0: mean node feature std = 0.995583
Layer 1: mean node feature std = 0.505543
Layer 0: mean node feature std = 1.009566
Layer 1: mean node feature std = 0.513308
Layer 0: mean node feature std = 1.018541
Layer 1: mean node feature std = 0.517601
Layer 0: mean node feature std = 0.977759
Layer 1: mean node feature std = 0.495915
Layer 0: mean node feature std = 1.020860
Layer 1: mean node feature std = 0.518949
Epoch 384 | loss=1367.1424 | 1604.5842
Layer 0: mean node feature std = 1.001790
Layer 1: mean node feature std = 0.509196
Layer 0: mean node feature std = 1.013635
Layer 1: mean node feature std = 0.515456
Layer 0: mean node feature std = 0.973004
Layer 1: mean node feature std = 0.493603
Layer 0: mean node feature std = 0.981496
Layer 1: mean node feature std = 0.498581
Layer 0: mean node feature std = 0.988895
Layer 1: mean node feature std = 0.502308
Layer 0: mean node feature std = 1.012215
Layer 1: mean node feature std = 0.515261
Layer 0: mean node feature std = 0.978586
Layer 1: mean node feature std = 0.497292
Layer 0: mean node feature std = 0.999678
Layer 1: mean node feature std = 0.508335
Layer 0: mean node feature std = 0.983041
Layer 1: mean node feature std = 0.499558
Layer 0: mean node feature std = 0.995836
Layer 1: mean node feature std = 0.506346
Layer 0: mean node feature std = 0.995619
Layer 1: mean node feature std = 0.506106
Layer 0: mean node feature std = 1.007036
Layer 1: mean node feature std = 0.512406
Layer 0: mean node feature std = 1.020941
Layer 1: mean node feature std = 0.519831
Layer 0: mean node feature std = 0.995671
Layer 1: mean node feature std = 0.506289
Layer 0: mean node feature std = 0.986800
Layer 1: mean node feature std = 0.501631
Layer 0: mean node feature std = 0.994491
Layer 1: mean node feature std = 0.505945
Epoch 385 | loss=1314.7093 | 1447.5225
Layer 0: mean node feature std = 0.978402
Layer 1: mean node feature std = 0.497161
Layer 0: mean node feature std = 1.003611
Layer 1: mean node feature std = 0.511017
Layer 0: mean node feature std = 0.996642
Layer 1: mean node feature std = 0.507281
Layer 0: mean node feature std = 0.995509
Layer 1: mean node feature std = 0.506682
Layer 0: mean node feature std = 0.994822
Layer 1: mean node feature std = 0.506408
Layer 0: mean node feature std = 1.002767
Layer 1: mean node feature std = 0.510703
Layer 0: mean node feature std = 0.994735
Layer 1: mean node feature std = 0.506544
Layer 0: mean node feature std = 0.991984
Layer 1: mean node feature std = 0.505144
Layer 0: mean node feature std = 1.003341
Layer 1: mean node feature std = 0.510860
Layer 0: mean node feature std = 1.028380
Layer 1: mean node feature std = 0.524729
Layer 0: mean node feature std = 0.984794
Layer 1: mean node feature std = 0.501163
Layer 0: mean node feature std = 1.004522
Layer 1: mean node feature std = 0.511875
Layer 0: mean node feature std = 0.985125
Layer 1: mean node feature std = 0.501454
Layer 0: mean node feature std = 0.980859
Layer 1: mean node feature std = 0.499241
Layer 0: mean node feature std = 0.984296
Layer 1: mean node feature std = 0.501350
Layer 0: mean node feature std = 1.018244
Layer 1: mean node feature std = 0.518999
Epoch 386 | loss=1308.5046 | 1537.2868
Layer 0: mean node feature std = 0.987820
Layer 1: mean node feature std = 0.503213
Layer 0: mean node feature std = 0.988663
Layer 1: mean node feature std = 0.503833
Layer 0: mean node feature std = 0.985760
Layer 1: mean node feature std = 0.502245
Layer 0: mean node feature std = 0.976280
Layer 1: mean node feature std = 0.497265
Layer 0: mean node feature std = 0.968784
Layer 1: mean node feature std = 0.493035
Layer 0: mean node feature std = 0.999861
Layer 1: mean node feature std = 0.509968
Layer 0: mean node feature std = 0.995651
Layer 1: mean node feature std = 0.507645
Layer 0: mean node feature std = 1.013514
Layer 1: mean node feature std = 0.517258
Layer 0: mean node feature std = 0.985176
Layer 1: mean node feature std = 0.502011
Layer 0: mean node feature std = 1.033178
Layer 1: mean node feature std = 0.528239
Layer 0: mean node feature std = 1.001528
Layer 1: mean node feature std = 0.511213
Layer 0: mean node feature std = 0.968519
Layer 1: mean node feature std = 0.493302
Layer 0: mean node feature std = 1.006886
Layer 1: mean node feature std = 0.514158
Layer 0: mean node feature std = 1.000596
Layer 1: mean node feature std = 0.510912
Layer 0: mean node feature std = 1.019989
Layer 1: mean node feature std = 0.521134
Layer 0: mean node feature std = 1.005362
Layer 1: mean node feature std = 0.513611
Epoch 387 | loss=1343.1754 | 1395.4029
Layer 0: mean node feature std = 1.017569
Layer 1: mean node feature std = 0.519977
Layer 0: mean node feature std = 0.992339
Layer 1: mean node feature std = 0.506500
Layer 0: mean node feature std = 1.006136
Layer 1: mean node feature std = 0.513929
Layer 0: mean node feature std = 1.005197
Layer 1: mean node feature std = 0.513535
Layer 0: mean node feature std = 0.996091
Layer 1: mean node feature std = 0.508801
Layer 0: mean node feature std = 1.022441
Layer 1: mean node feature std = 0.522913
Layer 0: mean node feature std = 1.024487
Layer 1: mean node feature std = 0.523888
Layer 0: mean node feature std = 0.986356
Layer 1: mean node feature std = 0.503537
Layer 0: mean node feature std = 0.985666
Layer 1: mean node feature std = 0.502991
Layer 0: mean node feature std = 0.959753
Layer 1: mean node feature std = 0.489033
Layer 0: mean node feature std = 0.994430
Layer 1: mean node feature std = 0.507809
Layer 0: mean node feature std = 0.987785
Layer 1: mean node feature std = 0.504504
Layer 0: mean node feature std = 0.997122
Layer 1: mean node feature std = 0.509587
Layer 0: mean node feature std = 0.996702
Layer 1: mean node feature std = 0.509219
Layer 0: mean node feature std = 0.966760
Layer 1: mean node feature std = 0.493313
Layer 0: mean node feature std = 0.970013
Layer 1: mean node feature std = 0.495092
Epoch 388 | loss=1290.9935 | 1619.6768
Layer 0: mean node feature std = 1.030385
Layer 1: mean node feature std = 0.527848
Layer 0: mean node feature std = 0.977703
Layer 1: mean node feature std = 0.499234
Layer 0: mean node feature std = 0.987642
Layer 1: mean node feature std = 0.504724
Layer 0: mean node feature std = 1.012074
Layer 1: mean node feature std = 0.517899
Layer 0: mean node feature std = 1.007811
Layer 1: mean node feature std = 0.515652
Layer 0: mean node feature std = 0.991120
Layer 1: mean node feature std = 0.506680
Layer 0: mean node feature std = 0.972506
Layer 1: mean node feature std = 0.496594
Layer 0: mean node feature std = 0.975891
Layer 1: mean node feature std = 0.498594
Layer 0: mean node feature std = 0.993283
Layer 1: mean node feature std = 0.507854
Layer 0: mean node feature std = 1.003857
Layer 1: mean node feature std = 0.513640
Layer 0: mean node feature std = 1.023028
Layer 1: mean node feature std = 0.524336
Layer 0: mean node feature std = 0.991392
Layer 1: mean node feature std = 0.507119
Layer 0: mean node feature std = 0.967872
Layer 1: mean node feature std = 0.494380
Layer 0: mean node feature std = 1.005576
Layer 1: mean node feature std = 0.514825
Layer 0: mean node feature std = 0.984919
Layer 1: mean node feature std = 0.503732
Layer 0: mean node feature std = 1.043467
Layer 1: mean node feature std = 0.535644
Epoch 389 | loss=1276.7140 | 1783.0378
Layer 0: mean node feature std = 1.011109
Layer 1: mean node feature std = 0.518158
Layer 0: mean node feature std = 1.003414
Layer 1: mean node feature std = 0.513865
Layer 0: mean node feature std = 0.987449
Layer 1: mean node feature std = 0.505341
Layer 0: mean node feature std = 0.974444
Layer 1: mean node feature std = 0.498369
Layer 0: mean node feature std = 1.007661
Layer 1: mean node feature std = 0.516432
Layer 0: mean node feature std = 0.970495
Layer 1: mean node feature std = 0.496220
Layer 0: mean node feature std = 1.010015
Layer 1: mean node feature std = 0.517893
Layer 0: mean node feature std = 0.992608
Layer 1: mean node feature std = 0.508575
Layer 0: mean node feature std = 1.004801
Layer 1: mean node feature std = 0.514893
Layer 0: mean node feature std = 0.991411
Layer 1: mean node feature std = 0.507996
Layer 0: mean node feature std = 0.995564
Layer 1: mean node feature std = 0.509884
Layer 0: mean node feature std = 0.978311
Layer 1: mean node feature std = 0.500634
Layer 0: mean node feature std = 1.008847
Layer 1: mean node feature std = 0.517073
Layer 0: mean node feature std = 0.993408
Layer 1: mean node feature std = 0.509139
Layer 0: mean node feature std = 0.986984
Layer 1: mean node feature std = 0.505525
Layer 0: mean node feature std = 1.089019
Layer 1: mean node feature std = 0.560933
Epoch 390 | loss=1310.8034 | 1584.8423
Layer 0: mean node feature std = 0.990303
Layer 1: mean node feature std = 0.507607
Layer 0: mean node feature std = 0.991508
Layer 1: mean node feature std = 0.508176
Layer 0: mean node feature std = 0.999977
Layer 1: mean node feature std = 0.513017
Layer 0: mean node feature std = 1.026561
Layer 1: mean node feature std = 0.527295
Layer 0: mean node feature std = 0.975178
Layer 1: mean node feature std = 0.499577
Layer 0: mean node feature std = 1.005842
Layer 1: mean node feature std = 0.516073
Layer 0: mean node feature std = 0.985972
Layer 1: mean node feature std = 0.505469
Layer 0: mean node feature std = 0.995717
Layer 1: mean node feature std = 0.510874
Layer 0: mean node feature std = 1.020098
Layer 1: mean node feature std = 0.523996
Layer 0: mean node feature std = 1.014594
Layer 1: mean node feature std = 0.521096
Layer 0: mean node feature std = 0.992000
Layer 1: mean node feature std = 0.508686
Layer 0: mean node feature std = 1.004925
Layer 1: mean node feature std = 0.515925
Layer 0: mean node feature std = 0.971071
Layer 1: mean node feature std = 0.497797
Layer 0: mean node feature std = 0.959626
Layer 1: mean node feature std = 0.491316
Layer 0: mean node feature std = 1.002452
Layer 1: mean node feature std = 0.514736
Layer 0: mean node feature std = 0.986053
Layer 1: mean node feature std = 0.505910
Epoch 391 | loss=1277.5923 | 1605.7774
Layer 0: mean node feature std = 0.986943
Layer 1: mean node feature std = 0.506386
Layer 0: mean node feature std = 1.042229
Layer 1: mean node feature std = 0.536461
Layer 0: mean node feature std = 1.004213
Layer 1: mean node feature std = 0.515812
Layer 0: mean node feature std = 0.968976
Layer 1: mean node feature std = 0.496997
Layer 0: mean node feature std = 0.997901
Layer 1: mean node feature std = 0.512779
Layer 0: mean node feature std = 0.997116
Layer 1: mean node feature std = 0.512263
Layer 0: mean node feature std = 0.992751
Layer 1: mean node feature std = 0.509704
Layer 0: mean node feature std = 0.983642
Layer 1: mean node feature std = 0.505155
Layer 0: mean node feature std = 0.997894
Layer 1: mean node feature std = 0.513021
Layer 0: mean node feature std = 0.991987
Layer 1: mean node feature std = 0.509660
Layer 0: mean node feature std = 1.003488
Layer 1: mean node feature std = 0.516051
Layer 0: mean node feature std = 0.976256
Layer 1: mean node feature std = 0.501390
Layer 0: mean node feature std = 1.010658
Layer 1: mean node feature std = 0.519917
Layer 0: mean node feature std = 0.978501
Layer 1: mean node feature std = 0.502612
Layer 0: mean node feature std = 0.996864
Layer 1: mean node feature std = 0.512691
Layer 0: mean node feature std = 1.020218
Layer 1: mean node feature std = 0.525203
Epoch 392 | loss=1302.9749 | 1645.5870
Layer 0: mean node feature std = 1.010815
Layer 1: mean node feature std = 0.520288
Layer 0: mean node feature std = 1.008253
Layer 1: mean node feature std = 0.518775
Layer 0: mean node feature std = 0.985666
Layer 1: mean node feature std = 0.506607
Layer 0: mean node feature std = 1.029537
Layer 1: mean node feature std = 0.530470
Layer 0: mean node feature std = 0.987544
Layer 1: mean node feature std = 0.507894
Layer 0: mean node feature std = 0.989576
Layer 1: mean node feature std = 0.508918
Layer 0: mean node feature std = 1.005120
Layer 1: mean node feature std = 0.517537
Layer 0: mean node feature std = 0.981903
Layer 1: mean node feature std = 0.504809
Layer 0: mean node feature std = 0.994458
Layer 1: mean node feature std = 0.511714
Layer 0: mean node feature std = 1.000111
Layer 1: mean node feature std = 0.515151
Layer 0: mean node feature std = 0.978112
Layer 1: mean node feature std = 0.502930
Layer 0: mean node feature std = 0.999917
Layer 1: mean node feature std = 0.515016
Layer 0: mean node feature std = 1.001986
Layer 1: mean node feature std = 0.516047
Layer 0: mean node feature std = 0.986946
Layer 1: mean node feature std = 0.507746
Layer 0: mean node feature std = 0.968574
Layer 1: mean node feature std = 0.498174
Layer 0: mean node feature std = 1.025015
Layer 1: mean node feature std = 0.528952
Epoch 393 | loss=1344.5454 | 1379.4525
Layer 0: mean node feature std = 0.996547
Layer 1: mean node feature std = 0.513482
Layer 0: mean node feature std = 0.972449
Layer 1: mean node feature std = 0.500226
Layer 0: mean node feature std = 0.990958
Layer 1: mean node feature std = 0.510545
Layer 0: mean node feature std = 1.006152
Layer 1: mean node feature std = 0.518883
Layer 0: mean node feature std = 1.000736
Layer 1: mean node feature std = 0.516005
Layer 0: mean node feature std = 0.952718
Layer 1: mean node feature std = 0.490116
Layer 0: mean node feature std = 0.993165
Layer 1: mean node feature std = 0.512094
Layer 0: mean node feature std = 1.019660
Layer 1: mean node feature std = 0.526379
Layer 0: mean node feature std = 0.991339
Layer 1: mean node feature std = 0.510971
Layer 0: mean node feature std = 1.014918
Layer 1: mean node feature std = 0.523828
Layer 0: mean node feature std = 0.981138
Layer 1: mean node feature std = 0.505753
Layer 0: mean node feature std = 0.987926
Layer 1: mean node feature std = 0.509463
Layer 0: mean node feature std = 0.987163
Layer 1: mean node feature std = 0.509047
Layer 0: mean node feature std = 1.007638
Layer 1: mean node feature std = 0.520494
Layer 0: mean node feature std = 1.034796
Layer 1: mean node feature std = 0.535392
Layer 0: mean node feature std = 0.978170
Layer 1: mean node feature std = 0.503981
Epoch 394 | loss=1289.0804 | 1329.5298
Layer 0: mean node feature std = 0.985613
Layer 1: mean node feature std = 0.508425
Layer 0: mean node feature std = 0.995796
Layer 1: mean node feature std = 0.513884
Layer 0: mean node feature std = 0.981947
Layer 1: mean node feature std = 0.506537
Layer 0: mean node feature std = 0.992817
Layer 1: mean node feature std = 0.512384
Layer 0: mean node feature std = 1.004650
Layer 1: mean node feature std = 0.519155
Layer 0: mean node feature std = 1.001998
Layer 1: mean node feature std = 0.517870
Layer 0: mean node feature std = 0.981077
Layer 1: mean node feature std = 0.506383
Layer 0: mean node feature std = 1.006718
Layer 1: mean node feature std = 0.520521
Layer 0: mean node feature std = 0.996477
Layer 1: mean node feature std = 0.514810
Layer 0: mean node feature std = 1.014196
Layer 1: mean node feature std = 0.524485
Layer 0: mean node feature std = 1.004145
Layer 1: mean node feature std = 0.519068
Layer 0: mean node feature std = 0.991242
Layer 1: mean node feature std = 0.512061
Layer 0: mean node feature std = 0.981454
Layer 1: mean node feature std = 0.507012
Layer 0: mean node feature std = 0.986300
Layer 1: mean node feature std = 0.509634
Layer 0: mean node feature std = 1.005512
Layer 1: mean node feature std = 0.520169
Layer 0: mean node feature std = 1.017431
Layer 1: mean node feature std = 0.526620
Epoch 395 | loss=1263.4313 | 1347.4642
Layer 0: mean node feature std = 0.991097
Layer 1: mean node feature std = 0.512219
Layer 0: mean node feature std = 0.991923
Layer 1: mean node feature std = 0.512685
Layer 0: mean node feature std = 0.997568
Layer 1: mean node feature std = 0.515856
Layer 0: mean node feature std = 1.024639
Layer 1: mean node feature std = 0.530710
Layer 0: mean node feature std = 0.995316
Layer 1: mean node feature std = 0.514855
Layer 0: mean node feature std = 0.997056
Layer 1: mean node feature std = 0.515728
Layer 0: mean node feature std = 0.994119
Layer 1: mean node feature std = 0.514205
Layer 0: mean node feature std = 0.974326
Layer 1: mean node feature std = 0.503380
Layer 0: mean node feature std = 1.004117
Layer 1: mean node feature std = 0.519983
Layer 0: mean node feature std = 0.995509
Layer 1: mean node feature std = 0.515323
Layer 0: mean node feature std = 0.989947
Layer 1: mean node feature std = 0.512294
Layer 0: mean node feature std = 0.982708
Layer 1: mean node feature std = 0.508136
Layer 0: mean node feature std = 0.979424
Layer 1: mean node feature std = 0.506560
Layer 0: mean node feature std = 1.011047
Layer 1: mean node feature std = 0.523837
Layer 0: mean node feature std = 1.012813
Layer 1: mean node feature std = 0.524925
Layer 0: mean node feature std = 0.955197
Layer 1: mean node feature std = 0.493242
Epoch 396 | loss=1340.5834 | 1343.5262
Layer 0: mean node feature std = 0.982714
Layer 1: mean node feature std = 0.508454
Layer 0: mean node feature std = 1.011967
Layer 1: mean node feature std = 0.524593
Layer 0: mean node feature std = 0.987883
Layer 1: mean node feature std = 0.511594
Layer 0: mean node feature std = 1.015803
Layer 1: mean node feature std = 0.526902
Layer 0: mean node feature std = 0.973979
Layer 1: mean node feature std = 0.503954
Layer 0: mean node feature std = 0.976855
Layer 1: mean node feature std = 0.505433
Layer 0: mean node feature std = 1.000684
Layer 1: mean node feature std = 0.518899
Layer 0: mean node feature std = 1.016269
Layer 1: mean node feature std = 0.527208
Layer 0: mean node feature std = 0.964592
Layer 1: mean node feature std = 0.498919
Layer 0: mean node feature std = 1.005886
Layer 1: mean node feature std = 0.521870
Layer 0: mean node feature std = 1.014725
Layer 1: mean node feature std = 0.526538
Layer 0: mean node feature std = 0.990844
Layer 1: mean node feature std = 0.513461
Layer 0: mean node feature std = 0.994934
Layer 1: mean node feature std = 0.515837
Layer 0: mean node feature std = 1.020710
Layer 1: mean node feature std = 0.530056
Layer 0: mean node feature std = 0.977925
Layer 1: mean node feature std = 0.506507
Layer 0: mean node feature std = 0.986352
Layer 1: mean node feature std = 0.511081
Epoch 397 | loss=1302.2710 | 1606.9906
Layer 0: mean node feature std = 0.993068
Layer 1: mean node feature std = 0.514934
Layer 0: mean node feature std = 1.001693
Layer 1: mean node feature std = 0.520080
Layer 0: mean node feature std = 0.978384
Layer 1: mean node feature std = 0.506989
Layer 0: mean node feature std = 1.002407
Layer 1: mean node feature std = 0.520360
Layer 0: mean node feature std = 0.973892
Layer 1: mean node feature std = 0.504849
Layer 0: mean node feature std = 0.995147
Layer 1: mean node feature std = 0.516586
Layer 0: mean node feature std = 0.993413
Layer 1: mean node feature std = 0.515769
Layer 0: mean node feature std = 0.986654
Layer 1: mean node feature std = 0.512106
Layer 0: mean node feature std = 1.018787
Layer 1: mean node feature std = 0.529736
Layer 0: mean node feature std = 0.994370
Layer 1: mean node feature std = 0.516225
Layer 0: mean node feature std = 1.012635
Layer 1: mean node feature std = 0.526573
Layer 0: mean node feature std = 0.995486
Layer 1: mean node feature std = 0.516812
Layer 0: mean node feature std = 0.981316
Layer 1: mean node feature std = 0.509088
Layer 0: mean node feature std = 0.995805
Layer 1: mean node feature std = 0.517313
Layer 0: mean node feature std = 0.997088
Layer 1: mean node feature std = 0.517701
Layer 0: mean node feature std = 1.069678
Layer 1: mean node feature std = 0.557734
Epoch 398 | loss=1291.2874 | 1650.0321
Layer 0: mean node feature std = 1.017988
Layer 1: mean node feature std = 0.529820
Layer 0: mean node feature std = 1.010345
Layer 1: mean node feature std = 0.525595
Layer 0: mean node feature std = 1.017287
Layer 1: mean node feature std = 0.529395
Layer 0: mean node feature std = 0.985630
Layer 1: mean node feature std = 0.511986
Layer 0: mean node feature std = 0.986648
Layer 1: mean node feature std = 0.512552
Layer 0: mean node feature std = 1.002024
Layer 1: mean node feature std = 0.521331
Layer 0: mean node feature std = 1.012030
Layer 1: mean node feature std = 0.526780
Layer 0: mean node feature std = 0.983727
Layer 1: mean node feature std = 0.511185
Layer 0: mean node feature std = 0.997398
Layer 1: mean node feature std = 0.518875
Layer 0: mean node feature std = 1.013599
Layer 1: mean node feature std = 0.527817
Layer 0: mean node feature std = 1.002317
Layer 1: mean node feature std = 0.521888
Layer 0: mean node feature std = 0.976367
Layer 1: mean node feature std = 0.507487
Layer 0: mean node feature std = 0.974449
Layer 1: mean node feature std = 0.506397
Layer 0: mean node feature std = 0.986313
Layer 1: mean node feature std = 0.512800
Layer 0: mean node feature std = 0.979271
Layer 1: mean node feature std = 0.509025
Layer 0: mean node feature std = 0.935030
Layer 1: mean node feature std = 0.484496
Epoch 399 | loss=1272.0953 | 1367.3273
Layer 0: mean node feature std = 1.000651
Layer 1: mean node feature std = 0.520788
Layer 0: mean node feature std = 0.968768
Layer 1: mean node feature std = 0.503472
Layer 0: mean node feature std = 1.027469
Layer 1: mean node feature std = 0.535689
Layer 0: mean node feature std = 0.980507
Layer 1: mean node feature std = 0.509839
Layer 0: mean node feature std = 0.965241
Layer 1: mean node feature std = 0.501527
Layer 0: mean node feature std = 1.007526
Layer 1: mean node feature std = 0.524680
Layer 0: mean node feature std = 1.003150
Layer 1: mean node feature std = 0.522679
Layer 0: mean node feature std = 1.024812
Layer 1: mean node feature std = 0.534417
Layer 0: mean node feature std = 0.985803
Layer 1: mean node feature std = 0.513004
Layer 0: mean node feature std = 0.988186
Layer 1: mean node feature std = 0.514428
Layer 0: mean node feature std = 1.002795
Layer 1: mean node feature std = 0.522764
Layer 0: mean node feature std = 1.016982
Layer 1: mean node feature std = 0.530484
Layer 0: mean node feature std = 0.973659
Layer 1: mean node feature std = 0.506626
Layer 0: mean node feature std = 0.988587
Layer 1: mean node feature std = 0.514967
Layer 0: mean node feature std = 1.000599
Layer 1: mean node feature std = 0.521384
Layer 0: mean node feature std = 0.991871
Layer 1: mean node feature std = 0.516593
Epoch 400 | loss=1291.8487 | 1465.2611
Layer 0: mean node feature std = 1.006457
Layer 1: mean node feature std = 0.524798
Layer 0: mean node feature std = 0.971260
Layer 1: mean node feature std = 0.505239
Layer 0: mean node feature std = 1.017371
Layer 1: mean node feature std = 0.530772
Layer 0: mean node feature std = 0.992703
Layer 1: mean node feature std = 0.517180
Layer 0: mean node feature std = 0.998852
Layer 1: mean node feature std = 0.520839
Layer 0: mean node feature std = 1.003505
Layer 1: mean node feature std = 0.523115
Layer 0: mean node feature std = 0.977509
Layer 1: mean node feature std = 0.509057
Layer 0: mean node feature std = 0.974437
Layer 1: mean node feature std = 0.507480
Layer 0: mean node feature std = 0.996957
Layer 1: mean node feature std = 0.519880
Layer 0: mean node feature std = 0.995820
Layer 1: mean node feature std = 0.519047
Layer 0: mean node feature std = 1.014694
Layer 1: mean node feature std = 0.529675
Layer 0: mean node feature std = 0.991095
Layer 1: mean node feature std = 0.516471
Layer 0: mean node feature std = 0.995483
Layer 1: mean node feature std = 0.518971
Layer 0: mean node feature std = 1.000881
Layer 1: mean node feature std = 0.522230
Layer 0: mean node feature std = 0.996880
Layer 1: mean node feature std = 0.520115
Layer 0: mean node feature std = 0.996293
Layer 1: mean node feature std = 0.519544
Epoch 401 | loss=1280.3690 | 1927.1524
Layer 0: mean node feature std = 0.997183
Layer 1: mean node feature std = 0.520152
Layer 0: mean node feature std = 0.998721
Layer 1: mean node feature std = 0.521056
Layer 0: mean node feature std = 0.980458
Layer 1: mean node feature std = 0.511020
Layer 0: mean node feature std = 1.011158
Layer 1: mean node feature std = 0.528052
Layer 0: mean node feature std = 0.994260
Layer 1: mean node feature std = 0.518883
Layer 0: mean node feature std = 1.016970
Layer 1: mean node feature std = 0.531436
Layer 0: mean node feature std = 0.975755
Layer 1: mean node feature std = 0.508697
Layer 0: mean node feature std = 1.030495
Layer 1: mean node feature std = 0.538805
Layer 0: mean node feature std = 0.981034
Layer 1: mean node feature std = 0.511554
Layer 0: mean node feature std = 1.001932
Layer 1: mean node feature std = 0.523026
Layer 0: mean node feature std = 1.006928
Layer 1: mean node feature std = 0.526188
Layer 0: mean node feature std = 1.003726
Layer 1: mean node feature std = 0.524209
Layer 0: mean node feature std = 0.991025
Layer 1: mean node feature std = 0.517222
Layer 0: mean node feature std = 0.983240
Layer 1: mean node feature std = 0.513096
Layer 0: mean node feature std = 0.965699
Layer 1: mean node feature std = 0.503647
Layer 0: mean node feature std = 0.971336
Layer 1: mean node feature std = 0.506778
Epoch 402 | loss=1260.3563 | 1350.9859
Layer 0: mean node feature std = 1.008710
Layer 1: mean node feature std = 0.527104
Layer 0: mean node feature std = 1.004164
Layer 1: mean node feature std = 0.525063
Layer 0: mean node feature std = 0.979768
Layer 1: mean node feature std = 0.511513
Layer 0: mean node feature std = 0.998440
Layer 1: mean node feature std = 0.521830
Layer 0: mean node feature std = 0.983266
Layer 1: mean node feature std = 0.513456
Layer 0: mean node feature std = 1.008170
Layer 1: mean node feature std = 0.527094
Layer 0: mean node feature std = 0.991876
Layer 1: mean node feature std = 0.518210
Layer 0: mean node feature std = 0.984537
Layer 1: mean node feature std = 0.514656
Layer 0: mean node feature std = 1.003945
Layer 1: mean node feature std = 0.525169
Layer 0: mean node feature std = 1.001222
Layer 1: mean node feature std = 0.523585
Layer 0: mean node feature std = 0.995747
Layer 1: mean node feature std = 0.520884
Layer 0: mean node feature std = 0.989507
Layer 1: mean node feature std = 0.517517
Layer 0: mean node feature std = 0.992010
Layer 1: mean node feature std = 0.518881
Layer 0: mean node feature std = 0.984198
Layer 1: mean node feature std = 0.514540
Layer 0: mean node feature std = 1.007766
Layer 1: mean node feature std = 0.527612
Layer 0: mean node feature std = 0.999384
Layer 1: mean node feature std = 0.522963
Epoch 403 | loss=1268.8706 | 1353.4568
Layer 0: mean node feature std = 1.008996
Layer 1: mean node feature std = 0.528286
Layer 0: mean node feature std = 0.987192
Layer 1: mean node feature std = 0.516272
Layer 0: mean node feature std = 1.004825
Layer 1: mean node feature std = 0.526240
Layer 0: mean node feature std = 1.018667
Layer 1: mean node feature std = 0.533884
Layer 0: mean node feature std = 0.989416
Layer 1: mean node feature std = 0.517610
Layer 0: mean node feature std = 0.990559
Layer 1: mean node feature std = 0.518487
Layer 0: mean node feature std = 0.984068
Layer 1: mean node feature std = 0.514768
Layer 0: mean node feature std = 1.019205
Layer 1: mean node feature std = 0.534364
Layer 0: mean node feature std = 0.990470
Layer 1: mean node feature std = 0.518497
Layer 0: mean node feature std = 0.988428
Layer 1: mean node feature std = 0.517441
Layer 0: mean node feature std = 0.967202
Layer 1: mean node feature std = 0.505855
Layer 0: mean node feature std = 1.009812
Layer 1: mean node feature std = 0.529240
Layer 0: mean node feature std = 0.976099
Layer 1: mean node feature std = 0.510891
Layer 0: mean node feature std = 0.992543
Layer 1: mean node feature std = 0.519961
Layer 0: mean node feature std = 0.995049
Layer 1: mean node feature std = 0.521286
Layer 0: mean node feature std = 1.056950
Layer 1: mean node feature std = 0.555678
Epoch 404 | loss=1270.2557 | 1514.5892
Layer 0: mean node feature std = 1.006406
Layer 1: mean node feature std = 0.527727
Layer 0: mean node feature std = 0.989508
Layer 1: mean node feature std = 0.518322
Layer 0: mean node feature std = 1.003060
Layer 1: mean node feature std = 0.525951
Layer 0: mean node feature std = 1.009186
Layer 1: mean node feature std = 0.529508
Layer 0: mean node feature std = 0.986461
Layer 1: mean node feature std = 0.516786
Layer 0: mean node feature std = 0.975618
Layer 1: mean node feature std = 0.510846
Layer 0: mean node feature std = 0.971477
Layer 1: mean node feature std = 0.508561
Layer 0: mean node feature std = 0.991137
Layer 1: mean node feature std = 0.519335
Layer 0: mean node feature std = 1.014585
Layer 1: mean node feature std = 0.532505
Layer 0: mean node feature std = 1.025098
Layer 1: mean node feature std = 0.538299
Layer 0: mean node feature std = 0.996748
Layer 1: mean node feature std = 0.522836
Layer 0: mean node feature std = 0.991368
Layer 1: mean node feature std = 0.520055
Layer 0: mean node feature std = 0.988534
Layer 1: mean node feature std = 0.518494
Layer 0: mean node feature std = 0.989781
Layer 1: mean node feature std = 0.519259
Layer 0: mean node feature std = 1.001611
Layer 1: mean node feature std = 0.525643
Layer 0: mean node feature std = 0.960711
Layer 1: mean node feature std = 0.503330
Epoch 405 | loss=1286.1825 | 1370.6616
Layer 0: mean node feature std = 0.995366
Layer 1: mean node feature std = 0.522636
Layer 0: mean node feature std = 0.982349
Layer 1: mean node feature std = 0.515133
Layer 0: mean node feature std = 1.019915
Layer 1: mean node feature std = 0.536085
Layer 0: mean node feature std = 1.000779
Layer 1: mean node feature std = 0.525466
Layer 0: mean node feature std = 1.017572
Layer 1: mean node feature std = 0.534853
Layer 0: mean node feature std = 0.984128
Layer 1: mean node feature std = 0.516189
Layer 0: mean node feature std = 0.987097
Layer 1: mean node feature std = 0.518174
Layer 0: mean node feature std = 0.979522
Layer 1: mean node feature std = 0.513869
Layer 0: mean node feature std = 0.987049
Layer 1: mean node feature std = 0.518111
Layer 0: mean node feature std = 1.016418
Layer 1: mean node feature std = 0.534595
Layer 0: mean node feature std = 0.996922
Layer 1: mean node feature std = 0.523766
Layer 0: mean node feature std = 0.998642
Layer 1: mean node feature std = 0.524636
Layer 0: mean node feature std = 0.994239
Layer 1: mean node feature std = 0.522124
Layer 0: mean node feature std = 0.979281
Layer 1: mean node feature std = 0.513938
Layer 0: mean node feature std = 0.998759
Layer 1: mean node feature std = 0.524810
Layer 0: mean node feature std = 0.974256
Layer 1: mean node feature std = 0.511096
Epoch 406 | loss=1311.2770 | 1364.2645
Layer 0: mean node feature std = 0.996941
Layer 1: mean node feature std = 0.523909
Layer 0: mean node feature std = 0.985401
Layer 1: mean node feature std = 0.517538
Layer 0: mean node feature std = 1.003812
Layer 1: mean node feature std = 0.528090
Layer 0: mean node feature std = 1.003868
Layer 1: mean node feature std = 0.527905
Layer 0: mean node feature std = 0.969169
Layer 1: mean node feature std = 0.508906
Layer 0: mean node feature std = 1.000960
Layer 1: mean node feature std = 0.526472
Layer 0: mean node feature std = 1.009783
Layer 1: mean node feature std = 0.531600
Layer 0: mean node feature std = 1.030205
Layer 1: mean node feature std = 0.543272
Layer 0: mean node feature std = 0.988972
Layer 1: mean node feature std = 0.519907
Layer 0: mean node feature std = 0.999980
Layer 1: mean node feature std = 0.526307
Layer 0: mean node feature std = 0.980768
Layer 1: mean node feature std = 0.515617
Layer 0: mean node feature std = 0.992467
Layer 1: mean node feature std = 0.522228
Layer 0: mean node feature std = 0.977405
Layer 1: mean node feature std = 0.513686
Layer 0: mean node feature std = 0.988235
Layer 1: mean node feature std = 0.519771
Layer 0: mean node feature std = 0.992086
Layer 1: mean node feature std = 0.521988
Layer 0: mean node feature std = 1.070180
Layer 1: mean node feature std = 0.565687
Epoch 407 | loss=1282.0591 | 1498.0642
Layer 0: mean node feature std = 0.955706
Layer 1: mean node feature std = 0.501499
Layer 0: mean node feature std = 1.021093
Layer 1: mean node feature std = 0.538139
Layer 0: mean node feature std = 0.981078
Layer 1: mean node feature std = 0.515957
Layer 0: mean node feature std = 0.999898
Layer 1: mean node feature std = 0.526518
Layer 0: mean node feature std = 0.999761
Layer 1: mean node feature std = 0.526573
Layer 0: mean node feature std = 1.018279
Layer 1: mean node feature std = 0.536669
Layer 0: mean node feature std = 1.001309
Layer 1: mean node feature std = 0.527530
Layer 0: mean node feature std = 0.985008
Layer 1: mean node feature std = 0.518540
Layer 0: mean node feature std = 0.991206
Layer 1: mean node feature std = 0.522049
Layer 0: mean node feature std = 0.988219
Layer 1: mean node feature std = 0.520353
Layer 0: mean node feature std = 0.984168
Layer 1: mean node feature std = 0.518098
Layer 0: mean node feature std = 0.998751
Layer 1: mean node feature std = 0.526307
Layer 0: mean node feature std = 1.022871
Layer 1: mean node feature std = 0.540047
Layer 0: mean node feature std = 0.989455
Layer 1: mean node feature std = 0.521314
Layer 0: mean node feature std = 0.988709
Layer 1: mean node feature std = 0.521125
Layer 0: mean node feature std = 1.041070
Layer 1: mean node feature std = 0.550111
Epoch 408 | loss=1278.6288 | 1415.9740
Layer 0: mean node feature std = 1.021108
Layer 1: mean node feature std = 0.538771
Layer 0: mean node feature std = 1.002968
Layer 1: mean node feature std = 0.528925
Layer 0: mean node feature std = 0.996678
Layer 1: mean node feature std = 0.525402
Layer 0: mean node feature std = 1.002183
Layer 1: mean node feature std = 0.528797
Layer 0: mean node feature std = 0.977249
Layer 1: mean node feature std = 0.514732
Layer 0: mean node feature std = 0.999397
Layer 1: mean node feature std = 0.527297
Layer 0: mean node feature std = 0.988015
Layer 1: mean node feature std = 0.520778
Layer 0: mean node feature std = 1.005005
Layer 1: mean node feature std = 0.530627
Layer 0: mean node feature std = 1.033647
Layer 1: mean node feature std = 0.546501
Layer 0: mean node feature std = 1.004794
Layer 1: mean node feature std = 0.530587
Layer 0: mean node feature std = 0.978061
Layer 1: mean node feature std = 0.515729
Layer 0: mean node feature std = 0.967551
Layer 1: mean node feature std = 0.509811
Layer 0: mean node feature std = 0.997165
Layer 1: mean node feature std = 0.526440
Layer 0: mean node feature std = 0.980406
Layer 1: mean node feature std = 0.517074
Layer 0: mean node feature std = 0.978842
Layer 1: mean node feature std = 0.516273
Layer 0: mean node feature std = 1.000750
Layer 1: mean node feature std = 0.528598
Epoch 409 | loss=1328.1382 | 1766.8592
Layer 0: mean node feature std = 1.016876
Layer 1: mean node feature std = 0.537788
Layer 0: mean node feature std = 0.971014
Layer 1: mean node feature std = 0.512191
Layer 0: mean node feature std = 0.999090
Layer 1: mean node feature std = 0.527765
Layer 0: mean node feature std = 0.988966
Layer 1: mean node feature std = 0.522359
Layer 0: mean node feature std = 0.983874
Layer 1: mean node feature std = 0.519653
Layer 0: mean node feature std = 0.986978
Layer 1: mean node feature std = 0.521271
Layer 0: mean node feature std = 1.008114
Layer 1: mean node feature std = 0.533071
Layer 0: mean node feature std = 0.982874
Layer 1: mean node feature std = 0.518928
Layer 0: mean node feature std = 1.006172
Layer 1: mean node feature std = 0.531785
Layer 0: mean node feature std = 1.003049
Layer 1: mean node feature std = 0.530093
Layer 0: mean node feature std = 1.024118
Layer 1: mean node feature std = 0.542021
Layer 0: mean node feature std = 1.011982
Layer 1: mean node feature std = 0.535231
Layer 0: mean node feature std = 0.978784
Layer 1: mean node feature std = 0.516525
Layer 0: mean node feature std = 0.991443
Layer 1: mean node feature std = 0.523901
Layer 0: mean node feature std = 0.971875
Layer 1: mean node feature std = 0.513107
Layer 0: mean node feature std = 1.042672
Layer 1: mean node feature std = 0.552996
Epoch 410 | loss=1301.5269 | 1710.3340
Layer 0: mean node feature std = 0.965893
Layer 1: mean node feature std = 0.509744
Layer 0: mean node feature std = 1.001183
Layer 1: mean node feature std = 0.529310
Layer 0: mean node feature std = 0.976089
Layer 1: mean node feature std = 0.515612
Layer 0: mean node feature std = 1.008047
Layer 1: mean node feature std = 0.533636
Layer 0: mean node feature std = 0.976435
Layer 1: mean node feature std = 0.515973
Layer 0: mean node feature std = 0.981688
Layer 1: mean node feature std = 0.518858
Layer 0: mean node feature std = 0.987332
Layer 1: mean node feature std = 0.522114
Layer 0: mean node feature std = 0.999786
Layer 1: mean node feature std = 0.529112
Layer 0: mean node feature std = 1.013991
Layer 1: mean node feature std = 0.536987
Layer 0: mean node feature std = 1.002605
Layer 1: mean node feature std = 0.530603
Layer 0: mean node feature std = 1.017561
Layer 1: mean node feature std = 0.539148
Layer 0: mean node feature std = 0.995824
Layer 1: mean node feature std = 0.526798
Layer 0: mean node feature std = 1.020237
Layer 1: mean node feature std = 0.540623
Layer 0: mean node feature std = 0.977809
Layer 1: mean node feature std = 0.517042
Layer 0: mean node feature std = 1.006493
Layer 1: mean node feature std = 0.533036
Layer 0: mean node feature std = 1.011927
Layer 1: mean node feature std = 0.536004
Epoch 411 | loss=1273.1490 | 1333.3116
Layer 0: mean node feature std = 0.998307
Layer 1: mean node feature std = 0.528370
Layer 0: mean node feature std = 0.990174
Layer 1: mean node feature std = 0.524194
Layer 0: mean node feature std = 0.990080
Layer 1: mean node feature std = 0.524205
Layer 0: mean node feature std = 1.005344
Layer 1: mean node feature std = 0.532660
Layer 0: mean node feature std = 0.973996
Layer 1: mean node feature std = 0.514897
Layer 0: mean node feature std = 0.982303
Layer 1: mean node feature std = 0.519817
Layer 0: mean node feature std = 0.982439
Layer 1: mean node feature std = 0.520073
Layer 0: mean node feature std = 0.975508
Layer 1: mean node feature std = 0.516066
Layer 0: mean node feature std = 1.006589
Layer 1: mean node feature std = 0.533890
Layer 0: mean node feature std = 0.985804
Layer 1: mean node feature std = 0.522012
Layer 0: mean node feature std = 0.984717
Layer 1: mean node feature std = 0.521656
Layer 0: mean node feature std = 1.011218
Layer 1: mean node feature std = 0.536581
Layer 0: mean node feature std = 1.012349
Layer 1: mean node feature std = 0.537127
Layer 0: mean node feature std = 1.022124
Layer 1: mean node feature std = 0.542740
Layer 0: mean node feature std = 1.008614
Layer 1: mean node feature std = 0.535010
Layer 0: mean node feature std = 1.019440
Layer 1: mean node feature std = 0.541303
Epoch 412 | loss=1276.0134 | 1846.1327
Layer 0: mean node feature std = 0.998037
Layer 1: mean node feature std = 0.529066
Layer 0: mean node feature std = 0.955053
Layer 1: mean node feature std = 0.505109
Layer 0: mean node feature std = 1.008464
Layer 1: mean node feature std = 0.535062
Layer 0: mean node feature std = 1.004192
Layer 1: mean node feature std = 0.532773
Layer 0: mean node feature std = 1.000784
Layer 1: mean node feature std = 0.530823
Layer 0: mean node feature std = 1.000339
Layer 1: mean node feature std = 0.530557
Layer 0: mean node feature std = 0.982927
Layer 1: mean node feature std = 0.520945
Layer 0: mean node feature std = 1.020590
Layer 1: mean node feature std = 0.542156
Layer 0: mean node feature std = 1.016248
Layer 1: mean node feature std = 0.539946
Layer 0: mean node feature std = 0.981937
Layer 1: mean node feature std = 0.520802
Layer 0: mean node feature std = 0.998612
Layer 1: mean node feature std = 0.530088
Layer 0: mean node feature std = 0.979290
Layer 1: mean node feature std = 0.519566
Layer 0: mean node feature std = 0.988124
Layer 1: mean node feature std = 0.524360
Layer 0: mean node feature std = 1.004138
Layer 1: mean node feature std = 0.533669
Layer 0: mean node feature std = 0.990140
Layer 1: mean node feature std = 0.525726
Layer 0: mean node feature std = 1.023112
Layer 1: mean node feature std = 0.544453
Epoch 413 | loss=1304.1136 | 1465.2742
Layer 0: mean node feature std = 0.993994
Layer 1: mean node feature std = 0.527892
Layer 0: mean node feature std = 0.971429
Layer 1: mean node feature std = 0.515225
Layer 0: mean node feature std = 0.990179
Layer 1: mean node feature std = 0.525939
Layer 0: mean node feature std = 0.995672
Layer 1: mean node feature std = 0.528988
Layer 0: mean node feature std = 0.958280
Layer 1: mean node feature std = 0.508038
Layer 0: mean node feature std = 1.013299
Layer 1: mean node feature std = 0.539106
Layer 0: mean node feature std = 1.004896
Layer 1: mean node feature std = 0.534609
Layer 0: mean node feature std = 1.010924
Layer 1: mean node feature std = 0.537808
Layer 0: mean node feature std = 0.996804
Layer 1: mean node feature std = 0.529838
Layer 0: mean node feature std = 1.010769
Layer 1: mean node feature std = 0.537682
Layer 0: mean node feature std = 0.984741
Layer 1: mean node feature std = 0.523265
Layer 0: mean node feature std = 1.004159
Layer 1: mean node feature std = 0.534181
Layer 0: mean node feature std = 0.989975
Layer 1: mean node feature std = 0.526656
Layer 0: mean node feature std = 0.993300
Layer 1: mean node feature std = 0.528298
Layer 0: mean node feature std = 1.025054
Layer 1: mean node feature std = 0.546075
Layer 0: mean node feature std = 0.945256
Layer 1: mean node feature std = 0.501094
Epoch 414 | loss=1278.3046 | 1377.5579
Layer 0: mean node feature std = 0.980120
Layer 1: mean node feature std = 0.521158
Layer 0: mean node feature std = 0.983501
Layer 1: mean node feature std = 0.523244
Layer 0: mean node feature std = 1.015383
Layer 1: mean node feature std = 0.541080
Layer 0: mean node feature std = 0.984060
Layer 1: mean node feature std = 0.523389
Layer 0: mean node feature std = 0.994972
Layer 1: mean node feature std = 0.529842
Layer 0: mean node feature std = 0.975890
Layer 1: mean node feature std = 0.519010
Layer 0: mean node feature std = 0.987574
Layer 1: mean node feature std = 0.525542
Layer 0: mean node feature std = 1.009669
Layer 1: mean node feature std = 0.537907
Layer 0: mean node feature std = 0.994091
Layer 1: mean node feature std = 0.529289
Layer 0: mean node feature std = 1.015240
Layer 1: mean node feature std = 0.541207
Layer 0: mean node feature std = 0.994132
Layer 1: mean node feature std = 0.529590
Layer 0: mean node feature std = 1.012154
Layer 1: mean node feature std = 0.539583
Layer 0: mean node feature std = 1.011996
Layer 1: mean node feature std = 0.539698
Layer 0: mean node feature std = 1.023284
Layer 1: mean node feature std = 0.546116
Layer 0: mean node feature std = 0.967185
Layer 1: mean node feature std = 0.514369
Layer 0: mean node feature std = 0.914447
Layer 1: mean node feature std = 0.485017
Epoch 415 | loss=1230.4038 | 1455.2802
Layer 0: mean node feature std = 1.009907
Layer 1: mean node feature std = 0.538596
Layer 0: mean node feature std = 1.016695
Layer 1: mean node feature std = 0.542615
Layer 0: mean node feature std = 0.968283
Layer 1: mean node feature std = 0.515154
Layer 0: mean node feature std = 0.974904
Layer 1: mean node feature std = 0.519182
Layer 0: mean node feature std = 0.962193
Layer 1: mean node feature std = 0.511974
Layer 0: mean node feature std = 1.011135
Layer 1: mean node feature std = 0.539417
Layer 0: mean node feature std = 1.012222
Layer 1: mean node feature std = 0.540353
Layer 0: mean node feature std = 0.992806
Layer 1: mean node feature std = 0.529441
Layer 0: mean node feature std = 0.983269
Layer 1: mean node feature std = 0.523944
Layer 0: mean node feature std = 0.998688
Layer 1: mean node feature std = 0.532979
Layer 0: mean node feature std = 0.998924
Layer 1: mean node feature std = 0.533021
Layer 0: mean node feature std = 1.004500
Layer 1: mean node feature std = 0.536315
Layer 0: mean node feature std = 0.987064
Layer 1: mean node feature std = 0.526561
Layer 0: mean node feature std = 1.014292
Layer 1: mean node feature std = 0.542230
Layer 0: mean node feature std = 0.997353
Layer 1: mean node feature std = 0.532308
Layer 0: mean node feature std = 1.005191
Layer 1: mean node feature std = 0.536912
Epoch 416 | loss=1277.1531 | 1310.8646
Layer 0: mean node feature std = 0.984464
Layer 1: mean node feature std = 0.525302
Layer 0: mean node feature std = 0.999296
Layer 1: mean node feature std = 0.533499
Layer 0: mean node feature std = 0.991281
Layer 1: mean node feature std = 0.529154
Layer 0: mean node feature std = 0.989379
Layer 1: mean node feature std = 0.528111
Layer 0: mean node feature std = 1.001211
Layer 1: mean node feature std = 0.534864
Layer 0: mean node feature std = 0.978441
Layer 1: mean node feature std = 0.522041
Layer 0: mean node feature std = 1.020760
Layer 1: mean node feature std = 0.545924
Layer 0: mean node feature std = 0.980896
Layer 1: mean node feature std = 0.523544
Layer 0: mean node feature std = 0.968856
Layer 1: mean node feature std = 0.516727
Layer 0: mean node feature std = 1.009351
Layer 1: mean node feature std = 0.539695
Layer 0: mean node feature std = 1.002517
Layer 1: mean node feature std = 0.535928
Layer 0: mean node feature std = 1.042401
Layer 1: mean node feature std = 0.558800
Layer 0: mean node feature std = 0.988793
Layer 1: mean node feature std = 0.528273
Layer 0: mean node feature std = 1.024022
Layer 1: mean node feature std = 0.548401
Layer 0: mean node feature std = 0.958050
Layer 1: mean node feature std = 0.511101
Layer 0: mean node feature std = 0.965292
Layer 1: mean node feature std = 0.515929
Epoch 417 | loss=1296.7111 | 1358.9543
Layer 0: mean node feature std = 1.005489
Layer 1: mean node feature std = 0.537951
Layer 0: mean node feature std = 0.984753
Layer 1: mean node feature std = 0.526363
Layer 0: mean node feature std = 0.993898
Layer 1: mean node feature std = 0.531659
Layer 0: mean node feature std = 1.012388
Layer 1: mean node feature std = 0.542275
Layer 0: mean node feature std = 0.966488
Layer 1: mean node feature std = 0.515947
Layer 0: mean node feature std = 1.000324
Layer 1: mean node feature std = 0.535456
Layer 0: mean node feature std = 0.987749
Layer 1: mean node feature std = 0.528450
Layer 0: mean node feature std = 0.984538
Layer 1: mean node feature std = 0.526664
Layer 0: mean node feature std = 1.008938
Layer 1: mean node feature std = 0.540274
Layer 0: mean node feature std = 1.004163
Layer 1: mean node feature std = 0.537616
Layer 0: mean node feature std = 0.965816
Layer 1: mean node feature std = 0.516065
Layer 0: mean node feature std = 0.999011
Layer 1: mean node feature std = 0.534941
Layer 0: mean node feature std = 1.007544
Layer 1: mean node feature std = 0.539892
Layer 0: mean node feature std = 1.003462
Layer 1: mean node feature std = 0.537707
Layer 0: mean node feature std = 1.012948
Layer 1: mean node feature std = 0.543126
Layer 0: mean node feature std = 0.977066
Layer 1: mean node feature std = 0.522562
Epoch 418 | loss=1244.8850 | 1958.2235
Layer 0: mean node feature std = 0.981205
Layer 1: mean node feature std = 0.525051
Layer 0: mean node feature std = 0.981794
Layer 1: mean node feature std = 0.525632
Layer 0: mean node feature std = 0.997451
Layer 1: mean node feature std = 0.534643
Layer 0: mean node feature std = 1.007490
Layer 1: mean node feature std = 0.540344
Layer 0: mean node feature std = 0.998875
Layer 1: mean node feature std = 0.535305
Layer 0: mean node feature std = 0.999584
Layer 1: mean node feature std = 0.535791
Layer 0: mean node feature std = 1.002084
Layer 1: mean node feature std = 0.537331
Layer 0: mean node feature std = 0.966834
Layer 1: mean node feature std = 0.517419
Layer 0: mean node feature std = 1.006939
Layer 1: mean node feature std = 0.540135
Layer 0: mean node feature std = 1.022541
Layer 1: mean node feature std = 0.548873
Layer 0: mean node feature std = 1.009691
Layer 1: mean node feature std = 0.541867
Layer 0: mean node feature std = 0.966429
Layer 1: mean node feature std = 0.517177
Layer 0: mean node feature std = 0.986151
Layer 1: mean node feature std = 0.528618
Layer 0: mean node feature std = 0.980754
Layer 1: mean node feature std = 0.525553
Layer 0: mean node feature std = 1.020983
Layer 1: mean node feature std = 0.548445
Layer 0: mean node feature std = 1.023485
Layer 1: mean node feature std = 0.550367
Epoch 419 | loss=1291.2272 | 1372.9071
Layer 0: mean node feature std = 0.994226
Layer 1: mean node feature std = 0.533373
Layer 0: mean node feature std = 1.003019
Layer 1: mean node feature std = 0.538353
Layer 0: mean node feature std = 1.000833
Layer 1: mean node feature std = 0.537215
Layer 0: mean node feature std = 0.995653
Layer 1: mean node feature std = 0.534389
Layer 0: mean node feature std = 0.939680
Layer 1: mean node feature std = 0.502522
Layer 0: mean node feature std = 1.001818
Layer 1: mean node feature std = 0.537924
Layer 0: mean node feature std = 0.998046
Layer 1: mean node feature std = 0.535523
Layer 0: mean node feature std = 1.009992
Layer 1: mean node feature std = 0.542505
Layer 0: mean node feature std = 0.997497
Layer 1: mean node feature std = 0.535569
Layer 0: mean node feature std = 0.986510
Layer 1: mean node feature std = 0.529115
Layer 0: mean node feature std = 1.011380
Layer 1: mean node feature std = 0.543612
Layer 0: mean node feature std = 1.012100
Layer 1: mean node feature std = 0.544004
Layer 0: mean node feature std = 0.987520
Layer 1: mean node feature std = 0.530084
Layer 0: mean node feature std = 0.990415
Layer 1: mean node feature std = 0.531782
Layer 0: mean node feature std = 1.008129
Layer 1: mean node feature std = 0.542008
Layer 0: mean node feature std = 0.980751
Layer 1: mean node feature std = 0.526353
Epoch 420 | loss=1279.1981 | 1391.6584
Layer 0: mean node feature std = 0.988773
Layer 1: mean node feature std = 0.530998
Layer 0: mean node feature std = 0.973454
Layer 1: mean node feature std = 0.522176
Layer 0: mean node feature std = 1.027567
Layer 1: mean node feature std = 0.553144
Layer 0: mean node feature std = 0.977171
Layer 1: mean node feature std = 0.524709
Layer 0: mean node feature std = 1.003852
Layer 1: mean node feature std = 0.539905
Layer 0: mean node feature std = 0.992419
Layer 1: mean node feature std = 0.533535
Layer 0: mean node feature std = 0.974366
Layer 1: mean node feature std = 0.523115
Layer 0: mean node feature std = 0.985019
Layer 1: mean node feature std = 0.529062
Layer 0: mean node feature std = 1.008846
Layer 1: mean node feature std = 0.543108
Layer 0: mean node feature std = 0.990725
Layer 1: mean node feature std = 0.532677
Layer 0: mean node feature std = 1.003421
Layer 1: mean node feature std = 0.539682
Layer 0: mean node feature std = 0.984301
Layer 1: mean node feature std = 0.528822
Layer 0: mean node feature std = 1.019152
Layer 1: mean node feature std = 0.548882
Layer 0: mean node feature std = 1.005280
Layer 1: mean node feature std = 0.540810
Layer 0: mean node feature std = 1.002473
Layer 1: mean node feature std = 0.539505
Layer 0: mean node feature std = 0.980760
Layer 1: mean node feature std = 0.527006
Epoch 421 | loss=1264.2736 | 1607.1466
Layer 0: mean node feature std = 0.988726
Layer 1: mean node feature std = 0.531633
Layer 0: mean node feature std = 1.006255
Layer 1: mean node feature std = 0.541835
Layer 0: mean node feature std = 1.011761
Layer 1: mean node feature std = 0.545079
Layer 0: mean node feature std = 0.995163
Layer 1: mean node feature std = 0.535721
Layer 0: mean node feature std = 1.010513
Layer 1: mean node feature std = 0.544308
Layer 0: mean node feature std = 0.995322
Layer 1: mean node feature std = 0.535746
Layer 0: mean node feature std = 1.003314
Layer 1: mean node feature std = 0.540426
Layer 0: mean node feature std = 0.977006
Layer 1: mean node feature std = 0.525625
Layer 0: mean node feature std = 0.972376
Layer 1: mean node feature std = 0.522799
Layer 0: mean node feature std = 1.022585
Layer 1: mean node feature std = 0.551660
Layer 0: mean node feature std = 0.971255
Layer 1: mean node feature std = 0.522377
Layer 0: mean node feature std = 0.979777
Layer 1: mean node feature std = 0.527001
Layer 0: mean node feature std = 1.006181
Layer 1: mean node feature std = 0.542551
Layer 0: mean node feature std = 0.996712
Layer 1: mean node feature std = 0.537211
Layer 0: mean node feature std = 0.997310
Layer 1: mean node feature std = 0.537517
Layer 0: mean node feature std = 0.994431
Layer 1: mean node feature std = 0.536004
Epoch 422 | loss=1330.0065 | 1562.0528
Layer 0: mean node feature std = 1.003295
Layer 1: mean node feature std = 0.540915
Layer 0: mean node feature std = 0.983577
Layer 1: mean node feature std = 0.529562
Layer 0: mean node feature std = 0.971516
Layer 1: mean node feature std = 0.522891
Layer 0: mean node feature std = 0.996628
Layer 1: mean node feature std = 0.537332
Layer 0: mean node feature std = 0.969065
Layer 1: mean node feature std = 0.521558
Layer 0: mean node feature std = 1.015960
Layer 1: mean node feature std = 0.548710
Layer 0: mean node feature std = 0.997767
Layer 1: mean node feature std = 0.537978
Layer 0: mean node feature std = 1.029770
Layer 1: mean node feature std = 0.556317
Layer 0: mean node feature std = 0.982464
Layer 1: mean node feature std = 0.529668
Layer 0: mean node feature std = 0.977782
Layer 1: mean node feature std = 0.526941
Layer 0: mean node feature std = 0.993954
Layer 1: mean node feature std = 0.536075
Layer 0: mean node feature std = 1.012374
Layer 1: mean node feature std = 0.546966
Layer 0: mean node feature std = 0.992573
Layer 1: mean node feature std = 0.535636
Layer 0: mean node feature std = 1.005260
Layer 1: mean node feature std = 0.542768
Layer 0: mean node feature std = 0.994984
Layer 1: mean node feature std = 0.537169
Layer 0: mean node feature std = 1.033288
Layer 1: mean node feature std = 0.558445
Epoch 423 | loss=1270.7094 | 1497.5361
Layer 0: mean node feature std = 0.983009
Layer 1: mean node feature std = 0.530218
Layer 0: mean node feature std = 1.014647
Layer 1: mean node feature std = 0.548370
Layer 0: mean node feature std = 1.010400
Layer 1: mean node feature std = 0.546050
Layer 0: mean node feature std = 1.016912
Layer 1: mean node feature std = 0.549871
Layer 0: mean node feature std = 0.979065
Layer 1: mean node feature std = 0.528253
Layer 0: mean node feature std = 1.005525
Layer 1: mean node feature std = 0.543219
Layer 0: mean node feature std = 0.984993
Layer 1: mean node feature std = 0.531598
Layer 0: mean node feature std = 0.980157
Layer 1: mean node feature std = 0.528791
Layer 0: mean node feature std = 0.998760
Layer 1: mean node feature std = 0.539550
Layer 0: mean node feature std = 0.995518
Layer 1: mean node feature std = 0.537885
Layer 0: mean node feature std = 1.023814
Layer 1: mean node feature std = 0.553966
Layer 0: mean node feature std = 1.006323
Layer 1: mean node feature std = 0.544112
Layer 0: mean node feature std = 0.979868
Layer 1: mean node feature std = 0.529097
Layer 0: mean node feature std = 0.960845
Layer 1: mean node feature std = 0.518305
Layer 0: mean node feature std = 0.989481
Layer 1: mean node feature std = 0.534660
Layer 0: mean node feature std = 1.020759
Layer 1: mean node feature std = 0.552306
Epoch 424 | loss=1262.2231 | 1352.7111
Layer 0: mean node feature std = 0.971839
Layer 1: mean node feature std = 0.524574
Layer 0: mean node feature std = 1.005090
Layer 1: mean node feature std = 0.543846
Layer 0: mean node feature std = 1.021835
Layer 1: mean node feature std = 0.553304
Layer 0: mean node feature std = 0.988048
Layer 1: mean node feature std = 0.534339
Layer 0: mean node feature std = 1.003527
Layer 1: mean node feature std = 0.543037
Layer 0: mean node feature std = 1.009247
Layer 1: mean node feature std = 0.546164
Layer 0: mean node feature std = 0.975072
Layer 1: mean node feature std = 0.526603
Layer 0: mean node feature std = 0.980007
Layer 1: mean node feature std = 0.529460
Layer 0: mean node feature std = 1.022782
Layer 1: mean node feature std = 0.554091
Layer 0: mean node feature std = 1.001361
Layer 1: mean node feature std = 0.541877
Layer 0: mean node feature std = 0.975958
Layer 1: mean node feature std = 0.527484
Layer 0: mean node feature std = 0.994849
Layer 1: mean node feature std = 0.538254
Layer 0: mean node feature std = 0.997760
Layer 1: mean node feature std = 0.540233
Layer 0: mean node feature std = 0.998334
Layer 1: mean node feature std = 0.540498
Layer 0: mean node feature std = 0.990905
Layer 1: mean node feature std = 0.536505
Layer 0: mean node feature std = 0.981850
Layer 1: mean node feature std = 0.531467
Epoch 425 | loss=1290.1896 | 1739.2863
Layer 0: mean node feature std = 1.006728
Layer 1: mean node feature std = 0.545707
Layer 0: mean node feature std = 1.002635
Layer 1: mean node feature std = 0.543392
Layer 0: mean node feature std = 0.971595
Layer 1: mean node feature std = 0.525473
Layer 0: mean node feature std = 0.984412
Layer 1: mean node feature std = 0.532653
Layer 0: mean node feature std = 0.962386
Layer 1: mean node feature std = 0.520004
Layer 0: mean node feature std = 0.995556
Layer 1: mean node feature std = 0.539367
Layer 0: mean node feature std = 0.999937
Layer 1: mean node feature std = 0.541869
Layer 0: mean node feature std = 0.984820
Layer 1: mean node feature std = 0.533024
Layer 0: mean node feature std = 0.999299
Layer 1: mean node feature std = 0.541533
Layer 0: mean node feature std = 1.010552
Layer 1: mean node feature std = 0.547986
Layer 0: mean node feature std = 0.994718
Layer 1: mean node feature std = 0.538783
Layer 0: mean node feature std = 0.991202
Layer 1: mean node feature std = 0.536972
Layer 0: mean node feature std = 1.012018
Layer 1: mean node feature std = 0.549138
Layer 0: mean node feature std = 1.023650
Layer 1: mean node feature std = 0.555502
Layer 0: mean node feature std = 0.991969
Layer 1: mean node feature std = 0.537658
Layer 0: mean node feature std = 1.009242
Layer 1: mean node feature std = 0.547808
Epoch 426 | loss=1244.0976 | 1337.2645
Layer 0: mean node feature std = 0.993361
Layer 1: mean node feature std = 0.538518
Layer 0: mean node feature std = 1.008250
Layer 1: mean node feature std = 0.546923
Layer 0: mean node feature std = 0.990206
Layer 1: mean node feature std = 0.536870
Layer 0: mean node feature std = 0.990491
Layer 1: mean node feature std = 0.536916
Layer 0: mean node feature std = 0.974854
Layer 1: mean node feature std = 0.527863
Layer 0: mean node feature std = 0.978963
Layer 1: mean node feature std = 0.530263
Layer 0: mean node feature std = 0.997425
Layer 1: mean node feature std = 0.541235
Layer 0: mean node feature std = 1.002076
Layer 1: mean node feature std = 0.543710
Layer 0: mean node feature std = 0.982752
Layer 1: mean node feature std = 0.532980
Layer 0: mean node feature std = 0.973380
Layer 1: mean node feature std = 0.527479
Layer 0: mean node feature std = 1.014102
Layer 1: mean node feature std = 0.550766
Layer 0: mean node feature std = 0.981432
Layer 1: mean node feature std = 0.532312
Layer 0: mean node feature std = 1.004780
Layer 1: mean node feature std = 0.545565
Layer 0: mean node feature std = 1.007868
Layer 1: mean node feature std = 0.547539
Layer 0: mean node feature std = 1.030640
Layer 1: mean node feature std = 0.560756
Layer 0: mean node feature std = 1.014032
Layer 1: mean node feature std = 0.550996
Epoch 427 | loss=1253.4661 | 1594.5819
Layer 0: mean node feature std = 1.016913
Layer 1: mean node feature std = 0.552967
Layer 0: mean node feature std = 1.013181
Layer 1: mean node feature std = 0.550570
Layer 0: mean node feature std = 1.004229
Layer 1: mean node feature std = 0.545789
Layer 0: mean node feature std = 1.016351
Layer 1: mean node feature std = 0.552837
Layer 0: mean node feature std = 1.013311
Layer 1: mean node feature std = 0.551149
Layer 0: mean node feature std = 0.999647
Layer 1: mean node feature std = 0.543289
Layer 0: mean node feature std = 0.984046
Layer 1: mean node feature std = 0.534123
Layer 0: mean node feature std = 0.993534
Layer 1: mean node feature std = 0.539851
Layer 0: mean node feature std = 1.008745
Layer 1: mean node feature std = 0.548776
Layer 0: mean node feature std = 0.963660
Layer 1: mean node feature std = 0.522715
Layer 0: mean node feature std = 0.996136
Layer 1: mean node feature std = 0.541358
Layer 0: mean node feature std = 0.994021
Layer 1: mean node feature std = 0.540457
Layer 0: mean node feature std = 0.975500
Layer 1: mean node feature std = 0.529991
Layer 0: mean node feature std = 0.983693
Layer 1: mean node feature std = 0.534703
Layer 0: mean node feature std = 0.976970
Layer 1: mean node feature std = 0.530872
Layer 0: mean node feature std = 0.964126
Layer 1: mean node feature std = 0.523718
Epoch 428 | loss=1268.4622 | 1368.1861
Layer 0: mean node feature std = 1.023847
Layer 1: mean node feature std = 0.558158
Layer 0: mean node feature std = 1.014709
Layer 1: mean node feature std = 0.552711
Layer 0: mean node feature std = 1.025011
Layer 1: mean node feature std = 0.559058
Layer 0: mean node feature std = 0.992917
Layer 1: mean node feature std = 0.540495
Layer 0: mean node feature std = 0.978083
Layer 1: mean node feature std = 0.531704
Layer 0: mean node feature std = 0.980440
Layer 1: mean node feature std = 0.533032
Layer 0: mean node feature std = 0.993863
Layer 1: mean node feature std = 0.541126
Layer 0: mean node feature std = 1.006979
Layer 1: mean node feature std = 0.548706
Layer 0: mean node feature std = 0.995813
Layer 1: mean node feature std = 0.542251
Layer 0: mean node feature std = 0.983749
Layer 1: mean node feature std = 0.535601
Layer 0: mean node feature std = 0.964119
Layer 1: mean node feature std = 0.524090
Layer 0: mean node feature std = 0.994223
Layer 1: mean node feature std = 0.541734
Layer 0: mean node feature std = 1.004402
Layer 1: mean node feature std = 0.547513
Layer 0: mean node feature std = 0.995285
Layer 1: mean node feature std = 0.542078
Layer 0: mean node feature std = 0.989277
Layer 1: mean node feature std = 0.538810
Layer 0: mean node feature std = 0.949278
Layer 1: mean node feature std = 0.515461
Epoch 429 | loss=1307.4249 | 1333.4400
Layer 0: mean node feature std = 1.000669
Layer 1: mean node feature std = 0.545474
Layer 0: mean node feature std = 0.990545
Layer 1: mean node feature std = 0.539968
Layer 0: mean node feature std = 1.011331
Layer 1: mean node feature std = 0.552047
Layer 0: mean node feature std = 0.994179
Layer 1: mean node feature std = 0.542032
Layer 0: mean node feature std = 0.995247
Layer 1: mean node feature std = 0.542644
Layer 0: mean node feature std = 1.010860
Layer 1: mean node feature std = 0.551807
Layer 0: mean node feature std = 0.998178
Layer 1: mean node feature std = 0.544618
Layer 0: mean node feature std = 1.012952
Layer 1: mean node feature std = 0.553330
Layer 0: mean node feature std = 0.980215
Layer 1: mean node feature std = 0.534325
Layer 0: mean node feature std = 0.981775
Layer 1: mean node feature std = 0.535045
Layer 0: mean node feature std = 1.017728
Layer 1: mean node feature std = 0.555899
Layer 0: mean node feature std = 0.995642
Layer 1: mean node feature std = 0.543257
Layer 0: mean node feature std = 0.991614
Layer 1: mean node feature std = 0.540897
Layer 0: mean node feature std = 0.968111
Layer 1: mean node feature std = 0.527431
Layer 0: mean node feature std = 0.991603
Layer 1: mean node feature std = 0.541271
Layer 0: mean node feature std = 0.960314
Layer 1: mean node feature std = 0.522977
Epoch 430 | loss=1233.8229 | 1375.0220
Layer 0: mean node feature std = 0.973706
Layer 1: mean node feature std = 0.530761
Layer 0: mean node feature std = 0.981911
Layer 1: mean node feature std = 0.535883
Layer 0: mean node feature std = 0.993204
Layer 1: mean node feature std = 0.542187
Layer 0: mean node feature std = 0.988531
Layer 1: mean node feature std = 0.539612
Layer 0: mean node feature std = 1.011549
Layer 1: mean node feature std = 0.552778
Layer 0: mean node feature std = 0.973335
Layer 1: mean node feature std = 0.530715
Layer 0: mean node feature std = 1.024551
Layer 1: mean node feature std = 0.560510
Layer 0: mean node feature std = 0.996419
Layer 1: mean node feature std = 0.544235
Layer 0: mean node feature std = 0.985729
Layer 1: mean node feature std = 0.538238
Layer 0: mean node feature std = 1.012720
Layer 1: mean node feature std = 0.553953
Layer 0: mean node feature std = 1.004967
Layer 1: mean node feature std = 0.549218
Layer 0: mean node feature std = 0.991469
Layer 1: mean node feature std = 0.541490
Layer 0: mean node feature std = 0.988863
Layer 1: mean node feature std = 0.540233
Layer 0: mean node feature std = 1.014854
Layer 1: mean node feature std = 0.555478
Layer 0: mean node feature std = 0.990229
Layer 1: mean node feature std = 0.541233
Layer 0: mean node feature std = 1.006251
Layer 1: mean node feature std = 0.550555
Epoch 431 | loss=1251.1230 | 1426.8266
Layer 0: mean node feature std = 0.986287
Layer 1: mean node feature std = 0.538865
Layer 0: mean node feature std = 0.994085
Layer 1: mean node feature std = 0.543730
Layer 0: mean node feature std = 0.994059
Layer 1: mean node feature std = 0.543362
Layer 0: mean node feature std = 0.975446
Layer 1: mean node feature std = 0.532847
Layer 0: mean node feature std = 0.999333
Layer 1: mean node feature std = 0.546764
Layer 0: mean node feature std = 0.998303
Layer 1: mean node feature std = 0.545880
Layer 0: mean node feature std = 1.015246
Layer 1: mean node feature std = 0.555986
Layer 0: mean node feature std = 1.003640
Layer 1: mean node feature std = 0.549300
Layer 0: mean node feature std = 0.991366
Layer 1: mean node feature std = 0.542313
Layer 0: mean node feature std = 0.992378
Layer 1: mean node feature std = 0.542949
Layer 0: mean node feature std = 0.995793
Layer 1: mean node feature std = 0.544907
Layer 0: mean node feature std = 1.017241
Layer 1: mean node feature std = 0.557602
Layer 0: mean node feature std = 0.974114
Layer 1: mean node feature std = 0.532528
Layer 0: mean node feature std = 1.005317
Layer 1: mean node feature std = 0.550614
Layer 0: mean node feature std = 1.006373
Layer 1: mean node feature std = 0.551387
Layer 0: mean node feature std = 0.915893
Layer 1: mean node feature std = 0.498446
Epoch 432 | loss=1243.6215 | 1327.9729
Layer 0: mean node feature std = 0.968984
Layer 1: mean node feature std = 0.529749
Layer 0: mean node feature std = 1.001299
Layer 1: mean node feature std = 0.548406
Layer 0: mean node feature std = 0.974411
Layer 1: mean node feature std = 0.532933
Layer 0: mean node feature std = 1.000010
Layer 1: mean node feature std = 0.547739
Layer 0: mean node feature std = 1.004996
Layer 1: mean node feature std = 0.550735
Layer 0: mean node feature std = 1.024777
Layer 1: mean node feature std = 0.562399
Layer 0: mean node feature std = 1.010961
Layer 1: mean node feature std = 0.554387
Layer 0: mean node feature std = 1.001408
Layer 1: mean node feature std = 0.548878
Layer 0: mean node feature std = 0.982616
Layer 1: mean node feature std = 0.537913
Layer 0: mean node feature std = 0.999886
Layer 1: mean node feature std = 0.548022
Layer 0: mean node feature std = 0.984585
Layer 1: mean node feature std = 0.539230
Layer 0: mean node feature std = 0.985602
Layer 1: mean node feature std = 0.539640
Layer 0: mean node feature std = 1.015005
Layer 1: mean node feature std = 0.556984
Layer 0: mean node feature std = 0.983434
Layer 1: mean node feature std = 0.538606
Layer 0: mean node feature std = 1.001599
Layer 1: mean node feature std = 0.549268
Layer 0: mean node feature std = 0.966064
Layer 1: mean node feature std = 0.528774
Epoch 433 | loss=1228.8366 | 1773.4727
Layer 0: mean node feature std = 0.974444
Layer 1: mean node feature std = 0.533507
Layer 0: mean node feature std = 0.998824
Layer 1: mean node feature std = 0.548109
Layer 0: mean node feature std = 1.008033
Layer 1: mean node feature std = 0.553339
Layer 0: mean node feature std = 0.995745
Layer 1: mean node feature std = 0.546353
Layer 0: mean node feature std = 0.992454
Layer 1: mean node feature std = 0.544455
Layer 0: mean node feature std = 0.963152
Layer 1: mean node feature std = 0.527417
Layer 0: mean node feature std = 0.992783
Layer 1: mean node feature std = 0.544584
Layer 0: mean node feature std = 0.994580
Layer 1: mean node feature std = 0.545844
Layer 0: mean node feature std = 0.992386
Layer 1: mean node feature std = 0.544492
Layer 0: mean node feature std = 1.012435
Layer 1: mean node feature std = 0.556226
Layer 0: mean node feature std = 0.987376
Layer 1: mean node feature std = 0.541673
Layer 0: mean node feature std = 1.008804
Layer 1: mean node feature std = 0.554224
Layer 0: mean node feature std = 0.989989
Layer 1: mean node feature std = 0.543267
Layer 0: mean node feature std = 0.996684
Layer 1: mean node feature std = 0.547194
Layer 0: mean node feature std = 1.019290
Layer 1: mean node feature std = 0.560501
Layer 0: mean node feature std = 1.033236
Layer 1: mean node feature std = 0.568267
Epoch 434 | loss=1263.3499 | 1329.4488
Layer 0: mean node feature std = 0.999807
Layer 1: mean node feature std = 0.549407
Layer 0: mean node feature std = 1.010673
Layer 1: mean node feature std = 0.555789
Layer 0: mean node feature std = 0.976094
Layer 1: mean node feature std = 0.535492
Layer 0: mean node feature std = 0.977212
Layer 1: mean node feature std = 0.536176
Layer 0: mean node feature std = 0.976761
Layer 1: mean node feature std = 0.535956
Layer 0: mean node feature std = 1.013758
Layer 1: mean node feature std = 0.557636
Layer 0: mean node feature std = 1.000840
Layer 1: mean node feature std = 0.550059
Layer 0: mean node feature std = 1.002256
Layer 1: mean node feature std = 0.550997
Layer 0: mean node feature std = 0.980856
Layer 1: mean node feature std = 0.538157
Layer 0: mean node feature std = 1.005445
Layer 1: mean node feature std = 0.552993
Layer 0: mean node feature std = 0.996895
Layer 1: mean node feature std = 0.548513
Layer 0: mean node feature std = 0.987142
Layer 1: mean node feature std = 0.542728
Layer 0: mean node feature std = 1.013923
Layer 1: mean node feature std = 0.558256
Layer 0: mean node feature std = 0.990235
Layer 1: mean node feature std = 0.544485
Layer 0: mean node feature std = 0.994648
Layer 1: mean node feature std = 0.547202
Layer 0: mean node feature std = 1.035540
Layer 1: mean node feature std = 0.570943
Epoch 435 | loss=1250.2852 | 1625.7089
Layer 0: mean node feature std = 0.972713
Layer 1: mean node feature std = 0.534455
Layer 0: mean node feature std = 0.978676
Layer 1: mean node feature std = 0.537773
Layer 0: mean node feature std = 0.993336
Layer 1: mean node feature std = 0.546534
Layer 0: mean node feature std = 1.011971
Layer 1: mean node feature std = 0.557672
Layer 0: mean node feature std = 1.000244
Layer 1: mean node feature std = 0.550477
Layer 0: mean node feature std = 1.010823
Layer 1: mean node feature std = 0.556827
Layer 0: mean node feature std = 1.014633
Layer 1: mean node feature std = 0.559249
Layer 0: mean node feature std = 0.973717
Layer 1: mean node feature std = 0.535355
Layer 0: mean node feature std = 0.987556
Layer 1: mean node feature std = 0.543283
Layer 0: mean node feature std = 0.986780
Layer 1: mean node feature std = 0.542976
Layer 0: mean node feature std = 0.999484
Layer 1: mean node feature std = 0.550563
Layer 0: mean node feature std = 1.031500
Layer 1: mean node feature std = 0.569089
Layer 0: mean node feature std = 0.975573
Layer 1: mean node feature std = 0.536593
Layer 0: mean node feature std = 0.993911
Layer 1: mean node feature std = 0.547626
Layer 0: mean node feature std = 1.001997
Layer 1: mean node feature std = 0.552195
Layer 0: mean node feature std = 1.001588
Layer 1: mean node feature std = 0.551975
Epoch 436 | loss=1253.1259 | 1668.1427
Layer 0: mean node feature std = 1.005810
Layer 1: mean node feature std = 0.554601
Layer 0: mean node feature std = 1.003105
Layer 1: mean node feature std = 0.552979
Layer 0: mean node feature std = 0.979939
Layer 1: mean node feature std = 0.539452
Layer 0: mean node feature std = 1.003870
Layer 1: mean node feature std = 0.553628
Layer 0: mean node feature std = 0.976629
Layer 1: mean node feature std = 0.537766
Layer 0: mean node feature std = 1.014415
Layer 1: mean node feature std = 0.559794
Layer 0: mean node feature std = 0.998032
Layer 1: mean node feature std = 0.550484
Layer 0: mean node feature std = 0.989724
Layer 1: mean node feature std = 0.545489
Layer 0: mean node feature std = 0.961913
Layer 1: mean node feature std = 0.529513
Layer 0: mean node feature std = 0.996737
Layer 1: mean node feature std = 0.549840
Layer 0: mean node feature std = 0.994746
Layer 1: mean node feature std = 0.548687
Layer 0: mean node feature std = 0.992933
Layer 1: mean node feature std = 0.547727
Layer 0: mean node feature std = 1.000711
Layer 1: mean node feature std = 0.552378
Layer 0: mean node feature std = 1.025672
Layer 1: mean node feature std = 0.566880
Layer 0: mean node feature std = 1.000711
Layer 1: mean node feature std = 0.552369
Layer 0: mean node feature std = 0.937401
Layer 1: mean node feature std = 0.515563
Epoch 437 | loss=1247.3989 | 1505.4978
Layer 0: mean node feature std = 1.009354
Layer 1: mean node feature std = 0.557419
Layer 0: mean node feature std = 0.976368
Layer 1: mean node feature std = 0.538453
Layer 0: mean node feature std = 0.998653
Layer 1: mean node feature std = 0.551321
Layer 0: mean node feature std = 0.991385
Layer 1: mean node feature std = 0.547285
Layer 0: mean node feature std = 0.991239
Layer 1: mean node feature std = 0.546945
Layer 0: mean node feature std = 1.004484
Layer 1: mean node feature std = 0.554971
Layer 0: mean node feature std = 0.992772
Layer 1: mean node feature std = 0.548240
Layer 0: mean node feature std = 0.964259
Layer 1: mean node feature std = 0.531574
Layer 0: mean node feature std = 1.001465
Layer 1: mean node feature std = 0.553411
Layer 0: mean node feature std = 1.002718
Layer 1: mean node feature std = 0.554171
Layer 0: mean node feature std = 0.995095
Layer 1: mean node feature std = 0.549703
Layer 0: mean node feature std = 1.013068
Layer 1: mean node feature std = 0.560381
Layer 0: mean node feature std = 1.024819
Layer 1: mean node feature std = 0.567406
Layer 0: mean node feature std = 0.972433
Layer 1: mean node feature std = 0.536431
Layer 0: mean node feature std = 1.003280
Layer 1: mean node feature std = 0.554700
Layer 0: mean node feature std = 0.956352
Layer 1: mean node feature std = 0.527711
Epoch 438 | loss=1261.7163 | 1321.7065
Layer 0: mean node feature std = 1.014865
Layer 1: mean node feature std = 0.561666
Layer 0: mean node feature std = 0.994769
Layer 1: mean node feature std = 0.549950
Layer 0: mean node feature std = 1.012167
Layer 1: mean node feature std = 0.560256
Layer 0: mean node feature std = 1.029936
Layer 1: mean node feature std = 0.570748
Layer 0: mean node feature std = 1.002517
Layer 1: mean node feature std = 0.554747
Layer 0: mean node feature std = 0.968739
Layer 1: mean node feature std = 0.534741
Layer 0: mean node feature std = 0.981627
Layer 1: mean node feature std = 0.542404
Layer 0: mean node feature std = 1.009474
Layer 1: mean node feature std = 0.558934
Layer 0: mean node feature std = 0.980761
Layer 1: mean node feature std = 0.542083
Layer 0: mean node feature std = 0.999362
Layer 1: mean node feature std = 0.553117
Layer 0: mean node feature std = 0.994191
Layer 1: mean node feature std = 0.550098
Layer 0: mean node feature std = 0.997175
Layer 1: mean node feature std = 0.551765
Layer 0: mean node feature std = 0.975068
Layer 1: mean node feature std = 0.538857
Layer 0: mean node feature std = 0.991944
Layer 1: mean node feature std = 0.549044
Layer 0: mean node feature std = 0.986680
Layer 1: mean node feature std = 0.545857
Layer 0: mean node feature std = 0.967665
Layer 1: mean node feature std = 0.534675
Epoch 439 | loss=1256.4690 | 1296.3503
Layer 0: mean node feature std = 1.029659
Layer 1: mean node feature std = 0.571371
Layer 0: mean node feature std = 0.981718
Layer 1: mean node feature std = 0.543166
Layer 0: mean node feature std = 0.981079
Layer 1: mean node feature std = 0.542735
Layer 0: mean node feature std = 0.987545
Layer 1: mean node feature std = 0.546622
Layer 0: mean node feature std = 1.015110
Layer 1: mean node feature std = 0.562928
Layer 0: mean node feature std = 0.976381
Layer 1: mean node feature std = 0.540088
Layer 0: mean node feature std = 1.008060
Layer 1: mean node feature std = 0.558913
Layer 0: mean node feature std = 0.987761
Layer 1: mean node feature std = 0.546940
Layer 0: mean node feature std = 0.984402
Layer 1: mean node feature std = 0.545083
Layer 0: mean node feature std = 1.012829
Layer 1: mean node feature std = 0.561638
Layer 0: mean node feature std = 1.024929
Layer 1: mean node feature std = 0.568807
Layer 0: mean node feature std = 0.976286
Layer 1: mean node feature std = 0.540211
Layer 0: mean node feature std = 0.976775
Layer 1: mean node feature std = 0.540750
Layer 0: mean node feature std = 0.992006
Layer 1: mean node feature std = 0.549939
Layer 0: mean node feature std = 0.990791
Layer 1: mean node feature std = 0.549476
Layer 0: mean node feature std = 1.042032
Layer 1: mean node feature std = 0.579129
Epoch 440 | loss=1268.1816 | 1615.2914
Layer 0: mean node feature std = 1.025084
Layer 1: mean node feature std = 0.569508
Layer 0: mean node feature std = 0.991540
Layer 1: mean node feature std = 0.550047
Layer 0: mean node feature std = 0.977879
Layer 1: mean node feature std = 0.542032
Layer 0: mean node feature std = 0.993853
Layer 1: mean node feature std = 0.551336
Layer 0: mean node feature std = 0.987614
Layer 1: mean node feature std = 0.547609
Layer 0: mean node feature std = 0.970704
Layer 1: mean node feature std = 0.537709
Layer 0: mean node feature std = 1.012122
Layer 1: mean node feature std = 0.561902
Layer 0: mean node feature std = 1.007144
Layer 1: mean node feature std = 0.558657
Layer 0: mean node feature std = 0.999513
Layer 1: mean node feature std = 0.554676
Layer 0: mean node feature std = 1.015220
Layer 1: mean node feature std = 0.563863
Layer 0: mean node feature std = 1.013009
Layer 1: mean node feature std = 0.562843
Layer 0: mean node feature std = 0.965352
Layer 1: mean node feature std = 0.535112
Layer 0: mean node feature std = 0.980840
Layer 1: mean node feature std = 0.544113
Layer 0: mean node feature std = 1.002514
Layer 1: mean node feature std = 0.557011
Layer 0: mean node feature std = 0.996249
Layer 1: mean node feature std = 0.553470
Layer 0: mean node feature std = 0.971053
Layer 1: mean node feature std = 0.538067
Epoch 441 | loss=1251.8073 | 1335.7368
Layer 0: mean node feature std = 1.010144
Layer 1: mean node feature std = 0.561840
Layer 0: mean node feature std = 0.992939
Layer 1: mean node feature std = 0.551611
Layer 0: mean node feature std = 1.001507
Layer 1: mean node feature std = 0.556469
Layer 0: mean node feature std = 0.997609
Layer 1: mean node feature std = 0.554632
Layer 0: mean node feature std = 0.985372
Layer 1: mean node feature std = 0.547327
Layer 0: mean node feature std = 0.997469
Layer 1: mean node feature std = 0.554356
Layer 0: mean node feature std = 0.990071
Layer 1: mean node feature std = 0.550210
Layer 0: mean node feature std = 1.010120
Layer 1: mean node feature std = 0.562180
Layer 0: mean node feature std = 0.985138
Layer 1: mean node feature std = 0.547165
Layer 0: mean node feature std = 0.998163
Layer 1: mean node feature std = 0.555042
Layer 0: mean node feature std = 1.000940
Layer 1: mean node feature std = 0.557014
Layer 0: mean node feature std = 0.972746
Layer 1: mean node feature std = 0.539993
Layer 0: mean node feature std = 1.006356
Layer 1: mean node feature std = 0.559959
Layer 0: mean node feature std = 1.022193
Layer 1: mean node feature std = 0.569449
Layer 0: mean node feature std = 0.966561
Layer 1: mean node feature std = 0.536683
Layer 0: mean node feature std = 0.978051
Layer 1: mean node feature std = 0.543744
Epoch 442 | loss=1295.4394 | 1480.9350
Layer 0: mean node feature std = 0.980273
Layer 1: mean node feature std = 0.545001
Layer 0: mean node feature std = 1.012854
Layer 1: mean node feature std = 0.564419
Layer 0: mean node feature std = 0.993901
Layer 1: mean node feature std = 0.553166
Layer 0: mean node feature std = 1.004716
Layer 1: mean node feature std = 0.559667
Layer 0: mean node feature std = 0.998490
Layer 1: mean node feature std = 0.556064
Layer 0: mean node feature std = 1.014540
Layer 1: mean node feature std = 0.565679
Layer 0: mean node feature std = 1.007682
Layer 1: mean node feature std = 0.561582
Layer 0: mean node feature std = 0.971470
Layer 1: mean node feature std = 0.540179
Layer 0: mean node feature std = 0.996268
Layer 1: mean node feature std = 0.554690
Layer 0: mean node feature std = 0.990216
Layer 1: mean node feature std = 0.551313
Layer 0: mean node feature std = 0.984892
Layer 1: mean node feature std = 0.547887
Layer 0: mean node feature std = 1.006400
Layer 1: mean node feature std = 0.560875
Layer 0: mean node feature std = 0.991407
Layer 1: mean node feature std = 0.552095
Layer 0: mean node feature std = 1.013785
Layer 1: mean node feature std = 0.565256
Layer 0: mean node feature std = 0.973255
Layer 1: mean node feature std = 0.540833
Layer 0: mean node feature std = 0.962987
Layer 1: mean node feature std = 0.535141
Epoch 443 | loss=1339.6803 | 1448.8001
Layer 0: mean node feature std = 0.987744
Layer 1: mean node feature std = 0.550167
Layer 0: mean node feature std = 1.026390
Layer 1: mean node feature std = 0.572770
Layer 0: mean node feature std = 1.010858
Layer 1: mean node feature std = 0.563782
Layer 0: mean node feature std = 0.972592
Layer 1: mean node feature std = 0.541253
Layer 0: mean node feature std = 1.006196
Layer 1: mean node feature std = 0.561138
Layer 0: mean node feature std = 0.976178
Layer 1: mean node feature std = 0.543700
Layer 0: mean node feature std = 0.985503
Layer 1: mean node feature std = 0.548977
Layer 0: mean node feature std = 1.003052
Layer 1: mean node feature std = 0.559339
Layer 0: mean node feature std = 0.985433
Layer 1: mean node feature std = 0.549220
Layer 0: mean node feature std = 0.999781
Layer 1: mean node feature std = 0.557515
Layer 0: mean node feature std = 0.973649
Layer 1: mean node feature std = 0.542323
Layer 0: mean node feature std = 0.999918
Layer 1: mean node feature std = 0.557928
Layer 0: mean node feature std = 0.998801
Layer 1: mean node feature std = 0.557073
Layer 0: mean node feature std = 1.008871
Layer 1: mean node feature std = 0.563007
Layer 0: mean node feature std = 0.999814
Layer 1: mean node feature std = 0.557701
Layer 0: mean node feature std = 0.991637
Layer 1: mean node feature std = 0.553412
Epoch 444 | loss=1235.6456 | 1393.9119
Layer 0: mean node feature std = 0.976217
Layer 1: mean node feature std = 0.543876
Layer 0: mean node feature std = 0.999868
Layer 1: mean node feature std = 0.558002
Layer 0: mean node feature std = 0.997269
Layer 1: mean node feature std = 0.556474
Layer 0: mean node feature std = 0.983193
Layer 1: mean node feature std = 0.547940
Layer 0: mean node feature std = 1.005758
Layer 1: mean node feature std = 0.562004
Layer 0: mean node feature std = 0.989806
Layer 1: mean node feature std = 0.552513
Layer 0: mean node feature std = 1.030407
Layer 1: mean node feature std = 0.576552
Layer 0: mean node feature std = 1.018544
Layer 1: mean node feature std = 0.569424
Layer 0: mean node feature std = 1.008669
Layer 1: mean node feature std = 0.563733
Layer 0: mean node feature std = 0.974202
Layer 1: mean node feature std = 0.543368
Layer 0: mean node feature std = 0.996935
Layer 1: mean node feature std = 0.557092
Layer 0: mean node feature std = 0.977160
Layer 1: mean node feature std = 0.545338
Layer 0: mean node feature std = 0.981049
Layer 1: mean node feature std = 0.547455
Layer 0: mean node feature std = 1.012728
Layer 1: mean node feature std = 0.566319
Layer 0: mean node feature std = 0.989027
Layer 1: mean node feature std = 0.552542
Layer 0: mean node feature std = 0.959346
Layer 1: mean node feature std = 0.534831
Epoch 445 | loss=1251.7274 | 1422.4822
Layer 0: mean node feature std = 0.994222
Layer 1: mean node feature std = 0.555489
Layer 0: mean node feature std = 1.018742
Layer 1: mean node feature std = 0.570375
Layer 0: mean node feature std = 0.995050
Layer 1: mean node feature std = 0.556232
Layer 0: mean node feature std = 1.001965
Layer 1: mean node feature std = 0.560672
Layer 0: mean node feature std = 1.011666
Layer 1: mean node feature std = 0.566267
Layer 0: mean node feature std = 0.995545
Layer 1: mean node feature std = 0.556835
Layer 0: mean node feature std = 1.016555
Layer 1: mean node feature std = 0.569286
Layer 0: mean node feature std = 0.990749
Layer 1: mean node feature std = 0.554173
Layer 0: mean node feature std = 0.954510
Layer 1: mean node feature std = 0.532414
Layer 0: mean node feature std = 0.985262
Layer 1: mean node feature std = 0.550722
Layer 0: mean node feature std = 0.996599
Layer 1: mean node feature std = 0.557515
Layer 0: mean node feature std = 0.988746
Layer 1: mean node feature std = 0.553059
Layer 0: mean node feature std = 1.003171
Layer 1: mean node feature std = 0.561907
Layer 0: mean node feature std = 0.999598
Layer 1: mean node feature std = 0.559699
Layer 0: mean node feature std = 0.982205
Layer 1: mean node feature std = 0.549270
Layer 0: mean node feature std = 0.992669
Layer 1: mean node feature std = 0.555405
Epoch 446 | loss=1252.4680 | 1629.1027
Layer 0: mean node feature std = 0.986170
Layer 1: mean node feature std = 0.551816
Layer 0: mean node feature std = 0.999955
Layer 1: mean node feature std = 0.559956
Layer 0: mean node feature std = 1.019875
Layer 1: mean node feature std = 0.572109
Layer 0: mean node feature std = 0.981684
Layer 1: mean node feature std = 0.549411
Layer 0: mean node feature std = 0.977226
Layer 1: mean node feature std = 0.546539
Layer 0: mean node feature std = 1.005060
Layer 1: mean node feature std = 0.563331
Layer 0: mean node feature std = 1.009571
Layer 1: mean node feature std = 0.566112
Layer 0: mean node feature std = 0.972232
Layer 1: mean node feature std = 0.544096
Layer 0: mean node feature std = 0.989711
Layer 1: mean node feature std = 0.554325
Layer 0: mean node feature std = 0.990879
Layer 1: mean node feature std = 0.555062
Layer 0: mean node feature std = 0.981457
Layer 1: mean node feature std = 0.549498
Layer 0: mean node feature std = 1.004455
Layer 1: mean node feature std = 0.563131
Layer 0: mean node feature std = 1.015031
Layer 1: mean node feature std = 0.569837
Layer 0: mean node feature std = 1.009807
Layer 1: mean node feature std = 0.566503
Layer 0: mean node feature std = 0.985311
Layer 1: mean node feature std = 0.552015
Layer 0: mean node feature std = 1.025533
Layer 1: mean node feature std = 0.575907
Epoch 447 | loss=1280.6261 | 1529.0190
Layer 0: mean node feature std = 0.989217
Layer 1: mean node feature std = 0.554534
Layer 0: mean node feature std = 1.005113
Layer 1: mean node feature std = 0.564295
Layer 0: mean node feature std = 0.978942
Layer 1: mean node feature std = 0.548663
Layer 0: mean node feature std = 0.988750
Layer 1: mean node feature std = 0.554322
Layer 0: mean node feature std = 1.011734
Layer 1: mean node feature std = 0.568253
Layer 0: mean node feature std = 0.999903
Layer 1: mean node feature std = 0.561216
Layer 0: mean node feature std = 1.015074
Layer 1: mean node feature std = 0.570109
Layer 0: mean node feature std = 0.969699
Layer 1: mean node feature std = 0.543494
Layer 0: mean node feature std = 1.023602
Layer 1: mean node feature std = 0.575441
Layer 0: mean node feature std = 0.986059
Layer 1: mean node feature std = 0.553230
Layer 0: mean node feature std = 0.973697
Layer 1: mean node feature std = 0.546048
Layer 0: mean node feature std = 1.004820
Layer 1: mean node feature std = 0.564517
Layer 0: mean node feature std = 0.962871
Layer 1: mean node feature std = 0.539545
Layer 0: mean node feature std = 0.999559
Layer 1: mean node feature std = 0.561517
Layer 0: mean node feature std = 1.019688
Layer 1: mean node feature std = 0.573778
Layer 0: mean node feature std = 1.023905
Layer 1: mean node feature std = 0.576221
Epoch 448 | loss=1231.0504 | 1273.4100
Layer 0: mean node feature std = 0.978695
Layer 1: mean node feature std = 0.549369
Layer 0: mean node feature std = 1.001341
Layer 1: mean node feature std = 0.562833
Layer 0: mean node feature std = 0.974731
Layer 1: mean node feature std = 0.547289
Layer 0: mean node feature std = 0.991911
Layer 1: mean node feature std = 0.557342
Layer 0: mean node feature std = 1.002735
Layer 1: mean node feature std = 0.563858
Layer 0: mean node feature std = 1.012032
Layer 1: mean node feature std = 0.569331
Layer 0: mean node feature std = 0.990954
Layer 1: mean node feature std = 0.556906
Layer 0: mean node feature std = 1.010341
Layer 1: mean node feature std = 0.568642
Layer 0: mean node feature std = 0.972978
Layer 1: mean node feature std = 0.546158
Layer 0: mean node feature std = 1.018700
Layer 1: mean node feature std = 0.573690
Layer 0: mean node feature std = 0.995402
Layer 1: mean node feature std = 0.559595
Layer 0: mean node feature std = 0.996487
Layer 1: mean node feature std = 0.560491
Layer 0: mean node feature std = 0.995806
Layer 1: mean node feature std = 0.560192
Layer 0: mean node feature std = 0.994934
Layer 1: mean node feature std = 0.559635
Layer 0: mean node feature std = 0.999392
Layer 1: mean node feature std = 0.562321
Layer 0: mean node feature std = 0.982782
Layer 1: mean node feature std = 0.552739
Epoch 449 | loss=1247.5352 | 1499.2777
Layer 0: mean node feature std = 0.982731
Layer 1: mean node feature std = 0.552470
Layer 0: mean node feature std = 1.013576
Layer 1: mean node feature std = 0.570864
Layer 0: mean node feature std = 1.000717
Layer 1: mean node feature std = 0.563540
Layer 0: mean node feature std = 0.999389
Layer 1: mean node feature std = 0.562843
Layer 0: mean node feature std = 0.969196
Layer 1: mean node feature std = 0.544728
Layer 0: mean node feature std = 0.993025
Layer 1: mean node feature std = 0.559249
Layer 0: mean node feature std = 0.990812
Layer 1: mean node feature std = 0.557815
Layer 0: mean node feature std = 1.015220
Layer 1: mean node feature std = 0.572560
Layer 0: mean node feature std = 1.002490
Layer 1: mean node feature std = 0.565194
Layer 0: mean node feature std = 0.984199
Layer 1: mean node feature std = 0.554006
Layer 0: mean node feature std = 0.974186
Layer 1: mean node feature std = 0.547989
Layer 0: mean node feature std = 1.005956
Layer 1: mean node feature std = 0.567115
Layer 0: mean node feature std = 1.007144
Layer 1: mean node feature std = 0.568112
Layer 0: mean node feature std = 0.984891
Layer 1: mean node feature std = 0.554543
Layer 0: mean node feature std = 0.999705
Layer 1: mean node feature std = 0.563608
Layer 0: mean node feature std = 1.053200
Layer 1: mean node feature std = 0.595423
Epoch 450 | loss=1221.2694 | 1374.3045
Layer 0: mean node feature std = 1.001990
Layer 1: mean node feature std = 0.564936
Layer 0: mean node feature std = 0.997082
Layer 1: mean node feature std = 0.562154
Layer 0: mean node feature std = 0.985223
Layer 1: mean node feature std = 0.555079
Layer 0: mean node feature std = 0.977870
Layer 1: mean node feature std = 0.550756
Layer 0: mean node feature std = 0.992333
Layer 1: mean node feature std = 0.559577
Layer 0: mean node feature std = 0.991708
Layer 1: mean node feature std = 0.559110
Layer 0: mean node feature std = 0.979728
Layer 1: mean node feature std = 0.552222
Layer 0: mean node feature std = 0.979361
Layer 1: mean node feature std = 0.551919
Layer 0: mean node feature std = 0.999787
Layer 1: mean node feature std = 0.564042
Layer 0: mean node feature std = 0.987770
Layer 1: mean node feature std = 0.556862
Layer 0: mean node feature std = 1.012560
Layer 1: mean node feature std = 0.571847
Layer 0: mean node feature std = 1.013130
Layer 1: mean node feature std = 0.572431
Layer 0: mean node feature std = 0.994359
Layer 1: mean node feature std = 0.561043
Layer 0: mean node feature std = 1.024610
Layer 1: mean node feature std = 0.579089
Layer 0: mean node feature std = 1.004536
Layer 1: mean node feature std = 0.567089
Layer 0: mean node feature std = 0.952870
Layer 1: mean node feature std = 0.536352
Epoch 451 | loss=1233.9644 | 1319.6836
Layer 0: mean node feature std = 0.999609
Layer 1: mean node feature std = 0.564322
Layer 0: mean node feature std = 0.990744
Layer 1: mean node feature std = 0.559063
Layer 0: mean node feature std = 0.986757
Layer 1: mean node feature std = 0.556633
Layer 0: mean node feature std = 1.014759
Layer 1: mean node feature std = 0.573678
Layer 0: mean node feature std = 1.000102
Layer 1: mean node feature std = 0.565096
Layer 0: mean node feature std = 0.996919
Layer 1: mean node feature std = 0.563107
Layer 0: mean node feature std = 0.996821
Layer 1: mean node feature std = 0.563425
Layer 0: mean node feature std = 0.996973
Layer 1: mean node feature std = 0.563504
Layer 0: mean node feature std = 0.981777
Layer 1: mean node feature std = 0.554209
Layer 0: mean node feature std = 0.993184
Layer 1: mean node feature std = 0.561319
Layer 0: mean node feature std = 0.998550
Layer 1: mean node feature std = 0.564377
Layer 0: mean node feature std = 1.007965
Layer 1: mean node feature std = 0.570217
Layer 0: mean node feature std = 0.979622
Layer 1: mean node feature std = 0.553411
Layer 0: mean node feature std = 0.998832
Layer 1: mean node feature std = 0.564736
Layer 0: mean node feature std = 1.000277
Layer 1: mean node feature std = 0.565663
Layer 0: mean node feature std = 0.948363
Layer 1: mean node feature std = 0.534913
Epoch 452 | loss=1222.1625 | 1315.2656
Layer 0: mean node feature std = 0.983407
Layer 1: mean node feature std = 0.555678
Layer 0: mean node feature std = 0.985203
Layer 1: mean node feature std = 0.556785
Layer 0: mean node feature std = 0.990841
Layer 1: mean node feature std = 0.560421
Layer 0: mean node feature std = 1.004883
Layer 1: mean node feature std = 0.568728
Layer 0: mean node feature std = 1.033397
Layer 1: mean node feature std = 0.585966
Layer 0: mean node feature std = 0.964437
Layer 1: mean node feature std = 0.544728
Layer 0: mean node feature std = 1.002098
Layer 1: mean node feature std = 0.567377
Layer 0: mean node feature std = 0.988876
Layer 1: mean node feature std = 0.559181
Layer 0: mean node feature std = 0.981419
Layer 1: mean node feature std = 0.554950
Layer 0: mean node feature std = 1.005030
Layer 1: mean node feature std = 0.569022
Layer 0: mean node feature std = 1.016531
Layer 1: mean node feature std = 0.576075
Layer 0: mean node feature std = 0.976978
Layer 1: mean node feature std = 0.552603
Layer 0: mean node feature std = 1.011433
Layer 1: mean node feature std = 0.573575
Layer 0: mean node feature std = 1.030746
Layer 1: mean node feature std = 0.584950
Layer 0: mean node feature std = 0.971109
Layer 1: mean node feature std = 0.549041
Layer 0: mean node feature std = 0.929711
Layer 1: mean node feature std = 0.524786
Epoch 453 | loss=1302.9216 | 1477.2297
Layer 0: mean node feature std = 0.989836
Layer 1: mean node feature std = 0.560518
Layer 0: mean node feature std = 1.013516
Layer 1: mean node feature std = 0.574861
Layer 0: mean node feature std = 1.015214
Layer 1: mean node feature std = 0.575899
Layer 0: mean node feature std = 0.960316
Layer 1: mean node feature std = 0.542989
Layer 0: mean node feature std = 0.992917
Layer 1: mean node feature std = 0.562674
Layer 0: mean node feature std = 1.000971
Layer 1: mean node feature std = 0.567523
Layer 0: mean node feature std = 1.016059
Layer 1: mean node feature std = 0.576543
Layer 0: mean node feature std = 1.003976
Layer 1: mean node feature std = 0.569166
Layer 0: mean node feature std = 1.005643
Layer 1: mean node feature std = 0.570217
Layer 0: mean node feature std = 0.986241
Layer 1: mean node feature std = 0.558479
Layer 0: mean node feature std = 0.991994
Layer 1: mean node feature std = 0.562189
Layer 0: mean node feature std = 0.979050
Layer 1: mean node feature std = 0.554414
Layer 0: mean node feature std = 0.988317
Layer 1: mean node feature std = 0.560136
Layer 0: mean node feature std = 0.982574
Layer 1: mean node feature std = 0.556596
Layer 0: mean node feature std = 1.010621
Layer 1: mean node feature std = 0.573607
Layer 0: mean node feature std = 0.978486
Layer 1: mean node feature std = 0.554512
Epoch 454 | loss=1230.9158 | 1333.2961
Layer 0: mean node feature std = 0.989887
Layer 1: mean node feature std = 0.561448
Layer 0: mean node feature std = 1.026775
Layer 1: mean node feature std = 0.583418
Layer 0: mean node feature std = 0.965995
Layer 1: mean node feature std = 0.546895
Layer 0: mean node feature std = 1.022680
Layer 1: mean node feature std = 0.581282
Layer 0: mean node feature std = 0.981146
Layer 1: mean node feature std = 0.556188
Layer 0: mean node feature std = 1.018978
Layer 1: mean node feature std = 0.579098
Layer 0: mean node feature std = 1.036209
Layer 1: mean node feature std = 0.589427
Layer 0: mean node feature std = 0.972569
Layer 1: mean node feature std = 0.551106
Layer 0: mean node feature std = 0.996731
Layer 1: mean node feature std = 0.565450
Layer 0: mean node feature std = 0.971372
Layer 1: mean node feature std = 0.550728
Layer 0: mean node feature std = 0.980085
Layer 1: mean node feature std = 0.555871
Layer 0: mean node feature std = 0.995285
Layer 1: mean node feature std = 0.564983
Layer 0: mean node feature std = 1.024899
Layer 1: mean node feature std = 0.583243
Layer 0: mean node feature std = 0.972227
Layer 1: mean node feature std = 0.551414
Layer 0: mean node feature std = 0.990352
Layer 1: mean node feature std = 0.562221
Layer 0: mean node feature std = 0.936113
Layer 1: mean node feature std = 0.529410
Epoch 455 | loss=1242.0565 | 1812.2437
Layer 0: mean node feature std = 0.996889
Layer 1: mean node feature std = 0.566557
Layer 0: mean node feature std = 1.031112
Layer 1: mean node feature std = 0.587023
Layer 0: mean node feature std = 1.012141
Layer 1: mean node feature std = 0.575850
Layer 0: mean node feature std = 0.979866
Layer 1: mean node feature std = 0.556267
Layer 0: mean node feature std = 1.010138
Layer 1: mean node feature std = 0.574636
Layer 0: mean node feature std = 0.983069
Layer 1: mean node feature std = 0.558267
Layer 0: mean node feature std = 0.972258
Layer 1: mean node feature std = 0.551718
Layer 0: mean node feature std = 0.998936
Layer 1: mean node feature std = 0.567783
Layer 0: mean node feature std = 0.985732
Layer 1: mean node feature std = 0.560086
Layer 0: mean node feature std = 0.999853
Layer 1: mean node feature std = 0.568465
Layer 0: mean node feature std = 0.986621
Layer 1: mean node feature std = 0.560773
Layer 0: mean node feature std = 0.991535
Layer 1: mean node feature std = 0.564001
Layer 0: mean node feature std = 0.998316
Layer 1: mean node feature std = 0.567909
Layer 0: mean node feature std = 1.006436
Layer 1: mean node feature std = 0.573225
Layer 0: mean node feature std = 0.977280
Layer 1: mean node feature std = 0.555129
Layer 0: mean node feature std = 1.016150
Layer 1: mean node feature std = 0.578560
Epoch 456 | loss=1243.4956 | 1341.3748
Layer 0: mean node feature std = 0.978010
Layer 1: mean node feature std = 0.556059
Layer 0: mean node feature std = 0.982290
Layer 1: mean node feature std = 0.558575
Layer 0: mean node feature std = 0.999248
Layer 1: mean node feature std = 0.568919
Layer 0: mean node feature std = 0.997949
Layer 1: mean node feature std = 0.568103
Layer 0: mean node feature std = 1.000640
Layer 1: mean node feature std = 0.569886
Layer 0: mean node feature std = 1.009726
Layer 1: mean node feature std = 0.575207
Layer 0: mean node feature std = 0.993275
Layer 1: mean node feature std = 0.565099
Layer 0: mean node feature std = 1.016387
Layer 1: mean node feature std = 0.579567
Layer 0: mean node feature std = 0.996642
Layer 1: mean node feature std = 0.567732
Layer 0: mean node feature std = 1.000086
Layer 1: mean node feature std = 0.569753
Layer 0: mean node feature std = 0.990579
Layer 1: mean node feature std = 0.563907
Layer 0: mean node feature std = 1.017134
Layer 1: mean node feature std = 0.580246
Layer 0: mean node feature std = 0.987362
Layer 1: mean node feature std = 0.562256
Layer 0: mean node feature std = 0.995592
Layer 1: mean node feature std = 0.567325
Layer 0: mean node feature std = 0.978517
Layer 1: mean node feature std = 0.556976
Layer 0: mean node feature std = 0.945451
Layer 1: mean node feature std = 0.537032
Epoch 457 | loss=1236.8610 | 1315.9497
Layer 0: mean node feature std = 0.993871
Layer 1: mean node feature std = 0.566102
Layer 0: mean node feature std = 0.968434
Layer 1: mean node feature std = 0.550920
Layer 0: mean node feature std = 1.008599
Layer 1: mean node feature std = 0.575458
Layer 0: mean node feature std = 0.978549
Layer 1: mean node feature std = 0.557271
Layer 0: mean node feature std = 1.009628
Layer 1: mean node feature std = 0.576063
Layer 0: mean node feature std = 1.024408
Layer 1: mean node feature std = 0.585249
Layer 0: mean node feature std = 0.987460
Layer 1: mean node feature std = 0.562572
Layer 0: mean node feature std = 0.996864
Layer 1: mean node feature std = 0.568697
Layer 0: mean node feature std = 0.996486
Layer 1: mean node feature std = 0.568597
Layer 0: mean node feature std = 1.007374
Layer 1: mean node feature std = 0.575347
Layer 0: mean node feature std = 0.987354
Layer 1: mean node feature std = 0.563259
Layer 0: mean node feature std = 0.980284
Layer 1: mean node feature std = 0.559311
Layer 0: mean node feature std = 1.020951
Layer 1: mean node feature std = 0.583480
Layer 0: mean node feature std = 0.987568
Layer 1: mean node feature std = 0.563764
Layer 0: mean node feature std = 0.994908
Layer 1: mean node feature std = 0.567713
Layer 0: mean node feature std = 0.949184
Layer 1: mean node feature std = 0.539866
Epoch 458 | loss=1248.2646 | 1584.7511
Layer 0: mean node feature std = 0.998664
Layer 1: mean node feature std = 0.570406
Layer 0: mean node feature std = 1.023499
Layer 1: mean node feature std = 0.585127
Layer 0: mean node feature std = 1.027273
Layer 1: mean node feature std = 0.588054
Layer 0: mean node feature std = 1.023685
Layer 1: mean node feature std = 0.585736
Layer 0: mean node feature std = 0.996025
Layer 1: mean node feature std = 0.569169
Layer 0: mean node feature std = 0.986763
Layer 1: mean node feature std = 0.563410
Layer 0: mean node feature std = 0.974108
Layer 1: mean node feature std = 0.555709
Layer 0: mean node feature std = 0.983272
Layer 1: mean node feature std = 0.561318
Layer 0: mean node feature std = 1.002146
Layer 1: mean node feature std = 0.573076
Layer 0: mean node feature std = 0.978099
Layer 1: mean node feature std = 0.558419
Layer 0: mean node feature std = 1.005965
Layer 1: mean node feature std = 0.575253
Layer 0: mean node feature std = 0.981759
Layer 1: mean node feature std = 0.560840
Layer 0: mean node feature std = 0.968231
Layer 1: mean node feature std = 0.552662
Layer 0: mean node feature std = 0.985202
Layer 1: mean node feature std = 0.562943
Layer 0: mean node feature std = 0.999652
Layer 1: mean node feature std = 0.571844
Layer 0: mean node feature std = 0.993957
Layer 1: mean node feature std = 0.568014
Epoch 459 | loss=1208.7139 | 1329.6540
Layer 0: mean node feature std = 0.969732
Layer 1: mean node feature std = 0.553769
Layer 0: mean node feature std = 1.005084
Layer 1: mean node feature std = 0.575310
Layer 0: mean node feature std = 0.994609
Layer 1: mean node feature std = 0.568781
Layer 0: mean node feature std = 1.002543
Layer 1: mean node feature std = 0.573916
Layer 0: mean node feature std = 0.985534
Layer 1: mean node feature std = 0.563763
Layer 0: mean node feature std = 0.994108
Layer 1: mean node feature std = 0.569123
Layer 0: mean node feature std = 1.010332
Layer 1: mean node feature std = 0.578755
Layer 0: mean node feature std = 0.989465
Layer 1: mean node feature std = 0.566033
Layer 0: mean node feature std = 0.993890
Layer 1: mean node feature std = 0.568875
Layer 0: mean node feature std = 0.990347
Layer 1: mean node feature std = 0.567001
Layer 0: mean node feature std = 1.006679
Layer 1: mean node feature std = 0.576827
Layer 0: mean node feature std = 0.979538
Layer 1: mean node feature std = 0.560305
Layer 0: mean node feature std = 1.010094
Layer 1: mean node feature std = 0.579016
Layer 0: mean node feature std = 1.010186
Layer 1: mean node feature std = 0.579293
Layer 0: mean node feature std = 0.984773
Layer 1: mean node feature std = 0.563564
Layer 0: mean node feature std = 1.033573
Layer 1: mean node feature std = 0.592909
Epoch 460 | loss=1217.3438 | 1348.0144
Layer 0: mean node feature std = 1.015279
Layer 1: mean node feature std = 0.582420
Layer 0: mean node feature std = 1.009213
Layer 1: mean node feature std = 0.578901
Layer 0: mean node feature std = 0.981735
Layer 1: mean node feature std = 0.562198
Layer 0: mean node feature std = 0.980521
Layer 1: mean node feature std = 0.561316
Layer 0: mean node feature std = 0.975293
Layer 1: mean node feature std = 0.558431
Layer 0: mean node feature std = 0.978712
Layer 1: mean node feature std = 0.560492
Layer 0: mean node feature std = 1.007418
Layer 1: mean node feature std = 0.577983
Layer 0: mean node feature std = 0.978650
Layer 1: mean node feature std = 0.560677
Layer 0: mean node feature std = 1.020976
Layer 1: mean node feature std = 0.586336
Layer 0: mean node feature std = 0.955584
Layer 1: mean node feature std = 0.546554
Layer 0: mean node feature std = 0.997879
Layer 1: mean node feature std = 0.572835
Layer 0: mean node feature std = 1.050091
Layer 1: mean node feature std = 0.604178
Layer 0: mean node feature std = 1.009888
Layer 1: mean node feature std = 0.580106
Layer 0: mean node feature std = 0.982353
Layer 1: mean node feature std = 0.563345
Layer 0: mean node feature std = 0.993438
Layer 1: mean node feature std = 0.570089
Layer 0: mean node feature std = 0.979625
Layer 1: mean node feature std = 0.561672
Epoch 461 | loss=1210.3600 | 1316.0231
Layer 0: mean node feature std = 1.008199
Layer 1: mean node feature std = 0.579245
Layer 0: mean node feature std = 0.991794
Layer 1: mean node feature std = 0.569212
Layer 0: mean node feature std = 0.993235
Layer 1: mean node feature std = 0.569974
Layer 0: mean node feature std = 1.007995
Layer 1: mean node feature std = 0.579197
Layer 0: mean node feature std = 0.979900
Layer 1: mean node feature std = 0.562191
Layer 0: mean node feature std = 0.990895
Layer 1: mean node feature std = 0.569031
Layer 0: mean node feature std = 0.999143
Layer 1: mean node feature std = 0.574191
Layer 0: mean node feature std = 0.996447
Layer 1: mean node feature std = 0.572713
Layer 0: mean node feature std = 0.985000
Layer 1: mean node feature std = 0.565444
Layer 0: mean node feature std = 0.977627
Layer 1: mean node feature std = 0.561093
Layer 0: mean node feature std = 1.006702
Layer 1: mean node feature std = 0.578825
Layer 0: mean node feature std = 0.988166
Layer 1: mean node feature std = 0.567511
Layer 0: mean node feature std = 1.007201
Layer 1: mean node feature std = 0.579382
Layer 0: mean node feature std = 1.007521
Layer 1: mean node feature std = 0.579421
Layer 0: mean node feature std = 0.993530
Layer 1: mean node feature std = 0.570791
Layer 0: mean node feature std = 0.999218
Layer 1: mean node feature std = 0.574362
Epoch 462 | loss=1229.7273 | 1730.3651
Layer 0: mean node feature std = 1.041314
Layer 1: mean node feature std = 0.599946
Layer 0: mean node feature std = 0.994076
Layer 1: mean node feature std = 0.571443
Layer 0: mean node feature std = 0.994578
Layer 1: mean node feature std = 0.571762
Layer 0: mean node feature std = 0.976370
Layer 1: mean node feature std = 0.560792
Layer 0: mean node feature std = 0.955391
Layer 1: mean node feature std = 0.547637
Layer 0: mean node feature std = 1.024814
Layer 1: mean node feature std = 0.590917
Layer 0: mean node feature std = 0.971729
Layer 1: mean node feature std = 0.557999
Layer 0: mean node feature std = 0.996036
Layer 1: mean node feature std = 0.573079
Layer 0: mean node feature std = 1.025631
Layer 1: mean node feature std = 0.591241
Layer 0: mean node feature std = 1.010400
Layer 1: mean node feature std = 0.581968
Layer 0: mean node feature std = 0.985499
Layer 1: mean node feature std = 0.566852
Layer 0: mean node feature std = 0.970868
Layer 1: mean node feature std = 0.557871
Layer 0: mean node feature std = 0.983792
Layer 1: mean node feature std = 0.565761
Layer 0: mean node feature std = 1.013236
Layer 1: mean node feature std = 0.584020
Layer 0: mean node feature std = 0.989050
Layer 1: mean node feature std = 0.569098
Layer 0: mean node feature std = 1.002281
Layer 1: mean node feature std = 0.577639
Epoch 463 | loss=1220.8140 | 1955.5342
Layer 0: mean node feature std = 1.000645
Layer 1: mean node feature std = 0.576472
Layer 0: mean node feature std = 1.004314
Layer 1: mean node feature std = 0.578523
Layer 0: mean node feature std = 0.987560
Layer 1: mean node feature std = 0.568305
Layer 0: mean node feature std = 0.992129
Layer 1: mean node feature std = 0.571428
Layer 0: mean node feature std = 0.983575
Layer 1: mean node feature std = 0.565951
Layer 0: mean node feature std = 1.005913
Layer 1: mean node feature std = 0.579571
Layer 0: mean node feature std = 0.983356
Layer 1: mean node feature std = 0.566092
Layer 0: mean node feature std = 1.000333
Layer 1: mean node feature std = 0.576498
Layer 0: mean node feature std = 0.996701
Layer 1: mean node feature std = 0.574244
Layer 0: mean node feature std = 0.985444
Layer 1: mean node feature std = 0.567648
Layer 0: mean node feature std = 0.972452
Layer 1: mean node feature std = 0.559609
Layer 0: mean node feature std = 1.028641
Layer 1: mean node feature std = 0.594039
Layer 0: mean node feature std = 0.970096
Layer 1: mean node feature std = 0.558321
Layer 0: mean node feature std = 1.017101
Layer 1: mean node feature std = 0.587061
Layer 0: mean node feature std = 0.994216
Layer 1: mean node feature std = 0.572990
Layer 0: mean node feature std = 1.057254
Layer 1: mean node feature std = 0.611989
Epoch 464 | loss=1226.0843 | 1334.7101
Layer 0: mean node feature std = 0.986970
Layer 1: mean node feature std = 0.568689
Layer 0: mean node feature std = 0.979629
Layer 1: mean node feature std = 0.564492
Layer 0: mean node feature std = 0.989412
Layer 1: mean node feature std = 0.570416
Layer 0: mean node feature std = 0.989693
Layer 1: mean node feature std = 0.570632
Layer 0: mean node feature std = 0.993291
Layer 1: mean node feature std = 0.573190
Layer 0: mean node feature std = 1.004559
Layer 1: mean node feature std = 0.579777
Layer 0: mean node feature std = 0.994562
Layer 1: mean node feature std = 0.573690
Layer 0: mean node feature std = 1.008616
Layer 1: mean node feature std = 0.582110
Layer 0: mean node feature std = 0.995764
Layer 1: mean node feature std = 0.574557
Layer 0: mean node feature std = 1.019362
Layer 1: mean node feature std = 0.589093
Layer 0: mean node feature std = 0.982674
Layer 1: mean node feature std = 0.566632
Layer 0: mean node feature std = 1.010703
Layer 1: mean node feature std = 0.583825
Layer 0: mean node feature std = 1.011250
Layer 1: mean node feature std = 0.584491
Layer 0: mean node feature std = 0.978733
Layer 1: mean node feature std = 0.564298
Layer 0: mean node feature std = 0.984018
Layer 1: mean node feature std = 0.568174
Layer 0: mean node feature std = 1.021193
Layer 1: mean node feature std = 0.590475
Epoch 465 | loss=1256.6672 | 1314.8849
Layer 0: mean node feature std = 0.989184
Layer 1: mean node feature std = 0.571133
Layer 0: mean node feature std = 1.026314
Layer 1: mean node feature std = 0.593680
Layer 0: mean node feature std = 1.003853
Layer 1: mean node feature std = 0.580489
Layer 0: mean node feature std = 1.019125
Layer 1: mean node feature std = 0.589494
Layer 0: mean node feature std = 0.987055
Layer 1: mean node feature std = 0.569852
Layer 0: mean node feature std = 1.007471
Layer 1: mean node feature std = 0.582514
Layer 0: mean node feature std = 0.975508
Layer 1: mean node feature std = 0.562880
Layer 0: mean node feature std = 1.013227
Layer 1: mean node feature std = 0.586552
Layer 0: mean node feature std = 0.990754
Layer 1: mean node feature std = 0.572279
Layer 0: mean node feature std = 0.991493
Layer 1: mean node feature std = 0.572791
Layer 0: mean node feature std = 0.998314
Layer 1: mean node feature std = 0.577232
Layer 0: mean node feature std = 1.010159
Layer 1: mean node feature std = 0.584734
Layer 0: mean node feature std = 0.970595
Layer 1: mean node feature std = 0.560476
Layer 0: mean node feature std = 0.993611
Layer 1: mean node feature std = 0.574666
Layer 0: mean node feature std = 0.960788
Layer 1: mean node feature std = 0.554590
Layer 0: mean node feature std = 0.977385
Layer 1: mean node feature std = 0.564965
Epoch 466 | loss=1198.5699 | 1356.1251
Layer 0: mean node feature std = 0.986261
Layer 1: mean node feature std = 0.570317
Layer 0: mean node feature std = 1.005644
Layer 1: mean node feature std = 0.582059
Layer 0: mean node feature std = 1.012472
Layer 1: mean node feature std = 0.586443
Layer 0: mean node feature std = 0.977005
Layer 1: mean node feature std = 0.564756
Layer 0: mean node feature std = 0.988096
Layer 1: mean node feature std = 0.571417
Layer 0: mean node feature std = 0.999377
Layer 1: mean node feature std = 0.578681
Layer 0: mean node feature std = 0.997610
Layer 1: mean node feature std = 0.577730
Layer 0: mean node feature std = 0.972818
Layer 1: mean node feature std = 0.562460
Layer 0: mean node feature std = 0.989368
Layer 1: mean node feature std = 0.572136
Layer 0: mean node feature std = 0.989465
Layer 1: mean node feature std = 0.573097
Layer 0: mean node feature std = 0.997432
Layer 1: mean node feature std = 0.577890
Layer 0: mean node feature std = 0.987254
Layer 1: mean node feature std = 0.571723
Layer 0: mean node feature std = 0.996970
Layer 1: mean node feature std = 0.577711
Layer 0: mean node feature std = 1.030217
Layer 1: mean node feature std = 0.598178
Layer 0: mean node feature std = 1.006963
Layer 1: mean node feature std = 0.583713
Layer 0: mean node feature std = 0.980047
Layer 1: mean node feature std = 0.567063
Epoch 467 | loss=1238.7799 | 1556.8357
Layer 0: mean node feature std = 1.010966
Layer 1: mean node feature std = 0.586353
Layer 0: mean node feature std = 0.974874
Layer 1: mean node feature std = 0.564107
Layer 0: mean node feature std = 0.993811
Layer 1: mean node feature std = 0.575730
Layer 0: mean node feature std = 0.975938
Layer 1: mean node feature std = 0.564942
Layer 0: mean node feature std = 0.985798
Layer 1: mean node feature std = 0.571385
Layer 0: mean node feature std = 1.003429
Layer 1: mean node feature std = 0.581871
Layer 0: mean node feature std = 1.002658
Layer 1: mean node feature std = 0.581528
Layer 0: mean node feature std = 0.996299
Layer 1: mean node feature std = 0.577541
Layer 0: mean node feature std = 0.993678
Layer 1: mean node feature std = 0.576588
Layer 0: mean node feature std = 0.995905
Layer 1: mean node feature std = 0.577720
Layer 0: mean node feature std = 0.992279
Layer 1: mean node feature std = 0.575608
Layer 0: mean node feature std = 1.007180
Layer 1: mean node feature std = 0.584624
Layer 0: mean node feature std = 1.005401
Layer 1: mean node feature std = 0.583795
Layer 0: mean node feature std = 1.013102
Layer 1: mean node feature std = 0.588336
Layer 0: mean node feature std = 0.986399
Layer 1: mean node feature std = 0.572289
Layer 0: mean node feature std = 0.975952
Layer 1: mean node feature std = 0.565849
Epoch 468 | loss=1208.8647 | 1298.8726
Layer 0: mean node feature std = 1.008079
Layer 1: mean node feature std = 0.585459
Layer 0: mean node feature std = 0.974866
Layer 1: mean node feature std = 0.565246
Layer 0: mean node feature std = 0.998139
Layer 1: mean node feature std = 0.579667
Layer 0: mean node feature std = 1.004315
Layer 1: mean node feature std = 0.583513
Layer 0: mean node feature std = 0.997132
Layer 1: mean node feature std = 0.579096
Layer 0: mean node feature std = 0.989131
Layer 1: mean node feature std = 0.574177
Layer 0: mean node feature std = 1.004057
Layer 1: mean node feature std = 0.583431
Layer 0: mean node feature std = 0.992904
Layer 1: mean node feature std = 0.576711
Layer 0: mean node feature std = 1.003675
Layer 1: mean node feature std = 0.583484
Layer 0: mean node feature std = 1.001420
Layer 1: mean node feature std = 0.582393
Layer 0: mean node feature std = 1.001269
Layer 1: mean node feature std = 0.582221
Layer 0: mean node feature std = 1.001441
Layer 1: mean node feature std = 0.582384
Layer 0: mean node feature std = 0.991852
Layer 1: mean node feature std = 0.576535
Layer 0: mean node feature std = 0.980960
Layer 1: mean node feature std = 0.569437
Layer 0: mean node feature std = 0.979423
Layer 1: mean node feature std = 0.568859
Layer 0: mean node feature std = 1.024250
Layer 1: mean node feature std = 0.596480
Epoch 469 | loss=1264.9215 | 1535.4956
Layer 0: mean node feature std = 0.983353
Layer 1: mean node feature std = 0.571166
Layer 0: mean node feature std = 0.981771
Layer 1: mean node feature std = 0.570555
Layer 0: mean node feature std = 0.997211
Layer 1: mean node feature std = 0.580423
Layer 0: mean node feature std = 1.002322
Layer 1: mean node feature std = 0.583501
Layer 0: mean node feature std = 0.986050
Layer 1: mean node feature std = 0.573421
Layer 0: mean node feature std = 1.012380
Layer 1: mean node feature std = 0.589963
Layer 0: mean node feature std = 1.015609
Layer 1: mean node feature std = 0.591923
Layer 0: mean node feature std = 0.998686
Layer 1: mean node feature std = 0.581231
Layer 0: mean node feature std = 1.000481
Layer 1: mean node feature std = 0.582445
Layer 0: mean node feature std = 0.968512
Layer 1: mean node feature std = 0.562542
Layer 0: mean node feature std = 1.003251
Layer 1: mean node feature std = 0.584124
Layer 0: mean node feature std = 1.016384
Layer 1: mean node feature std = 0.592265
Layer 0: mean node feature std = 0.978085
Layer 1: mean node feature std = 0.568805
Layer 0: mean node feature std = 0.982533
Layer 1: mean node feature std = 0.571473
Layer 0: mean node feature std = 1.008996
Layer 1: mean node feature std = 0.588172
Layer 0: mean node feature std = 0.987134
Layer 1: mean node feature std = 0.574399
Epoch 470 | loss=1217.8924 | 1318.2725
Layer 0: mean node feature std = 1.010438
Layer 1: mean node feature std = 0.589308
Layer 0: mean node feature std = 1.007678
Layer 1: mean node feature std = 0.587489
Layer 0: mean node feature std = 0.978437
Layer 1: mean node feature std = 0.569547
Layer 0: mean node feature std = 1.012901
Layer 1: mean node feature std = 0.590790
Layer 0: mean node feature std = 1.006262
Layer 1: mean node feature std = 0.586793
Layer 0: mean node feature std = 0.991107
Layer 1: mean node feature std = 0.577544
Layer 0: mean node feature std = 0.994083
Layer 1: mean node feature std = 0.579159
Layer 0: mean node feature std = 1.000934
Layer 1: mean node feature std = 0.583697
Layer 0: mean node feature std = 1.004752
Layer 1: mean node feature std = 0.586265
Layer 0: mean node feature std = 0.992201
Layer 1: mean node feature std = 0.578340
Layer 0: mean node feature std = 0.980478
Layer 1: mean node feature std = 0.571206
Layer 0: mean node feature std = 0.991001
Layer 1: mean node feature std = 0.577918
Layer 0: mean node feature std = 0.979532
Layer 1: mean node feature std = 0.570789
Layer 0: mean node feature std = 0.972605
Layer 1: mean node feature std = 0.566402
Layer 0: mean node feature std = 1.013403
Layer 1: mean node feature std = 0.591847
Layer 0: mean node feature std = 0.986119
Layer 1: mean node feature std = 0.574631
Epoch 471 | loss=1199.7888 | 1406.7555
Layer 0: mean node feature std = 1.009436
Layer 1: mean node feature std = 0.589370
Layer 0: mean node feature std = 1.013515
Layer 1: mean node feature std = 0.592211
Layer 0: mean node feature std = 1.011190
Layer 1: mean node feature std = 0.590553
Layer 0: mean node feature std = 0.979816
Layer 1: mean node feature std = 0.571156
Layer 0: mean node feature std = 0.975994
Layer 1: mean node feature std = 0.568922
Layer 0: mean node feature std = 0.975487
Layer 1: mean node feature std = 0.568859
Layer 0: mean node feature std = 1.019205
Layer 1: mean node feature std = 0.596099
Layer 0: mean node feature std = 1.005427
Layer 1: mean node feature std = 0.587504
Layer 0: mean node feature std = 0.984390
Layer 1: mean node feature std = 0.574503
Layer 0: mean node feature std = 0.993882
Layer 1: mean node feature std = 0.580649
Layer 0: mean node feature std = 0.979586
Layer 1: mean node feature std = 0.571850
Layer 0: mean node feature std = 0.981321
Layer 1: mean node feature std = 0.572692
Layer 0: mean node feature std = 1.015491
Layer 1: mean node feature std = 0.594055
Layer 0: mean node feature std = 1.003602
Layer 1: mean node feature std = 0.586605
Layer 0: mean node feature std = 0.983753
Layer 1: mean node feature std = 0.574495
Layer 0: mean node feature std = 1.005943
Layer 1: mean node feature std = 0.588622
Epoch 472 | loss=1204.4960 | 1307.4081
Layer 0: mean node feature std = 0.972694
Layer 1: mean node feature std = 0.567444
Layer 0: mean node feature std = 0.999355
Layer 1: mean node feature std = 0.584182
Layer 0: mean node feature std = 1.023368
Layer 1: mean node feature std = 0.599400
Layer 0: mean node feature std = 0.978480
Layer 1: mean node feature std = 0.571217
Layer 0: mean node feature std = 0.997912
Layer 1: mean node feature std = 0.583420
Layer 0: mean node feature std = 1.014691
Layer 1: mean node feature std = 0.594047
Layer 0: mean node feature std = 0.978336
Layer 1: mean node feature std = 0.571491
Layer 0: mean node feature std = 1.031915
Layer 1: mean node feature std = 0.604766
Layer 0: mean node feature std = 1.004998
Layer 1: mean node feature std = 0.588083
Layer 0: mean node feature std = 0.979462
Layer 1: mean node feature std = 0.572248
Layer 0: mean node feature std = 0.967784
Layer 1: mean node feature std = 0.565247
Layer 0: mean node feature std = 0.974116
Layer 1: mean node feature std = 0.569187
Layer 0: mean node feature std = 1.014112
Layer 1: mean node feature std = 0.594071
Layer 0: mean node feature std = 0.994902
Layer 1: mean node feature std = 0.582102
Layer 0: mean node feature std = 1.003013
Layer 1: mean node feature std = 0.587270
Layer 0: mean node feature std = 0.989729
Layer 1: mean node feature std = 0.578862
Epoch 473 | loss=1220.2551 | 1401.3660
Layer 0: mean node feature std = 0.988537
Layer 1: mean node feature std = 0.578279
Layer 0: mean node feature std = 0.989653
Layer 1: mean node feature std = 0.578970
Layer 0: mean node feature std = 1.002500
Layer 1: mean node feature std = 0.587061
Layer 0: mean node feature std = 0.978557
Layer 1: mean node feature std = 0.571979
Layer 0: mean node feature std = 0.997535
Layer 1: mean node feature std = 0.584045
Layer 0: mean node feature std = 0.997267
Layer 1: mean node feature std = 0.584075
Layer 0: mean node feature std = 0.999818
Layer 1: mean node feature std = 0.585613
Layer 0: mean node feature std = 0.986308
Layer 1: mean node feature std = 0.577283
Layer 0: mean node feature std = 0.988404
Layer 1: mean node feature std = 0.578708
Layer 0: mean node feature std = 1.017738
Layer 1: mean node feature std = 0.597211
Layer 0: mean node feature std = 1.004286
Layer 1: mean node feature std = 0.588654
Layer 0: mean node feature std = 0.994565
Layer 1: mean node feature std = 0.582503
Layer 0: mean node feature std = 0.998920
Layer 1: mean node feature std = 0.585638
Layer 0: mean node feature std = 1.001480
Layer 1: mean node feature std = 0.587224
Layer 0: mean node feature std = 0.988902
Layer 1: mean node feature std = 0.579346
Layer 0: mean node feature std = 0.993278
Layer 1: mean node feature std = 0.581575
Epoch 474 | loss=1191.8247 | 1502.7875
Layer 0: mean node feature std = 1.020898
Layer 1: mean node feature std = 0.599275
Layer 0: mean node feature std = 0.978692
Layer 1: mean node feature std = 0.573047
Layer 0: mean node feature std = 0.977541
Layer 1: mean node feature std = 0.572468
Layer 0: mean node feature std = 0.984504
Layer 1: mean node feature std = 0.577098
Layer 0: mean node feature std = 0.986531
Layer 1: mean node feature std = 0.578150
Layer 0: mean node feature std = 0.972910
Layer 1: mean node feature std = 0.569886
Layer 0: mean node feature std = 0.992507
Layer 1: mean node feature std = 0.581818
Layer 0: mean node feature std = 0.981988
Layer 1: mean node feature std = 0.575584
Layer 0: mean node feature std = 1.006640
Layer 1: mean node feature std = 0.590804
Layer 0: mean node feature std = 1.004587
Layer 1: mean node feature std = 0.589660
Layer 0: mean node feature std = 1.007545
Layer 1: mean node feature std = 0.591570
Layer 0: mean node feature std = 0.994518
Layer 1: mean node feature std = 0.583401
Layer 0: mean node feature std = 1.018485
Layer 1: mean node feature std = 0.598742
Layer 0: mean node feature std = 0.997528
Layer 1: mean node feature std = 0.585707
Layer 0: mean node feature std = 1.002352
Layer 1: mean node feature std = 0.588946
Layer 0: mean node feature std = 1.031912
Layer 1: mean node feature std = 0.607059
Epoch 475 | loss=1192.5749 | 1721.4017
Layer 0: mean node feature std = 1.000439
Layer 1: mean node feature std = 0.587958
Layer 0: mean node feature std = 1.009162
Layer 1: mean node feature std = 0.593109
Layer 0: mean node feature std = 1.008484
Layer 1: mean node feature std = 0.592705
Layer 0: mean node feature std = 1.004247
Layer 1: mean node feature std = 0.590049
Layer 0: mean node feature std = 0.989208
Layer 1: mean node feature std = 0.580621
Layer 0: mean node feature std = 0.974496
Layer 1: mean node feature std = 0.571774
Layer 0: mean node feature std = 0.986576
Layer 1: mean node feature std = 0.579398
Layer 0: mean node feature std = 1.019153
Layer 1: mean node feature std = 0.599756
Layer 0: mean node feature std = 1.011400
Layer 1: mean node feature std = 0.594818
Layer 0: mean node feature std = 0.976143
Layer 1: mean node feature std = 0.572888
Layer 0: mean node feature std = 0.970921
Layer 1: mean node feature std = 0.569897
Layer 0: mean node feature std = 0.981299
Layer 1: mean node feature std = 0.576364
Layer 0: mean node feature std = 0.972496
Layer 1: mean node feature std = 0.570940
Layer 0: mean node feature std = 1.024131
Layer 1: mean node feature std = 0.603229
Layer 0: mean node feature std = 1.016236
Layer 1: mean node feature std = 0.598444
Layer 0: mean node feature std = 0.940370
Layer 1: mean node feature std = 0.551326
Epoch 476 | loss=1217.9312 | 1344.8877
Layer 0: mean node feature std = 1.003977
Layer 1: mean node feature std = 0.591222
Layer 0: mean node feature std = 0.992648
Layer 1: mean node feature std = 0.583869
Layer 0: mean node feature std = 0.972343
Layer 1: mean node feature std = 0.571138
Layer 0: mean node feature std = 0.988299
Layer 1: mean node feature std = 0.581273
Layer 0: mean node feature std = 0.988663
Layer 1: mean node feature std = 0.581780
Layer 0: mean node feature std = 0.991558
Layer 1: mean node feature std = 0.583428
Layer 0: mean node feature std = 1.033147
Layer 1: mean node feature std = 0.609520
Layer 0: mean node feature std = 1.024850
Layer 1: mean node feature std = 0.604093
Layer 0: mean node feature std = 1.004216
Layer 1: mean node feature std = 0.591624
Layer 0: mean node feature std = 0.993084
Layer 1: mean node feature std = 0.584704
Layer 0: mean node feature std = 0.989302
Layer 1: mean node feature std = 0.582325
Layer 0: mean node feature std = 0.984906
Layer 1: mean node feature std = 0.579836
Layer 0: mean node feature std = 0.991384
Layer 1: mean node feature std = 0.583408
Layer 0: mean node feature std = 0.991985
Layer 1: mean node feature std = 0.584121
Layer 0: mean node feature std = 0.982483
Layer 1: mean node feature std = 0.578314
Layer 0: mean node feature std = 1.001948
Layer 1: mean node feature std = 0.590703
Epoch 477 | loss=1187.2057 | 1308.9020
Layer 0: mean node feature std = 0.991253
Layer 1: mean node feature std = 0.583735
Layer 0: mean node feature std = 0.989937
Layer 1: mean node feature std = 0.583110
Layer 0: mean node feature std = 0.994510
Layer 1: mean node feature std = 0.586005
Layer 0: mean node feature std = 1.005652
Layer 1: mean node feature std = 0.593332
Layer 0: mean node feature std = 0.990538
Layer 1: mean node feature std = 0.583755
Layer 0: mean node feature std = 0.987256
Layer 1: mean node feature std = 0.581637
Layer 0: mean node feature std = 1.032040
Layer 1: mean node feature std = 0.609830
Layer 0: mean node feature std = 1.027970
Layer 1: mean node feature std = 0.607413
Layer 0: mean node feature std = 0.978354
Layer 1: mean node feature std = 0.576685
Layer 0: mean node feature std = 0.969210
Layer 1: mean node feature std = 0.570532
Layer 0: mean node feature std = 1.013911
Layer 1: mean node feature std = 0.598825
Layer 0: mean node feature std = 0.971305
Layer 1: mean node feature std = 0.572236
Layer 0: mean node feature std = 0.982415
Layer 1: mean node feature std = 0.579011
Layer 0: mean node feature std = 0.984748
Layer 1: mean node feature std = 0.580563
Layer 0: mean node feature std = 1.012494
Layer 1: mean node feature std = 0.598136
Layer 0: mean node feature std = 1.008626
Layer 1: mean node feature std = 0.595983
Epoch 478 | loss=1226.9912 | 1368.0266
Layer 0: mean node feature std = 1.000728
Layer 1: mean node feature std = 0.590784
Layer 0: mean node feature std = 0.986863
Layer 1: mean node feature std = 0.581969
Layer 0: mean node feature std = 0.985343
Layer 1: mean node feature std = 0.581145
Layer 0: mean node feature std = 1.017523
Layer 1: mean node feature std = 0.601383
Layer 0: mean node feature std = 1.003257
Layer 1: mean node feature std = 0.592605
Layer 0: mean node feature std = 1.007549
Layer 1: mean node feature std = 0.595479
Layer 0: mean node feature std = 0.999459
Layer 1: mean node feature std = 0.590095
Layer 0: mean node feature std = 1.019495
Layer 1: mean node feature std = 0.603103
Layer 0: mean node feature std = 0.974309
Layer 1: mean node feature std = 0.574470
Layer 0: mean node feature std = 0.962965
Layer 1: mean node feature std = 0.567784
Layer 0: mean node feature std = 0.993551
Layer 1: mean node feature std = 0.587119
Layer 0: mean node feature std = 0.987763
Layer 1: mean node feature std = 0.583477
Layer 0: mean node feature std = 1.003098
Layer 1: mean node feature std = 0.593213
Layer 0: mean node feature std = 0.984724
Layer 1: mean node feature std = 0.581705
Layer 0: mean node feature std = 1.007118
Layer 1: mean node feature std = 0.595670
Layer 0: mean node feature std = 0.997149
Layer 1: mean node feature std = 0.589367
Epoch 479 | loss=1195.3986 | 1295.2758
Layer 0: mean node feature std = 0.996362
Layer 1: mean node feature std = 0.589104
Layer 0: mean node feature std = 1.009763
Layer 1: mean node feature std = 0.597511
Layer 0: mean node feature std = 0.949256
Layer 1: mean node feature std = 0.559400
Layer 0: mean node feature std = 0.993927
Layer 1: mean node feature std = 0.587645
Layer 0: mean node feature std = 0.996659
Layer 1: mean node feature std = 0.589305
Layer 0: mean node feature std = 1.000953
Layer 1: mean node feature std = 0.592072
Layer 0: mean node feature std = 0.976532
Layer 1: mean node feature std = 0.576793
Layer 0: mean node feature std = 1.007172
Layer 1: mean node feature std = 0.596340
Layer 0: mean node feature std = 1.009522
Layer 1: mean node feature std = 0.597691
Layer 0: mean node feature std = 0.994368
Layer 1: mean node feature std = 0.588071
Layer 0: mean node feature std = 1.024761
Layer 1: mean node feature std = 0.607706
Layer 0: mean node feature std = 1.006254
Layer 1: mean node feature std = 0.595874
Layer 0: mean node feature std = 1.005322
Layer 1: mean node feature std = 0.595471
Layer 0: mean node feature std = 0.981131
Layer 1: mean node feature std = 0.580144
Layer 0: mean node feature std = 0.971603
Layer 1: mean node feature std = 0.574390
Layer 0: mean node feature std = 1.051340
Layer 1: mean node feature std = 0.625286
Epoch 480 | loss=1176.6838 | 1434.2438
Layer 0: mean node feature std = 0.992327
Layer 1: mean node feature std = 0.587190
Layer 0: mean node feature std = 0.988869
Layer 1: mean node feature std = 0.585358
Layer 0: mean node feature std = 0.984362
Layer 1: mean node feature std = 0.582388
Layer 0: mean node feature std = 0.996572
Layer 1: mean node feature std = 0.590182
Layer 0: mean node feature std = 0.986807
Layer 1: mean node feature std = 0.583971
Layer 0: mean node feature std = 0.982095
Layer 1: mean node feature std = 0.581415
Layer 0: mean node feature std = 0.997510
Layer 1: mean node feature std = 0.590996
Layer 0: mean node feature std = 1.029866
Layer 1: mean node feature std = 0.611261
Layer 0: mean node feature std = 0.993816
Layer 1: mean node feature std = 0.588838
Layer 0: mean node feature std = 1.005336
Layer 1: mean node feature std = 0.596213
Layer 0: mean node feature std = 0.961951
Layer 1: mean node feature std = 0.569117
Layer 0: mean node feature std = 1.007857
Layer 1: mean node feature std = 0.597841
Layer 0: mean node feature std = 1.021427
Layer 1: mean node feature std = 0.606642
Layer 0: mean node feature std = 0.975545
Layer 1: mean node feature std = 0.577745
Layer 0: mean node feature std = 0.998608
Layer 1: mean node feature std = 0.592565
Layer 0: mean node feature std = 1.054730
Layer 1: mean node feature std = 0.627177
Epoch 481 | loss=1200.0452 | 1274.6931
Layer 0: mean node feature std = 0.979649
Layer 1: mean node feature std = 0.580104
Layer 0: mean node feature std = 0.996232
Layer 1: mean node feature std = 0.590910
Layer 0: mean node feature std = 0.987120
Layer 1: mean node feature std = 0.585392
Layer 0: mean node feature std = 1.013116
Layer 1: mean node feature std = 0.601767
Layer 0: mean node feature std = 1.003757
Layer 1: mean node feature std = 0.596045
Layer 0: mean node feature std = 0.985630
Layer 1: mean node feature std = 0.584507
Layer 0: mean node feature std = 0.989602
Layer 1: mean node feature std = 0.587032
Layer 0: mean node feature std = 0.997958
Layer 1: mean node feature std = 0.592551
Layer 0: mean node feature std = 0.959805
Layer 1: mean node feature std = 0.568421
Layer 0: mean node feature std = 1.020136
Layer 1: mean node feature std = 0.606626
Layer 0: mean node feature std = 1.010177
Layer 1: mean node feature std = 0.600394
Layer 0: mean node feature std = 1.010260
Layer 1: mean node feature std = 0.600412
Layer 0: mean node feature std = 0.986549
Layer 1: mean node feature std = 0.585649
Layer 0: mean node feature std = 1.005315
Layer 1: mean node feature std = 0.597343
Layer 0: mean node feature std = 0.997200
Layer 1: mean node feature std = 0.592567
Layer 0: mean node feature std = 0.950412
Layer 1: mean node feature std = 0.563906
Epoch 482 | loss=1206.3783 | 1271.5968
Layer 0: mean node feature std = 1.012462
Layer 1: mean node feature std = 0.602307
Layer 0: mean node feature std = 1.005979
Layer 1: mean node feature std = 0.598064
Layer 0: mean node feature std = 1.002814
Layer 1: mean node feature std = 0.596274
Layer 0: mean node feature std = 1.012649
Layer 1: mean node feature std = 0.602606
Layer 0: mean node feature std = 0.977343
Layer 1: mean node feature std = 0.580336
Layer 0: mean node feature std = 0.990859
Layer 1: mean node feature std = 0.588977
Layer 0: mean node feature std = 0.980920
Layer 1: mean node feature std = 0.582648
Layer 0: mean node feature std = 1.010839
Layer 1: mean node feature std = 0.601782
Layer 0: mean node feature std = 0.994972
Layer 1: mean node feature std = 0.592063
Layer 0: mean node feature std = 0.961925
Layer 1: mean node feature std = 0.570950
Layer 0: mean node feature std = 1.021574
Layer 1: mean node feature std = 0.608735
Layer 0: mean node feature std = 0.973430
Layer 1: mean node feature std = 0.578233
Layer 0: mean node feature std = 1.009342
Layer 1: mean node feature std = 0.600883
Layer 0: mean node feature std = 0.973120
Layer 1: mean node feature std = 0.578300
Layer 0: mean node feature std = 1.003097
Layer 1: mean node feature std = 0.597218
Layer 0: mean node feature std = 1.010055
Layer 1: mean node feature std = 0.601391
Epoch 483 | loss=1182.4432 | 1688.7351
Layer 0: mean node feature std = 0.995132
Layer 1: mean node feature std = 0.592251
Layer 0: mean node feature std = 1.009317
Layer 1: mean node feature std = 0.601691
Layer 0: mean node feature std = 1.018205
Layer 1: mean node feature std = 0.607136
Layer 0: mean node feature std = 0.993065
Layer 1: mean node feature std = 0.591146
Layer 0: mean node feature std = 0.954780
Layer 1: mean node feature std = 0.567035
Layer 0: mean node feature std = 0.998713
Layer 1: mean node feature std = 0.594994
Layer 0: mean node feature std = 1.020314
Layer 1: mean node feature std = 0.608586
Layer 0: mean node feature std = 0.990377
Layer 1: mean node feature std = 0.589511
Layer 0: mean node feature std = 0.979826
Layer 1: mean node feature std = 0.583354
Layer 0: mean node feature std = 0.992668
Layer 1: mean node feature std = 0.591191
Layer 0: mean node feature std = 0.991747
Layer 1: mean node feature std = 0.590913
Layer 0: mean node feature std = 0.997290
Layer 1: mean node feature std = 0.594391
Layer 0: mean node feature std = 1.008768
Layer 1: mean node feature std = 0.601478
Layer 0: mean node feature std = 0.978348
Layer 1: mean node feature std = 0.582603
Layer 0: mean node feature std = 1.005477
Layer 1: mean node feature std = 0.599628
Layer 0: mean node feature std = 0.995645
Layer 1: mean node feature std = 0.593085
Epoch 484 | loss=1167.3942 | 1553.1264
Layer 0: mean node feature std = 0.987160
Layer 1: mean node feature std = 0.587920
Layer 0: mean node feature std = 0.983784
Layer 1: mean node feature std = 0.585724
Layer 0: mean node feature std = 0.989002
Layer 1: mean node feature std = 0.589596
Layer 0: mean node feature std = 1.008447
Layer 1: mean node feature std = 0.601475
Layer 0: mean node feature std = 0.991032
Layer 1: mean node feature std = 0.590904
Layer 0: mean node feature std = 0.987503
Layer 1: mean node feature std = 0.588731
Layer 0: mean node feature std = 0.988649
Layer 1: mean node feature std = 0.589510
Layer 0: mean node feature std = 0.997567
Layer 1: mean node feature std = 0.595437
Layer 0: mean node feature std = 1.019570
Layer 1: mean node feature std = 0.609635
Layer 0: mean node feature std = 0.988862
Layer 1: mean node feature std = 0.589948
Layer 0: mean node feature std = 1.012693
Layer 1: mean node feature std = 0.605417
Layer 0: mean node feature std = 1.000450
Layer 1: mean node feature std = 0.597255
Layer 0: mean node feature std = 0.989802
Layer 1: mean node feature std = 0.590808
Layer 0: mean node feature std = 0.986461
Layer 1: mean node feature std = 0.588451
Layer 0: mean node feature std = 1.008238
Layer 1: mean node feature std = 0.602356
Layer 0: mean node feature std = 0.967941
Layer 1: mean node feature std = 0.576613
Epoch 485 | loss=1210.8829 | 1247.2203
Layer 0: mean node feature std = 1.007338
Layer 1: mean node feature std = 0.602068
Layer 0: mean node feature std = 1.000423
Layer 1: mean node feature std = 0.597685
Layer 0: mean node feature std = 0.988019
Layer 1: mean node feature std = 0.589686
Layer 0: mean node feature std = 1.008754
Layer 1: mean node feature std = 0.603426
Layer 0: mean node feature std = 0.985793
Layer 1: mean node feature std = 0.588822
Layer 0: mean node feature std = 0.995698
Layer 1: mean node feature std = 0.594943
Layer 0: mean node feature std = 0.993910
Layer 1: mean node feature std = 0.594023
Layer 0: mean node feature std = 0.986230
Layer 1: mean node feature std = 0.589300
Layer 0: mean node feature std = 0.972885
Layer 1: mean node feature std = 0.580867
Layer 0: mean node feature std = 0.997760
Layer 1: mean node feature std = 0.596785
Layer 0: mean node feature std = 1.017512
Layer 1: mean node feature std = 0.609402
Layer 0: mean node feature std = 0.976448
Layer 1: mean node feature std = 0.583242
Layer 0: mean node feature std = 1.002315
Layer 1: mean node feature std = 0.599868
Layer 0: mean node feature std = 1.016739
Layer 1: mean node feature std = 0.608946
Layer 0: mean node feature std = 0.983117
Layer 1: mean node feature std = 0.587882
Layer 0: mean node feature std = 1.001442
Layer 1: mean node feature std = 0.599250
Epoch 486 | loss=1229.8341 | 1387.0827
Layer 0: mean node feature std = 0.999691
Layer 1: mean node feature std = 0.598624
Layer 0: mean node feature std = 1.010709
Layer 1: mean node feature std = 0.605636
Layer 0: mean node feature std = 0.976320
Layer 1: mean node feature std = 0.583751
Layer 0: mean node feature std = 0.975455
Layer 1: mean node feature std = 0.583379
Layer 0: mean node feature std = 1.020757
Layer 1: mean node feature std = 0.612222
Layer 0: mean node feature std = 1.007299
Layer 1: mean node feature std = 0.603537
Layer 0: mean node feature std = 0.989877
Layer 1: mean node feature std = 0.592387
Layer 0: mean node feature std = 1.004545
Layer 1: mean node feature std = 0.602164
Layer 0: mean node feature std = 1.025367
Layer 1: mean node feature std = 0.615288
Layer 0: mean node feature std = 0.991063
Layer 1: mean node feature std = 0.593406
Layer 0: mean node feature std = 0.986696
Layer 1: mean node feature std = 0.590799
Layer 0: mean node feature std = 0.982660
Layer 1: mean node feature std = 0.588456
Layer 0: mean node feature std = 0.987152
Layer 1: mean node feature std = 0.591195
Layer 0: mean node feature std = 0.998975
Layer 1: mean node feature std = 0.598969
Layer 0: mean node feature std = 0.977727
Layer 1: mean node feature std = 0.585204
Layer 0: mean node feature std = 0.994224
Layer 1: mean node feature std = 0.596154
Epoch 487 | loss=1217.7393 | 1269.9538
Layer 0: mean node feature std = 0.986318
Layer 1: mean node feature std = 0.590745
Layer 0: mean node feature std = 0.975334
Layer 1: mean node feature std = 0.583903
Layer 0: mean node feature std = 1.006618
Layer 1: mean node feature std = 0.603963
Layer 0: mean node feature std = 1.007014
Layer 1: mean node feature std = 0.604498
Layer 0: mean node feature std = 0.994370
Layer 1: mean node feature std = 0.596340
Layer 0: mean node feature std = 1.007101
Layer 1: mean node feature std = 0.604474
Layer 0: mean node feature std = 1.002769
Layer 1: mean node feature std = 0.601696
Layer 0: mean node feature std = 1.001463
Layer 1: mean node feature std = 0.600764
Layer 0: mean node feature std = 0.988978
Layer 1: mean node feature std = 0.593112
Layer 0: mean node feature std = 0.965601
Layer 1: mean node feature std = 0.578220
Layer 0: mean node feature std = 0.992325
Layer 1: mean node feature std = 0.595358
Layer 0: mean node feature std = 0.997226
Layer 1: mean node feature std = 0.598345
Layer 0: mean node feature std = 1.015995
Layer 1: mean node feature std = 0.610624
Layer 0: mean node feature std = 0.952148
Layer 1: mean node feature std = 0.569738
Layer 0: mean node feature std = 1.033062
Layer 1: mean node feature std = 0.621517
Layer 0: mean node feature std = 1.036743
Layer 1: mean node feature std = 0.623530
Epoch 488 | loss=1291.8023 | 1304.4477
Layer 0: mean node feature std = 0.984482
Layer 1: mean node feature std = 0.590612
Layer 0: mean node feature std = 0.975181
Layer 1: mean node feature std = 0.584308
Layer 0: mean node feature std = 1.010432
Layer 1: mean node feature std = 0.607219
Layer 0: mean node feature std = 1.009168
Layer 1: mean node feature std = 0.606736
Layer 0: mean node feature std = 1.003512
Layer 1: mean node feature std = 0.603016
Layer 0: mean node feature std = 1.019007
Layer 1: mean node feature std = 0.613155
Layer 0: mean node feature std = 0.990801
Layer 1: mean node feature std = 0.595133
Layer 0: mean node feature std = 1.001408
Layer 1: mean node feature std = 0.601879
Layer 0: mean node feature std = 0.993549
Layer 1: mean node feature std = 0.596682
Layer 0: mean node feature std = 0.980800
Layer 1: mean node feature std = 0.588884
Layer 0: mean node feature std = 0.998883
Layer 1: mean node feature std = 0.600504
Layer 0: mean node feature std = 0.981025
Layer 1: mean node feature std = 0.589068
Layer 0: mean node feature std = 1.019505
Layer 1: mean node feature std = 0.613758
Layer 0: mean node feature std = 0.975186
Layer 1: mean node feature std = 0.585227
Layer 0: mean node feature std = 0.994773
Layer 1: mean node feature std = 0.598074
Layer 0: mean node feature std = 0.975999
Layer 1: mean node feature std = 0.586700
Epoch 489 | loss=1228.8697 | 1271.7857
Layer 0: mean node feature std = 1.018852
Layer 1: mean node feature std = 0.613800
Layer 0: mean node feature std = 1.008130
Layer 1: mean node feature std = 0.607028
Layer 0: mean node feature std = 0.974598
Layer 1: mean node feature std = 0.585231
Layer 0: mean node feature std = 1.011469
Layer 1: mean node feature std = 0.609129
Layer 0: mean node feature std = 0.986560
Layer 1: mean node feature std = 0.593262
Layer 0: mean node feature std = 0.982260
Layer 1: mean node feature std = 0.590413
Layer 0: mean node feature std = 0.992878
Layer 1: mean node feature std = 0.597594
Layer 0: mean node feature std = 0.998931
Layer 1: mean node feature std = 0.601210
Layer 0: mean node feature std = 0.987061
Layer 1: mean node feature std = 0.593580
Layer 0: mean node feature std = 1.009440
Layer 1: mean node feature std = 0.608387
Layer 0: mean node feature std = 0.990876
Layer 1: mean node feature std = 0.596239
Layer 0: mean node feature std = 0.989740
Layer 1: mean node feature std = 0.595859
Layer 0: mean node feature std = 1.007111
Layer 1: mean node feature std = 0.606776
Layer 0: mean node feature std = 0.979649
Layer 1: mean node feature std = 0.589274
Layer 0: mean node feature std = 0.992539
Layer 1: mean node feature std = 0.597676
Layer 0: mean node feature std = 1.016623
Layer 1: mean node feature std = 0.613184
Epoch 490 | loss=1182.9072 | 1616.9264
Layer 0: mean node feature std = 0.991691
Layer 1: mean node feature std = 0.596866
Layer 0: mean node feature std = 1.008013
Layer 1: mean node feature std = 0.607620
Layer 0: mean node feature std = 1.007261
Layer 1: mean node feature std = 0.607318
Layer 0: mean node feature std = 0.996290
Layer 1: mean node feature std = 0.600387
Layer 0: mean node feature std = 0.989673
Layer 1: mean node feature std = 0.596130
Layer 0: mean node feature std = 0.991686
Layer 1: mean node feature std = 0.597520
Layer 0: mean node feature std = 0.996767
Layer 1: mean node feature std = 0.600955
Layer 0: mean node feature std = 0.972175
Layer 1: mean node feature std = 0.585169
Layer 0: mean node feature std = 0.982995
Layer 1: mean node feature std = 0.592059
Layer 0: mean node feature std = 0.995199
Layer 1: mean node feature std = 0.600255
Layer 0: mean node feature std = 0.975211
Layer 1: mean node feature std = 0.587421
Layer 0: mean node feature std = 0.995507
Layer 1: mean node feature std = 0.600214
Layer 0: mean node feature std = 1.003017
Layer 1: mean node feature std = 0.605080
Layer 0: mean node feature std = 1.043823
Layer 1: mean node feature std = 0.631517
Layer 0: mean node feature std = 0.981063
Layer 1: mean node feature std = 0.591190
Layer 0: mean node feature std = 1.015138
Layer 1: mean node feature std = 0.613031
Epoch 491 | loss=1166.4111 | 1297.5025
Layer 0: mean node feature std = 1.005921
Layer 1: mean node feature std = 0.607259
Layer 0: mean node feature std = 0.992666
Layer 1: mean node feature std = 0.598618
Layer 0: mean node feature std = 0.999575
Layer 1: mean node feature std = 0.603288
Layer 0: mean node feature std = 0.994448
Layer 1: mean node feature std = 0.599813
Layer 0: mean node feature std = 1.000138
Layer 1: mean node feature std = 0.603906
Layer 0: mean node feature std = 0.989833
Layer 1: mean node feature std = 0.597041
Layer 0: mean node feature std = 1.009201
Layer 1: mean node feature std = 0.609702
Layer 0: mean node feature std = 0.990184
Layer 1: mean node feature std = 0.597288
Layer 0: mean node feature std = 0.978380
Layer 1: mean node feature std = 0.589889
Layer 0: mean node feature std = 0.966656
Layer 1: mean node feature std = 0.582535
Layer 0: mean node feature std = 1.023309
Layer 1: mean node feature std = 0.618963
Layer 0: mean node feature std = 0.998073
Layer 1: mean node feature std = 0.603173
Layer 0: mean node feature std = 0.986875
Layer 1: mean node feature std = 0.595501
Layer 0: mean node feature std = 0.997313
Layer 1: mean node feature std = 0.602620
Layer 0: mean node feature std = 1.000386
Layer 1: mean node feature std = 0.604726
Layer 0: mean node feature std = 1.001350
Layer 1: mean node feature std = 0.605146
Epoch 492 | loss=1162.2709 | 1350.6383
Layer 0: mean node feature std = 0.994498
Layer 1: mean node feature std = 0.600923
Layer 0: mean node feature std = 0.995833
Layer 1: mean node feature std = 0.602040
Layer 0: mean node feature std = 1.015890
Layer 1: mean node feature std = 0.614984
Layer 0: mean node feature std = 0.968928
Layer 1: mean node feature std = 0.584566
Layer 0: mean node feature std = 1.043038
Layer 1: mean node feature std = 0.632289
Layer 0: mean node feature std = 0.991226
Layer 1: mean node feature std = 0.598844
Layer 0: mean node feature std = 1.014740
Layer 1: mean node feature std = 0.613908
Layer 0: mean node feature std = 0.965941
Layer 1: mean node feature std = 0.583002
Layer 0: mean node feature std = 1.011301
Layer 1: mean node feature std = 0.612303
Layer 0: mean node feature std = 0.975280
Layer 1: mean node feature std = 0.588834
Layer 0: mean node feature std = 0.973280
Layer 1: mean node feature std = 0.587861
Layer 0: mean node feature std = 0.987528
Layer 1: mean node feature std = 0.597194
Layer 0: mean node feature std = 0.993182
Layer 1: mean node feature std = 0.601037
Layer 0: mean node feature std = 0.996708
Layer 1: mean node feature std = 0.603330
Layer 0: mean node feature std = 1.003839
Layer 1: mean node feature std = 0.607960
Layer 0: mean node feature std = 1.010651
Layer 1: mean node feature std = 0.612704
Epoch 493 | loss=1232.2403 | 1448.0789
Layer 0: mean node feature std = 0.965444
Layer 1: mean node feature std = 0.583342
Layer 0: mean node feature std = 0.981353
Layer 1: mean node feature std = 0.593580
Layer 0: mean node feature std = 0.979855
Layer 1: mean node feature std = 0.592638
Layer 0: mean node feature std = 0.989128
Layer 1: mean node feature std = 0.598736
Layer 0: mean node feature std = 0.993322
Layer 1: mean node feature std = 0.601081
Layer 0: mean node feature std = 1.000618
Layer 1: mean node feature std = 0.606300
Layer 0: mean node feature std = 1.009605
Layer 1: mean node feature std = 0.612034
Layer 0: mean node feature std = 1.018327
Layer 1: mean node feature std = 0.617831
Layer 0: mean node feature std = 1.012379
Layer 1: mean node feature std = 0.613758
Layer 0: mean node feature std = 0.982306
Layer 1: mean node feature std = 0.594451
Layer 0: mean node feature std = 1.018236
Layer 1: mean node feature std = 0.617876
Layer 0: mean node feature std = 1.028270
Layer 1: mean node feature std = 0.624539
Layer 0: mean node feature std = 0.969356
Layer 1: mean node feature std = 0.586861
Layer 0: mean node feature std = 0.980356
Layer 1: mean node feature std = 0.593694
Layer 0: mean node feature std = 1.005297
Layer 1: mean node feature std = 0.609801
Layer 0: mean node feature std = 0.996570
Layer 1: mean node feature std = 0.604611
Epoch 494 | loss=1152.7142 | 1688.3140
Layer 0: mean node feature std = 0.970357
Layer 1: mean node feature std = 0.587328
Layer 0: mean node feature std = 0.995769
Layer 1: mean node feature std = 0.603951
Layer 0: mean node feature std = 1.011612
Layer 1: mean node feature std = 0.614130
Layer 0: mean node feature std = 1.001406
Layer 1: mean node feature std = 0.607579
Layer 0: mean node feature std = 0.997308
Layer 1: mean node feature std = 0.605036
Layer 0: mean node feature std = 0.998887
Layer 1: mean node feature std = 0.606150
Layer 0: mean node feature std = 0.992103
Layer 1: mean node feature std = 0.601542
Layer 0: mean node feature std = 0.995085
Layer 1: mean node feature std = 0.603892
Layer 0: mean node feature std = 1.008543
Layer 1: mean node feature std = 0.612663
Layer 0: mean node feature std = 0.972706
Layer 1: mean node feature std = 0.589622
Layer 0: mean node feature std = 0.997548
Layer 1: mean node feature std = 0.605398
Layer 0: mean node feature std = 0.966075
Layer 1: mean node feature std = 0.585019
Layer 0: mean node feature std = 1.001367
Layer 1: mean node feature std = 0.607944
Layer 0: mean node feature std = 1.016733
Layer 1: mean node feature std = 0.618275
Layer 0: mean node feature std = 1.002782
Layer 1: mean node feature std = 0.609176
Layer 0: mean node feature std = 1.026285
Layer 1: mean node feature std = 0.624238
Epoch 495 | loss=1227.4353 | 1390.7265
Layer 0: mean node feature std = 0.992158
Layer 1: mean node feature std = 0.602338
Layer 0: mean node feature std = 0.996612
Layer 1: mean node feature std = 0.605245
Layer 0: mean node feature std = 0.982175
Layer 1: mean node feature std = 0.596389
Layer 0: mean node feature std = 1.001977
Layer 1: mean node feature std = 0.609170
Layer 0: mean node feature std = 1.006878
Layer 1: mean node feature std = 0.612078
Layer 0: mean node feature std = 1.022406
Layer 1: mean node feature std = 0.622051
Layer 0: mean node feature std = 0.994370
Layer 1: mean node feature std = 0.604401
Layer 0: mean node feature std = 0.988237
Layer 1: mean node feature std = 0.600126
Layer 0: mean node feature std = 0.984435
Layer 1: mean node feature std = 0.598037
Layer 0: mean node feature std = 1.002717
Layer 1: mean node feature std = 0.609904
Layer 0: mean node feature std = 0.993591
Layer 1: mean node feature std = 0.604037
Layer 0: mean node feature std = 0.982350
Layer 1: mean node feature std = 0.596874
Layer 0: mean node feature std = 0.975047
Layer 1: mean node feature std = 0.592131
Layer 0: mean node feature std = 0.991437
Layer 1: mean node feature std = 0.603069
Layer 0: mean node feature std = 1.021712
Layer 1: mean node feature std = 0.622489
Layer 0: mean node feature std = 0.984569
Layer 1: mean node feature std = 0.598807
Epoch 496 | loss=1158.0653 | 1546.5308
Layer 0: mean node feature std = 1.007082
Layer 1: mean node feature std = 0.613119
Layer 0: mean node feature std = 1.000815
Layer 1: mean node feature std = 0.609308
Layer 0: mean node feature std = 0.991558
Layer 1: mean node feature std = 0.603284
Layer 0: mean node feature std = 0.984084
Layer 1: mean node feature std = 0.598218
Layer 0: mean node feature std = 0.978722
Layer 1: mean node feature std = 0.594988
Layer 0: mean node feature std = 1.005340
Layer 1: mean node feature std = 0.612320
Layer 0: mean node feature std = 0.984238
Layer 1: mean node feature std = 0.598645
Layer 0: mean node feature std = 0.993460
Layer 1: mean node feature std = 0.604847
Layer 0: mean node feature std = 1.004134
Layer 1: mean node feature std = 0.611789
Layer 0: mean node feature std = 1.012817
Layer 1: mean node feature std = 0.617438
Layer 0: mean node feature std = 0.986720
Layer 1: mean node feature std = 0.600724
Layer 0: mean node feature std = 1.000768
Layer 1: mean node feature std = 0.609490
Layer 0: mean node feature std = 0.999196
Layer 1: mean node feature std = 0.608576
Layer 0: mean node feature std = 0.968651
Layer 1: mean node feature std = 0.588986
Layer 0: mean node feature std = 1.008444
Layer 1: mean node feature std = 0.614686
Layer 0: mean node feature std = 1.038292
Layer 1: mean node feature std = 0.634903
Epoch 497 | loss=1162.4993 | 1528.8312
Layer 0: mean node feature std = 1.014207
Layer 1: mean node feature std = 0.618744
Layer 0: mean node feature std = 0.989727
Layer 1: mean node feature std = 0.602885
Layer 0: mean node feature std = 1.012135
Layer 1: mean node feature std = 0.617662
Layer 0: mean node feature std = 1.006536
Layer 1: mean node feature std = 0.613774
Layer 0: mean node feature std = 1.004479
Layer 1: mean node feature std = 0.612472
Layer 0: mean node feature std = 0.988056
Layer 1: mean node feature std = 0.602108
Layer 0: mean node feature std = 0.988120
Layer 1: mean node feature std = 0.601967
Layer 0: mean node feature std = 1.015678
Layer 1: mean node feature std = 0.620358
Layer 0: mean node feature std = 1.011907
Layer 1: mean node feature std = 0.617684
Layer 0: mean node feature std = 0.980751
Layer 1: mean node feature std = 0.597589
Layer 0: mean node feature std = 0.984457
Layer 1: mean node feature std = 0.600095
Layer 0: mean node feature std = 0.996016
Layer 1: mean node feature std = 0.607843
Layer 0: mean node feature std = 0.979935
Layer 1: mean node feature std = 0.597143
Layer 0: mean node feature std = 0.977093
Layer 1: mean node feature std = 0.595417
Layer 0: mean node feature std = 0.981976
Layer 1: mean node feature std = 0.598504
Layer 0: mean node feature std = 1.011395
Layer 1: mean node feature std = 0.618196
Epoch 498 | loss=1166.3269 | 1450.2427
Layer 0: mean node feature std = 1.008049
Layer 1: mean node feature std = 0.616018
Layer 0: mean node feature std = 0.988867
Layer 1: mean node feature std = 0.603495
Layer 0: mean node feature std = 0.982502
Layer 1: mean node feature std = 0.599413
Layer 0: mean node feature std = 1.015398
Layer 1: mean node feature std = 0.620582
Layer 0: mean node feature std = 0.984650
Layer 1: mean node feature std = 0.601005
Layer 0: mean node feature std = 0.968002
Layer 1: mean node feature std = 0.590018
Layer 0: mean node feature std = 0.994485
Layer 1: mean node feature std = 0.607240
Layer 0: mean node feature std = 1.014588
Layer 1: mean node feature std = 0.620237
Layer 0: mean node feature std = 0.972236
Layer 1: mean node feature std = 0.592993
Layer 0: mean node feature std = 1.006462
Layer 1: mean node feature std = 0.615363
Layer 0: mean node feature std = 0.991396
Layer 1: mean node feature std = 0.605517
Layer 0: mean node feature std = 0.988854
Layer 1: mean node feature std = 0.603902
Layer 0: mean node feature std = 1.000646
Layer 1: mean node feature std = 0.611884
Layer 0: mean node feature std = 1.013218
Layer 1: mean node feature std = 0.619864
Layer 0: mean node feature std = 0.997943
Layer 1: mean node feature std = 0.610181
Layer 0: mean node feature std = 1.031541
Layer 1: mean node feature std = 0.631526
Epoch 499 | loss=1190.6596 | 1281.1197
saved head_array to checkpoints/head_array_Apr08.pth
Loss curves saved to: /home/goatoine/Documents/Lanyue/models/GNN/result/May1_all_1_evaluator/loss_curves.png

📊 Loss Statistics:
Final Training Loss: 1190.659592
Final Validation Loss: 1281.119675
Best Validation Loss: 1247.220299 (Epoch 486)
Loss data saved to: /home/goatoine/Documents/Lanyue/models/GNN/result/May1_all_1_evaluator/loss_data.csv
===== TRUE DATA DIAGNOSTICS =====
Y overall std: 43.761005
per-instance spread median: 56.436012
per-instance spread mean: 77.0322
================================
[TEST] {'rmse_all_pairs': 37.859230041503906, 'rmse_true_min_entry': 21.34699249267578, 'regret': {'regret_mean': 10.85892105102539, 'regret_median': 4.520036697387695, 'regret_p90': 25.563881683349603}, 'N': 324, 'K': 15, 'regret_compare': {'global_best_mean_strategy': 6, 'model_selected_regret': {'mean': 10.85892105102539, 'median': 4.520036697387695, 'p90': 25.563881683349603}, 'global_fixed_strategy_regret': {'mean': 21.05400848388672, 'median': 7.5704545974731445, 'p90': 55.17444686889648}}, 'virtual_strategy': {'name': 'Virtual_BestByPred', 'mean_selected_true_runtime': 35.18386459350586, 'mean_regret': 0.5160478353500366}}
